stage,iteration,negative_elbo,grad_norm,kl_beta,loglik,nu,omega,u,sigma,alpha_mean,phi_mean,jitter
residual,1,636230.3843513506,13508001.139518758,0.009523809523809525,-636195.2083416671,3.6643425080679517,0.8708586520056589,0.9510647902310739,0.36371050534452537,-0.19802204998056483,0.2859045243977813,1e-08
residual,2,1223699.4751040414,28347789.19259924,0.01904761904761905,-1223629.216851064,4.482976418651551,0.5497835952793687,-0.35510262897782174,0.3956760504791466,-0.4659356348645175,0.3050455720690029,1e-08
residual,3,132484.45226696768,2512986.023313486,0.02857142857142857,-132379.00129632017,6.592243684330798,0.8176662772240268,0.999918856867616,0.42014879018362694,-0.3099597175668683,0.2704593425777616,1e-08
residual,4,973246.0999710638,21199691.509154648,0.0380952380952381,-973105.4525112589,2.4504854422860562,1.3080347303943847,-0.44829806763381297,0.4251051520332519,0.2630220651053525,0.29295514039928994,1e-08
residual,5,33881.86256760881,558992.5935691213,0.047619047619047616,-33706.0369221874,3.2585852106237088,0.9224219134644224,0.4037603106664954,0.45264716811208006,-0.28526705923939955,0.251196525781051,1e-08
residual,6,111372.9814435868,2031075.0592399104,0.05714285714285714,-111161.85497454116,4.809835782453824,1.0597307853096307,-0.6776019793810598,0.41807463536929146,-0.11237148119082481,0.2653122125628907,1e-08
residual,7,6260901.849963179,157975121.53877285,0.06666666666666667,-6260655.760500004,5.250751496210196,0.9054849346611048,0.42236909758560304,0.48136946560525584,0.1412044351678672,0.3237100645680007,1e-08
residual,8,1831701.7342269255,42621018.605643034,0.0761904761904762,-1831420.3084136962,4.166592213493054,0.9752235398404495,-0.12229201574743254,0.44368795781965553,-0.06380029645970076,0.305644779676207,1e-08
residual,9,102658.87059980941,1861125.3237831427,0.08571428571428572,-102342.57749792527,2.8481392451967427,0.9572552740928766,-0.2782097554127737,0.41304896161286697,0.4612067204153618,0.2640921708295565,1e-08
residual,10,28252754.718872603,723856296.4635998,0.09523809523809523,-28252403.021482065,4.398892979321051,0.7510032959281328,0.19429655406290913,0.3899389925007395,-0.1184935356104869,0.3427825034429686,1e-08
residual,11,186935.62180534835,3508654.5972750694,0.10476190476190476,-186548.71876918842,5.293999988087182,1.0591224456298869,-0.2707215874670529,0.3801106130094248,-0.0008994998663095636,0.26947209267956623,1e-08
residual,12,1011416.3646044191,22715082.356359437,0.11428571428571428,-1010994.0964092223,3.550616368052699,0.8830935463840249,-0.3581321801372792,0.43521022519784686,-0.22107935506231569,0.2993414507325347,1e-08
residual,13,3670263.7539087017,88328001.73574059,0.12380952380952381,-3669806.313799965,3.4937686920670847,1.1271772669885585,-0.677250994839016,0.4272681277565861,-0.2559514195869061,0.3128274114826639,1e-08
residual,14,99025130.13755815,2385820896.262826,0.13333333333333333,-99024637.63473082,3.544269304372891,1.0903034554098083,-0.5739868632756824,0.426040284573742,-0.37413798244535484,0.35604731262450057,1e-08
residual,15,1476421.0417115025,33207279.804478295,0.14285714285714285,-1475893.2633199876,3.5801534408040903,1.1401465448188315,-0.7757323074683324,0.40489032082799875,-0.071974936306606,0.3006454351296173,1e-08
residual,16,41356.35070816404,678532.0243513751,0.1523809523809524,-40793.652817769645,4.97796189156535,0.9298649599824551,0.1501936059146456,0.4219370172833325,-0.13774891719237903,0.25326430400380207,1e-08
residual,17,71245739.64567307,1808162429.2723067,0.1619047619047619,-71245141.78580238,3.3986971571160822,1.1801218941156923,0.954424867247544,0.3797477728410902,-0.24173735335307253,0.34807334932338135,1e-08
residual,18,43309.09057239952,710962.2126829589,0.17142857142857143,-42676.370737143094,3.0647285235957953,0.8692966223667785,-0.33710569902203263,0.40450853912871615,0.11308387866745838,0.2530838653614332,1e-08
residual,19,58790.51034895177,944538.470626895,0.18095238095238095,-58122.405950351735,3.3059639978783926,1.1644795214870651,-0.5500269900541118,0.36728208186873107,-0.45410507748734397,0.25026701285461495,1e-08
residual,20,5835999.105050817,144129038.40630388,0.19047619047619047,-5835295.813532608,3.879944092195396,1.064407107802344,-0.08518176099193941,0.4406982676936636,-0.4520810241113025,0.32030205887821056,1e-08
residual,21,633306.6700516538,12854149.425271414,0.2,-632568.2614146658,2.847524840327784,1.3618591719541515,0.12340991531894674,0.36824899165467995,-0.07528615110799769,0.28274629218696784,1e-08
residual,22,73501464.38407302,1786600025.604796,0.20952380952380953,-73500690.47186987,2.7978433143689045,0.8691039624787882,0.6246903413567136,0.4328768813418187,-0.12192176155777688,0.3552688303651879,1e-08
residual,23,1061194.0764068183,23527696.985385887,0.21904761904761905,-1060385.082915481,2.5465600839814053,0.876065510192735,-0.41070356385140566,0.389663166541762,-0.008040577561349651,0.2983748262609301,1e-08
residual,24,97894.776125678,1732353.6893791913,0.22857142857142856,-97050.73932508762,4.175514143103152,0.9101087439832106,0.3073607836789437,0.37087225798973067,-0.007651338510883135,0.2613846214182981,1e-08
residual,25,95176.66732177125,1733979.1394604112,0.23809523809523808,-94297.57973043941,3.717404399902848,0.836463303181529,-0.6934492698529346,0.4293802372049988,-0.026416793931564146,0.26728474578633055,1e-08
residual,26,103491150.9517816,2500667903.254663,0.24761904761904763,-103490236.72275412,3.194975973345574,0.8757271156999682,0.8636926448695802,0.3727496310596888,-0.14634418508070668,0.35740544349563447,1e-08
residual,27,5995643.808614155,148184223.25367978,0.2571428571428571,-5994694.520042565,4.959733656416102,1.123914310748694,-0.12499344066395446,0.4454596394345091,0.056800787675832264,0.3196148868040928,1e-08
residual,28,71000.24755738057,1193619.6710999266,0.26666666666666666,-70016.36662272885,7.036326691813341,1.2296899770790528,-0.3581735448155449,0.4212723928797225,0.05504341758441145,0.25552553235035047,1e-08
residual,29,253628.60251546054,4963322.706729486,0.2761904761904762,-252609.41301388814,3.1662809375753502,1.0609031063297025,-0.14939405015948037,0.4369962369733444,-0.29767434591747105,0.2775856373084465,1e-08
residual,30,99699844.63423885,2371286034.39941,0.2857142857142857,-99698789.97843447,3.499240919185103,1.0198663504945173,-0.2328141005789789,0.4525133319958113,0.1881079329148154,0.3575180205146908,1e-08
residual,31,430671.58226512955,8606988.138640942,0.29523809523809524,-429581.6593090848,2.841751015250048,1.2011838796180416,0.21784374141988694,0.39458727909188346,0.172863601244001,0.2767487692620104,1e-08
residual,32,137781172.51913217,3287273595.2046347,0.3047619047619048,-137780047.25357604,4.26678604219989,1.1484141641779266,0.6420591281485856,0.4042762044008578,-0.14996066092436325,0.35845406503608745,1e-08
residual,33,695006.6901283305,15070088.422314925,0.3142857142857143,-693846.175104777,3.5232232116368767,0.9443001233644548,-0.45166689792739484,0.41254737882008935,-0.414206965054287,0.29210595325948363,1e-08
residual,34,122132.23475301695,2191173.6375380633,0.3238095238095238,-120937.14631407222,4.847313977361793,1.2139336533782839,-0.370033485065259,0.44323769997424767,0.1699595488691561,0.26482651409234864,1e-08
residual,35,154206.48941677524,2960486.651029133,0.3333333333333333,-152975.6673608088,3.7604512112220347,0.9118015793543379,-0.7854856032829008,0.46034963613469376,-0.043017223685815544,0.27432059263400216,1e-08
residual,36,182125.86992755922,3475259.3500897344,0.34285714285714286,-180860.0064781527,4.342141504163096,1.1361928542806312,0.4502818574322155,0.4574515356674492,0.013043876570168197,0.2732978004683793,1e-08
residual,37,303985107.99315524,4629816716.478924,0.3523809523809524,-303983808.05982995,2.5311252120060566,0.6758749383335337,-0.14099323080680948,0.44468850550267475,-0.12308404377018699,0.39136149382498564,1e-08
residual,38,92859.9999681424,1625931.717132719,0.3619047619047619,-91523.40710733666,3.6400761727292155,1.0994800276822767,-0.36716435699804006,0.4156790182655563,-0.14132921604309104,0.2623665031130032,1e-08
residual,39,780344.4988930617,17119415.108128566,0.37142857142857144,-778973.2680805103,3.7025121235775575,0.9581278863749667,0.2884653073057234,0.43541774756489227,-0.16896176447994068,0.2958509214300071,1e-08
residual,40,473007.71850487724,9932324.27628979,0.38095238095238093,-471600.9802178488,3.383972244835313,0.8398979369340682,-0.19283509300511514,0.4015681885962853,-0.31523346848395606,0.2880780533580844,1e-08
residual,41,926475.5439814728,20739222.395147987,0.3904761904761905,-925034.4537841233,3.78556908887715,0.7369729146200472,-0.34396993079805416,0.3891796282997229,0.0006010932248841803,0.29911449143025326,1e-08
residual,42,28302.59694080524,424035.07526262297,0.4,-26826.383762110432,3.4393482173448446,0.822547935984618,0.9012605122389475,0.40039964272882733,0.256671394724384,0.24564036694646316,1e-08
residual,43,148909.84812320617,2945243.061727201,0.4095238095238095,-147400.7551796645,4.092583381495195,0.5328568142354082,0.7792201941445428,0.40000617969200436,-0.13883739971479972,0.27905188814247245,1e-08
residual,44,111993.5906852787,2062239.539584855,0.41904761904761906,-110446.32493049289,3.8752153483077176,0.8805997785594643,0.09783222517929513,0.4499229916248227,-0.03182240546536396,0.2689427633349145,1e-08
residual,45,131002.93854484567,2416786.7954638135,0.42857142857142855,-129421.71860378694,4.801168438909476,0.7233323080629821,0.28526753110258485,0.36485671412523324,-0.14700977489387587,0.2692862231391364,1e-08
residual,46,1173931.685555453,26283543.00068759,0.4380952380952381,-1172314.1801631453,3.4949086549163555,0.905464798113367,0.2249554793864782,0.3964938022200979,0.07255512338199821,0.29790699552865746,1e-08
residual,47,66833.23726487035,1094516.8285007495,0.44761904761904764,-65181.98403443776,3.94361125655872,1.1639013236185478,0.017186312690539163,0.4073224305689431,0.2594454770135819,0.2527866897884718,1e-08
residual,48,139023.98545733315,2586750.6027616803,0.45714285714285713,-137336.28584859663,3.088886281433285,1.1610387280954197,0.07460333278841869,0.45489988706909085,-0.1731777761317665,0.2703282229273256,1e-08
residual,49,198964249.99553356,4074060281.17674,0.4666666666666667,-198962528.99026725,3.131914059681078,0.884721910642179,-0.6610834325708907,0.4037323306033977,0.2879835695315199,0.3698239150844411,1e-08
residual,50,1952459.196620357,44851205.689145125,0.47619047619047616,-1950701.4774888544,3.262582816900001,0.969535734085824,0.43171700451500106,0.38419326266964415,-0.17486781923612876,0.30370457504075005,1e-08
residual,51,1244498.235735956,27947912.267823458,0.4857142857142857,-1242705.4979395373,3.1581158085355616,1.1594066378287164,-0.6970605001835763,0.4560041879214442,-0.0061009220730562025,0.2999198354161293,1e-08
residual,52,751425957.969917,10665376327.491201,0.49523809523809526,-751424132.6947757,5.398136847862775,1.218255485526682,-0.7701941827246471,0.4316617240389618,0.16308772006976668,0.4001969729344165,1e-08
residual,53,1203965.6744002402,26884379.397154063,0.5047619047619047,-1202102.362361012,3.83425805063656,1.1021239173374404,-0.3258931352651014,0.41316219873169036,-0.1238244453111731,0.2983322107740851,1e-08
residual,54,7902718.483983948,197365121.5432112,0.5142857142857142,-7900823.337446808,7.35607841352386,1.023059811098174,0.2939814518338385,0.39968450149295653,-0.28616057493324054,0.3232146597837308,1e-08
residual,55,3411.7539372622527,15559.422875826876,0.5238095238095238,-1481.920146954323,5.392460157269185,0.9034048220661591,-0.48971905987534486,0.5230115180174482,-0.22932756270476046,0.2024195763136787,1e-08
residual,56,411529.59008022875,8402387.95347738,0.5333333333333333,-409561.8379305853,3.593557435676936,1.1723889667249154,1.4120999256361233,0.42610113256883636,0.21260774880420766,0.2837874370153948,1e-08
residual,57,103377.60227844377,1811761.032077135,0.5428571428571428,-101373.9745356553,2.895860517232568,0.9992218635583223,-0.5812210231937056,0.4020983339950485,-0.2631901292174113,0.26317943767900626,1e-08
residual,58,6980973.536209579,175193229.1115762,0.5523809523809524,-6978936.013447312,4.2732162882414,0.783206496415811,0.4668042212362352,0.41710672713976693,-0.12528402832576035,0.32618769003783005,1e-08
residual,59,122685.13991450949,2274682.6000860413,0.5619047619047619,-120612.93745799168,4.8166529307203785,1.0604754530405975,-0.39144898719666266,0.4717110340215222,-0.18466479733716815,0.268815918378,1e-08
residual,60,9444.470378690721,91256.75180070421,0.5714285714285714,-7339.066658722279,2.7626307506875474,0.9769386985606883,-0.5647644328842677,0.3663496356230931,-0.4933035738022316,0.21883234523837425,1e-08
residual,61,15096.374191573346,189943.0330974283,0.580952380952381,-12953.435626157641,4.036326857836139,0.880596968866057,0.8036347183261591,0.4392541547225126,-0.0021618878395622165,0.23668826355323294,1e-08
residual,62,323115.5269054878,6664325.507678296,0.5904761904761905,-320937.17335521564,2.9140439177396464,0.8625073615771952,-0.7012053920649026,0.44463200788857543,0.0076297359912400895,0.2839395893486221,1e-08
residual,63,5461229.126968514,135774921.51214635,0.6,-5459016.5598454485,4.71147201961275,0.7999928707903293,0.37332055472818493,0.4331357369122032,0.12954633120397746,0.32184929650082467,1e-08
residual,64,1226685.8851085687,27265807.621635113,0.6095238095238096,-1224437.9818950184,4.749312472176438,0.9682391282189898,0.07946732817116131,0.3828908802081146,-0.014891405679719291,0.2982574929936857,1e-08
residual,65,12464.803822981447,137290.07606270173,0.6190476190476191,-10182.184534125627,4.05665281737094,1.087983250332201,-0.20283289366688673,0.4003405769472072,0.0037332372992890613,0.22588787752348238,1e-08
residual,66,2709673.228781307,65906337.56591194,0.6285714285714286,-2707359.442166644,7.463448628575083,1.0862923590746065,-0.7471286537821676,0.5290413577029524,-0.1617658816674078,0.3155970391529855,1e-08
residual,67,3222328.7183031784,78199599.730728,0.638095238095238,-3219976.045216381,4.152688366128552,0.7818149712306187,-0.4218287335215369,0.4379384192790969,0.11457981380477933,0.31544638007417597,1e-08
residual,68,24680342.019997455,640013919.9584935,0.6476190476190476,-24677954.38191126,3.1322184597094367,1.1863881893979358,0.037663344853604674,0.4423562263137788,-0.41324164375294625,0.3375904487655257,1e-08
residual,69,15874.909811534302,186141.8078978715,0.6571428571428571,-13452.376331208114,4.949700965581698,1.0208414522239937,-0.35274668206711335,0.4036075498763333,0.13640569909350725,0.2309966900242181,1e-08
residual,70,9763505.84555329,248601167.22445723,0.6666666666666666,-9761048.002081849,4.763434880796891,1.0198697759171969,-0.35758846547124007,0.45459094758391766,0.09123135407066554,0.3265117747190766,1e-08
residual,71,9367.141347140341,92500.70830871424,0.6761904761904762,-6874.957813070717,3.3984356881347164,0.9040171626310667,0.3454214911148271,0.4759767067124771,-0.09670589258500288,0.22596639770880597,1e-08
residual,72,7754.291439664895,65090.683161152156,0.6857142857142857,-5227.9119419665685,4.651425795615122,1.0877440273906431,-0.3342072792963598,0.4524144456972257,-0.46617498361320786,0.21763419208212695,1e-08
residual,73,7674.563472491289,62172.364252018524,0.6952380952380952,-5115.362229825402,4.190838927422355,1.1860405021431284,-0.1930881745532087,0.43207165733130043,0.09754323629105419,0.21470292774201316,1e-08
residual,74,843687.7582811989,19099077.75943191,0.7047619047619048,-841091.2506646849,3.618119342478608,0.808531947669629,-0.7165992342480283,0.4436579312147458,0.053110234057842265,0.29879256186925046,1e-08
residual,75,106610.04605713744,1952996.295535131,0.7142857142857143,-103977.04931500724,3.757718211125604,0.9323895763489353,0.076468070463928,0.4925962352105841,-0.05426571685583059,0.26818158759953253,1e-08
residual,76,21096.864444157436,292558.8188657832,0.7238095238095238,-18430.561562242434,4.683213129599745,0.7399230634777524,0.15077748686442005,0.4601215193066176,-0.2442202321104602,0.2469611160931381,1e-08
residual,77,5971.55341286106,36388.23939848306,0.7333333333333333,-3271.3703881235447,4.825027933260063,1.1338215247467178,0.45673248647833653,0.4180790742979876,-0.4671884362066531,0.20474312386671825,1e-08
residual,78,29595.130321947276,412862.838425137,0.7428571428571429,-26857.997826946303,3.68788125060241,1.1931415573233841,-0.6690736364401058,0.4334459939163132,0.050743763598612254,0.24314218473681615,1e-08
residual,79,41826077.66695341,1053149940.4719193,0.7523809523809524,-41823306.984947704,4.063888051896133,0.8870268303140916,0.07242790317502334,0.5026086762460308,-0.2887339528803998,0.3529394231591939,1e-08
residual,80,516446.7071101954,10837495.970951593,0.7619047619047619,-513639.8111914719,3.322232544100835,0.9859553449548522,0.005726588302440994,0.4605369792372577,-0.34074868702395045,0.288413676776799,1e-08
residual,81,488254.33890581277,10284733.35543325,0.7714285714285715,-485413.1362501753,5.229161892670936,1.0337586692563097,-0.6961566901527326,0.44176681095393017,0.06139858344929693,0.28761950741933556,1e-08
residual,82,447119871.15015143,6037337875.758418,0.780952380952381,-447116996.07655096,4.499060876730258,0.9847159621279076,0.15154437629963702,0.46853528357096846,-0.004642180056211038,0.39323690976859166,1e-08
residual,83,32462.60086351192,478640.159613456,0.7904761904761904,-29552.90404988518,5.040010772390328,1.040477162035476,-0.22750050682727185,0.4824299425987246,0.09538989859286075,0.2504898173601221,1e-08
residual,84,4795381.391238301,117819895.22698568,0.8,-4792438.408506945,3.0899988006448336,1.2140164105926656,0.8565092515969243,0.45109721489870613,-0.3114102666882884,0.317690959397075,1e-08
residual,85,40664232.06602245,1041576062.3290762,0.8095238095238095,-40661251.78551712,3.827283056679277,0.9423549228580836,-0.5473550290640525,0.4625897987958208,-0.5147366956310723,0.3470550171343331,1e-08
residual,86,122913.5926025034,2207209.169666544,0.819047619047619,-119899.67424105629,5.955495246393707,1.1262535703550385,0.9920816833792373,0.43802807879800565,-0.13374924703882782,0.26874184199537565,1e-08
residual,87,8966372.903101817,225273205.05620584,0.8285714285714286,-8963321.728992205,4.232045638141951,1.1664927876223385,-0.45292005599851415,0.4169238705293326,0.15657602338171378,0.3236762619554885,1e-08
residual,88,219389.9915989226,4326211.000214066,0.8380952380952381,-216302.43312546876,3.9984506160988116,0.8562684552859483,0.3889006984407447,0.44098883323894394,-0.007211225724737481,0.2786455657464084,1e-08
residual,89,76575.75334003028,1283047.1295324625,0.8476190476190476,-73453.46726027827,3.574517232984653,1.0164490357936904,0.2551357361401513,0.42157278322152364,-0.18360190912652877,0.2586872509740134,1e-08
residual,90,69303.97123791261,1196912.5814617088,0.8571428571428571,-66146.88687001295,3.9766352592165637,0.8923202029294355,0.13121665672983907,0.4700857012374501,-0.2926615261865918,0.26461487916214843,1e-08
residual,91,7322028.908942441,186593826.7192864,0.8666666666666667,-7318838.25660587,3.002510883143228,0.9798944793996311,-0.44977431400160717,0.46323574289739994,0.07312614090490638,0.3268811753170422,1e-08
residual,92,616149.8593668886,13216259.33624404,0.8761904761904762,-612921.9146789431,3.4423471838651265,0.9295998804146858,0.16701003273838289,0.4178656075275648,-0.027142272815614557,0.2918311871224411,1e-08
residual,93,74001.14312250048,1224783.2535627338,0.8857142857142857,-70739.39174467146,3.169687525012887,1.213919010697546,-0.3119859905126189,0.45458546129917005,0.11252351383273441,0.25984669298342805,1e-08
residual,94,114412.92619603984,2048796.3400051182,0.8952380952380953,-111117.72191519628,5.706632255590481,1.1104676449198148,-0.5488351428356374,0.5088321985810025,-0.012994843810313461,0.26991690729670204,1e-08
residual,95,4415221.568767127,109280596.90994778,0.9047619047619048,-4411890.3481441215,2.8067668666291885,1.0375928127489762,-0.31151351700110635,0.4776251726948771,0.054671404928177396,0.31932970843484976,1e-08
residual,96,1009258.3310553916,23048031.626703985,0.9142857142857143,-1005890.2945554963,3.733083599485661,0.8627043661843444,-0.7501613559777482,0.45409809134385654,-0.1682392407472018,0.3027653920745768,1e-08
residual,97,803094.0319421467,17120497.52406519,0.9238095238095239,-799695.2983362081,2.724818906901903,1.249899707946875,-0.7246512302600566,0.4290124109500928,0.16215288048285764,0.29082184249589604,1e-08
residual,98,5152045.498651044,128054659.9008632,0.9333333333333333,-5148609.697114448,4.584149058234821,0.871132513690743,2.1215553116410493,0.44848778535698003,0.049170990747885744,0.32152811985825897,1e-08
residual,99,411684.0305246818,8855335.179482419,0.9428571428571428,-408214.2211363955,5.2761435794980756,0.9048411196366198,0.16999873030488966,0.5326851961781865,-0.07772726692891145,0.2915280099389941,1e-08
residual,100,11572.098618447115,106977.17824688833,0.9523809523809523,-8066.353080019727,5.237174978248984,1.1263389338890202,0.08852266215156213,0.4713526647205052,0.15219710259501085,0.2247502073550028,1e-08
residual,101,359523.2952755448,7308582.89926516,0.9619047619047619,-355980.65193648555,4.302056730857263,0.9957976424196936,-0.46200979131472847,0.4162239723490392,0.14629284901699263,0.28220627911379254,1e-08
residual,102,9770.934730063054,74971.68065837584,0.9714285714285714,-6197.222234280772,4.168718803315574,1.2183428825835836,0.27066365999635467,0.4090417912083656,-0.38802661869723776,0.21364064859839665,1e-08
residual,103,50219.16100131671,758955.7517168133,0.9809523809523809,-46607.64587574105,4.651684367288405,1.2070770165211127,0.12228683474356039,0.42142658957279466,-0.12611286067433955,0.2503340895331946,1e-08
residual,104,1066104.3837678412,23218040.9900522,0.9904761904761905,-1062460.9710517514,2.6039483358951907,1.4941892438351188,0.2688507606512657,0.4417154227116606,-0.45756306034037575,0.2942665833207027,1e-08
residual,105,6629.90120062144,34298.05854407869,1.0,-2949.726567999423,2.4582662048298114,0.8144752556183017,-0.3147402294630388,0.4483227478686493,-0.26562485580121536,0.21130092618859686,1e-08
residual,106,1871620.423082389,42902270.86275582,1.0,-1867938.9238222814,4.000523398875886,1.031918511708533,-0.4190653214400017,0.4191515407167012,-0.2609797250610976,0.30396542438955076,1e-08
residual,107,139802531.8679797,3152498909.3720565,1.0,-139798852.7933311,3.784333462205561,0.9734424316292587,-0.22976652286894483,0.4187908101173742,-0.39370480984806816,0.3650531270623605,1e-08
residual,108,36433.39108696804,519492.92035493284,1.0,-32750.834669684955,2.838147033999946,1.108590778619565,0.8736013448724768,0.43745765879212534,-0.1758395182044565,0.24906463493368308,1e-08
residual,109,10187.442569986822,85890.42092702341,1.0,-6506.803581618681,4.329654992370912,0.9475491981685167,0.32014353901092807,0.48244655006091036,-0.3707260116519986,0.22595666868452685,1e-08
residual,110,77238.7132293953,1295593.610090425,1.0,-73560.05517457298,5.652637264182728,1.0348659388569712,-0.6061639167194588,0.43527369382605957,-0.46943742142889466,0.2613265445363949,1e-08
residual,111,33019791.420994267,858921228.8412578,1.0,-33016111.514725354,5.327425891736603,1.1554488081639047,-0.30681090349386975,0.4433219119194079,-0.19664198282771045,0.3417424886121855,1e-08
residual,112,960992.7876259596,21484313.526040085,1.0,-957310.6291212684,4.2115348009654365,0.9449692446100929,0.08035860390054284,0.44493328157532097,-0.09918814883621259,0.3008581043720016,1e-08
residual,113,2920492.634411753,71072731.71073666,1.0,-2916813.7993579316,5.72283558161989,0.9532588107740992,-0.1407161870352044,0.49531014812604857,-0.01687666916315586,0.31674906492384686,1e-08
residual,114,11147.510614739354,100422.19349959574,1.0,-7467.720329572046,4.044806760935955,1.0682455886979043,-0.751219404882608,0.5117954532615893,0.0008918992404425823,0.22933304346657946,1e-08
residual,115,117738.69519562664,2143326.2637684867,1.0,-114056.91674625869,2.676006059955787,0.9262114379095403,-0.09640178547233846,0.45719787085898156,-0.14447855823432829,0.27026961838323255,1e-08
residual,116,277082.9052677409,5646727.724961727,1.0,-273403.1178946052,3.3136086058391863,0.6502333785184703,0.2621877928335886,0.4339335421812195,0.006238894168479054,0.28661522851780485,1e-08
residual,117,2960896.7699848497,71443216.52966142,1.0,-2957215.8851872464,3.2270791493053785,0.9168370903413064,-0.44540006077450345,0.441172103520503,-0.10122239730749573,0.31485298304319903,1e-08
residual,118,367833.3943616838,7318358.080851717,1.0,-364155.34746532753,6.191815710324825,1.2478645729834306,-0.23592156295449407,0.4268601243695435,-0.09078971636049539,0.28286547590019245,1e-08
residual,119,40767.49536071169,617985.4958308656,1.0,-37087.549466035256,2.5547382996023025,0.9614640041762721,-0.7206147199492218,0.46832556816016485,0.11877359231567529,0.25479942550256174,1e-08
residual,120,7667107.655783906,189101934.95144588,1.0,-7663435.6237580115,9.1649271971727,1.080057491421999,0.7056212816951218,0.3813978177230502,0.04164194067360117,0.3194857056488928,1e-08
residual,121,61419.87992251044,955667.7842624949,1.0,-57740.17629666087,3.3430827152637157,1.4085051350285995,0.14477380792454542,0.4427289873706552,-0.23453344621459477,0.25393368106690634,1e-08
residual,122,7726.946266823568,49285.41265089256,1.0,-4047.21523904823,4.1893761601940085,1.010511096436567,0.3220474762544513,0.48823974423155103,0.005656312276947335,0.21658855291564605,1e-08
residual,123,20642.32727970241,245331.50090371666,1.0,-16962.74615267683,5.294960010761352,1.0034556887186818,-0.7030762207408979,0.42226702849611725,-0.2453149890692224,0.23734122415518982,1e-08
residual,124,40216.568784349205,573048.5559029301,1.0,-36537.19749746189,3.042240593824453,1.0923509671602978,0.2867370926097851,0.4162824426857863,0.2428696555325502,0.24639996807306122,1e-08
residual,125,46552.92853262591,732743.4745902814,1.0,-42872.76314736883,3.636162112771214,0.9455153605047625,-0.7577459174163964,0.4974866122321376,0.04874451791082562,0.25925597191035216,1e-08
residual,126,2168426.1307999464,51438092.623260304,1.0,-2164749.177863384,4.412060070077251,0.9011666852291195,-0.19501039157454625,0.44471338645419567,0.09867022064197624,0.30952597881392235,1e-08
residual,127,58217.09064322924,966806.6648597803,1.0,-54537.572303415785,4.468989987471271,0.7581000752242794,-0.70984258763972,0.4404387968386219,-0.10206781129840897,0.26288369707263465,1e-08
residual,128,4648.185275286116,8732.14919535436,1.0,-971.6684792462521,3.680571584505829,0.6644797062738051,-0.2889305358600781,0.44992519910649914,-0.20847722332073593,0.19264120187178735,1e-08
residual,129,45678.27353605817,720630.7998769773,1.0,-41999.96787049936,4.339974404061793,0.862831609652349,-0.624596121643623,0.49307488831387825,-0.12309117752161895,0.25820649587354594,1e-08
residual,130,57889.97182173627,941464.6601934382,1.0,-54211.50044885544,3.0307252083260363,0.8609071833710913,0.5912835467030196,0.45508598986499826,0.022145495834083644,0.26054023111724284,1e-08
residual,131,3878998.3609855925,93063707.9317844,1.0,-3875322.105952747,3.600128143590542,1.3511356841832591,0.1347348726423272,0.45196152228869907,0.1515106235175251,0.3118096055992898,1e-08
residual,132,135902.44452904793,2481316.170942109,1.0,-132223.60744663855,3.424198522529438,1.0735389460328044,-0.4323789002420799,0.47604656505669063,0.10371383775428164,0.270520972071789,1e-08
residual,133,16030.12386816706,167559.97691779493,1.0,-12354.785218283818,3.1694319880098276,1.4487829146170776,0.6440207023858732,0.4674004566752265,0.2262867898069123,0.22943841320506517,1e-08
residual,134,49026.4841336261,781685.0912932878,1.0,-45348.65735440046,4.950711704920458,0.9456085801631277,-0.5152308625801019,0.4821389600507895,-0.22214912046729576,0.2587735690619751,1e-08
residual,135,1047132.5322541103,23798536.68972845,1.0,-1043456.0650772931,4.223994392663311,0.7458007517802335,-0.19925659292457276,0.4564864337261637,0.14366632894709885,0.3050041554882719,1e-08
residual,136,106264.43419149316,1909560.1045892814,1.0,-102585.18879631769,3.032847610398234,0.9149056150006784,-0.26948112831844084,0.4625542263140589,-0.018209415486102904,0.27034334484133443,1e-08
residual,137,166170.47130652575,3177070.337140049,1.0,-162492.5018317968,3.5211067959696827,1.0710859852244496,-0.5593461540519469,0.4861674196269639,0.15287778203078098,0.27568148576156376,1e-08
residual,138,40566.189567040885,588761.5367564844,1.0,-36888.8923763273,4.267902404433469,1.1661109560912877,-0.2417895804313891,0.4433587225932279,0.051464360723384395,0.2490100930019061,1e-08
residual,139,14089854.972289732,363011507.60440576,1.0,-14086178.557316933,2.576745027620992,0.7840173434148233,-0.15384790407610138,0.45414713820607533,-0.05091922668546338,0.3383155392094646,1e-08
residual,140,40492252.78493506,1047047859.619227,1.0,-40488578.67783619,6.154417034925516,1.302736110726647,-0.6125335602081288,0.43691233762142684,-0.21293019914095243,0.34489846160274845,1e-08
residual,141,501771.98431724985,10507338.936337883,1.0,-498095.8689807883,4.4751676564749125,1.0710426580836825,0.05206387710714366,0.4607160619392482,0.2799553138610203,0.2894510079238932,1e-08
residual,142,150872.65838288763,2761268.5136701334,1.0,-147195.03692998132,3.4792230601171847,0.8324969809336521,-0.6852579844788155,0.4090999522468281,-0.06075838678310102,0.27173132004567346,1e-08
residual,143,506322.94389880507,10752522.26601491,1.0,-502646.51517876115,4.694911906097794,0.9429779584075455,-0.04132231803948949,0.44809680602967844,0.02415343050626895,0.29084970677957805,1e-08
residual,144,13225.454243863012,123123.39532518464,1.0,-9549.987188034684,3.8698183462123508,1.0251903784064889,2.023753268787396,0.38542374049576,0.05898300212034259,0.22340611455076875,1e-08
residual,145,4370480.243213318,106657082.78378327,1.0,-4366803.080465938,4.279907027328797,1.1433810916128793,0.5888752763860233,0.4609205502087774,-0.14451063098702077,0.3175151791591249,1e-08
residual,146,19367.062077720537,237564.3574833574,1.0,-15689.466724523454,4.466970834158673,0.8069072499768647,-0.19189793883148853,0.45188754443276496,0.1426061902548914,0.24215098310046138,1e-08
residual,147,131044.98853062432,2383250.9931778745,1.0,-127366.82876116587,3.0743947968790426,0.8751117894561443,-0.22621613720745104,0.4036551837024728,0.10081537409111725,0.27144257604754685,1e-08
residual,148,375259.91188136087,7961687.528459299,1.0,-371583.55049296434,3.7787723553513626,0.6884289219089554,-0.7272252553352208,0.46980505862880656,-0.32406013998660527,0.2935256685363159,1e-08
residual,149,156261.1612491764,2846994.7338203937,1.0,-152582.08843826927,3.6365912071932778,1.1304193405362684,-0.18502385256432585,0.4510455889877367,-0.36212530567522977,0.2723215920149967,1e-08
residual,150,41761.65548553608,635695.1516289324,1.0,-38083.21048932786,5.590377136934817,0.8448986376800842,0.06250235422317674,0.45107317170253614,-0.11513835760227382,0.2547639275263978,1e-08
residual,151,25132.820768031277,329211.5506467148,1.0,-21455.27872710817,3.4931637114068543,1.1048900607432413,0.4551614491008721,0.4659734584022839,-0.20336983866125535,0.24379709704558758,1e-08
residual,152,730236.8529066283,15877728.344398571,1.0,-726558.0871431454,3.863697191317807,1.1108993293611658,-0.023698123362555168,0.4942452829735868,0.16233825835280344,0.29594424063053354,1e-08
residual,153,1640939.2267375216,37757359.4361029,1.0,-1637262.4455135134,7.319950666479409,1.1541679398813722,-0.4844815649290856,0.4622488258889858,-0.20123439189910045,0.3052976321898479,1e-08
residual,154,36593.262327214805,545614.3719703833,1.0,-32915.449645801964,5.009726078674406,0.8751968844367374,-0.6825236883255981,0.4908456759394866,-0.004166683360117954,0.25567271664869407,1e-08
residual,155,29959.736983100403,420753.5828691383,1.0,-26279.220023703416,2.7407850308717494,0.9620582909117903,-0.5372912670515531,0.47806382059993646,0.002348477649157676,0.2501679275177255,1e-08
residual,156,30082.77837584572,407191.2580890302,1.0,-26401.735273705126,4.41503827637305,1.0752713239702185,0.1287589004125529,0.4542270750433191,-0.09040146004192612,0.24542424659518655,1e-08
residual,157,32552.812006369997,463873.9543366052,1.0,-28875.00040698096,5.81253933194334,0.9464559906108982,0.5192616318451532,0.46901698786167995,-0.35711681000630274,0.2506169562833182,1e-08
residual,158,415172.7308108691,8681893.6648379,1.0,-411494.3970082292,5.083721820847989,1.002609689698011,-0.26404773457016484,0.47378938307506907,-0.25080447551810975,0.28981322578668234,1e-08
residual,159,234772.05258670278,4418720.714515386,1.0,-231092.80942175534,4.740794970288269,1.1800666849885932,0.09750928817078874,0.445228792145739,0.0027216212436328544,0.2779326744946682,1e-08
residual,160,3611260.533613326,88387377.87014328,1.0,-3607579.8106269767,4.647634929367068,0.8815454850096044,0.004929802656834292,0.4613670524437806,-0.1459648107907309,0.31927379678973766,1e-08
residual,161,156081.52140321158,2999009.2499701437,1.0,-152400.30478532554,4.48307445721489,0.8036712844299821,1.0814024847316426,0.479627570470882,-0.2623501989775985,0.2781116407067516,1e-08
residual,162,7614.304452009013,46109.127476451504,1.0,-3938.007211710826,5.77193451326179,0.7155832439571919,0.7204455578086498,0.4180103023537273,0.03670267216280633,0.21652595172069639,1e-08
residual,163,646443.2632606919,13936902.41858915,1.0,-642764.4680559147,3.1216579491406518,0.8748942854896188,0.021116973039605025,0.41907794677686516,0.26805754895488676,0.2936843051289434,1e-08
residual,164,32667.62487881025,465744.9561016325,1.0,-28986.364176068073,4.735718208497985,0.9384432888549814,-0.7824852926610524,0.47396252152348173,-0.3571506687571336,0.2517053483999037,1e-08
residual,165,962770.4028147369,22098762.887932908,1.0,-959090.8183804117,2.421707819157052,0.6785473833283884,-0.3245000769818347,0.47574412244762126,0.1064557952706377,0.30569363694609936,1e-08
residual,166,11104.488540498873,94308.34181249283,1.0,-7423.596637400092,4.37057457768092,1.1463450141850942,0.1910241708106507,0.4613885063020093,-0.20497387753266103,0.22609018249980836,1e-08
residual,167,10983.40075815674,102781.03084268497,1.0,-7303.784053582855,5.133290994847498,0.692910218891772,0.08975665710953606,0.502762847002343,0.11891912617497247,0.23665096745072228,1e-08
residual,168,1234917.3213213275,27545142.39938558,1.0,-1231234.8533503432,3.784098553870385,1.128968589612059,0.35225977315731616,0.489555784624258,-0.13337471517447705,0.3052538004009657,1e-08
residual,169,25003.79499134176,334511.7756112331,1.0,-21322.15137329898,3.6163787892760872,0.8968167441321512,-0.5874237456797444,0.5033113593753936,-0.03720928396165161,0.25093095089354056,1e-08
residual,170,8389.819001922631,59963.33393036016,1.0,-4708.969123091766,3.458995780030559,0.7830742603302099,-0.04879370329200183,0.48741761951382917,0.14610046220166054,0.22597530603002272,1e-08
residual,171,36684.63241822507,529659.8928894391,1.0,-33006.37577947767,8.234301422353717,1.0971291922384823,-0.12209284615897575,0.4923579018426819,-0.13036886071777531,0.25348091624844654,1e-08
residual,172,14590.492929119606,155535.70423739115,1.0,-10909.009790321434,3.140591691221714,0.8859187608908682,0.2208780314399591,0.4665985967974443,-0.45755037574971164,0.23694426213767936,1e-08
residual,173,10176.041086377034,88480.5379021703,1.0,-6495.382380338169,4.814464979975856,0.620747585839769,1.3506138199742077,0.45496060913496034,0.09853557613527679,0.23323360056443584,1e-08
residual,174,59474.86417145055,1000712.431493115,1.0,-55793.60628816765,6.450193370510632,0.7696123828710406,0.8133491051395622,0.4900751439338171,0.14834079131113898,0.2662053585043671,1e-08
residual,175,65331.7153846992,1101072.1585182014,1.0,-61648.051293398144,3.3379252853933794,0.7913919546946474,-0.622638563903526,0.4953800301267758,0.08242475100181795,0.2690761555756828,1e-08
residual,176,178787.84965218822,3378803.265346098,1.0,-175105.72482797684,3.019663387109419,1.1434273903780154,-0.12994624709819225,0.5389149291157656,0.27097334053593275,0.28297285654820203,1e-08
residual,177,18369.36722972053,210186.727582723,1.0,-14688.491943408135,6.507760110751941,0.9942873506533423,-0.5919774277260061,0.4532929460473447,0.11284941943939392,0.2386467622145575,1e-08
residual,178,67522017.20810993,1527935072.2306824,1.0,-67518337.00686875,4.103169972807626,0.7991839777004106,-0.15193189770270188,0.39416114859754015,-0.27933945007574607,0.36389542717745094,1e-08
residual,179,1031123.4644301378,23738684.88854724,1.0,-1027441.2599180741,4.4338096238236115,0.6218182925988992,-0.4985963700171643,0.48791471309443596,-0.0390531904903888,0.3143338224956582,1e-08
residual,180,21610.19764539296,269574.52442971116,1.0,-17925.798782069767,2.7018440149689584,0.9928535600865795,0.3110765412567188,0.4868052789966062,0.27543599178953426,0.24624779914313674,1e-08
residual,181,121897.69968046901,2114624.8734966796,1.0,-118213.50242811232,4.912911822110646,1.1661561109449523,-0.2836316261378148,0.43653829758395857,-0.07095699410670996,0.26916805851769304,1e-08
residual,182,19134.537925937613,223039.61021587419,1.0,-15449.286661499942,4.424356243076245,1.0629103597364598,0.26295921212459217,0.43790519516938364,0.06123869901734315,0.23857000037357123,1e-08
residual,183,35788.68360972697,495473.5617494198,1.0,-32104.286992785343,2.439663138303825,1.3100467627075727,0.17750192947718546,0.466363531060889,-0.40372621799959874,0.25073657170736824,1e-08
residual,184,16082.588517948358,180144.55717518728,1.0,-12396.992070311382,4.5161372739751435,1.0739397065153435,-0.1527467935014385,0.5137197613341963,-0.30160785969769793,0.24056151854711313,1e-08
residual,185,32923.23694283562,479231.6934818883,1.0,-29237.280951508947,4.648371839649287,0.9337093529050643,-0.26589225212799217,0.5232774879379493,0.1280186008405447,0.25902495418442467,1e-08
residual,186,369495.3005154851,7643437.543059961,1.0,-365808.3652408628,4.388984279072005,0.8851741274858074,-0.32118879685004387,0.4945189067923018,-0.13732283782951246,0.29295422307956587,1e-08
residual,187,295963.38099922915,6140239.013094351,1.0,-292281.0890181336,5.617843869920311,0.8014783619910821,0.7827844180280149,0.51756353102274,-0.25936767636005065,0.2931413440903914,1e-08
residual,188,33705.301483720985,476071.8156409234,1.0,-30020.98704350803,3.8763856685453346,1.1396533754577949,0.16995221685097783,0.5149510808456138,0.30234435935547316,0.25639005433579676,1e-08
residual,189,4080181.9922530227,99308957.16242456,1.0,-4076498.432098292,3.423001772069548,0.9083220716111888,0.19680460796004573,0.46194021396374607,-0.09417774730017484,0.32462735067696014,1e-08
residual,190,26635.488547430206,351615.0675298534,1.0,-22947.639003216325,4.259968238939363,0.8723477407827608,0.22366350664771983,0.4468802271328664,0.008660851381057067,0.2504841783774797,1e-08
residual,191,97123.95860008047,1656697.4329069261,1.0,-93435.9768517631,4.410821895209749,1.153524057929101,-0.52908885754369,0.4642765425575658,-0.18782473588372733,0.2675326889864523,1e-08
residual,192,97331.37076842325,1698489.9933010978,1.0,-93641.47278825492,3.7027612642786236,0.8914090168003038,-0.21196363197480816,0.47351919992723934,-0.03720994104183183,0.2744179519068743,1e-08
residual,193,59047.759603950304,952257.4669944245,1.0,-55360.344778184684,5.124822499529997,1.1121704599424387,-0.6238798094271543,0.5496012379840038,-0.272836745371078,0.2687051575674761,1e-08
residual,194,11285.161107096143,102127.80272323512,1.0,-7596.645277553373,4.4660628382698775,1.011634675936999,-0.7068627938460732,0.49836634921698114,0.23544035844146496,0.23451996357645288,1e-08
residual,195,255082.023778123,4810316.835305635,1.0,-251398.19429550986,3.686472265651785,0.8735023936044105,-0.12087395601388218,0.3896049360036008,-0.36896187368592714,0.28461029725448844,1e-08
residual,196,98168.20289964284,1697783.4982508332,1.0,-94477.45970126965,3.8032317606504553,0.8953547270086598,-0.3020482474186664,0.4666544529427548,0.006026176401943253,0.2741938262685798,1e-08
residual,197,9171.096422894407,70580.4206434203,1.0,-5481.167130159513,3.475891836130489,0.9536704021410548,-0.7624365049504532,0.5232127136388671,-0.26097343640695275,0.23080661155458448,1e-08
residual,198,16685.704583584542,180804.8796839856,1.0,-12994.073723653597,3.982130737002374,1.1618832512229025,0.009613902552719433,0.480676427253118,-0.23036600603258905,0.2393286925155173,1e-08
residual,199,24799.310859163204,340546.73904590285,1.0,-21109.142941845115,3.7667669039098817,0.8429198788104086,-0.033938114519083795,0.5621613600216422,-0.19844330726529869,0.2581938333287649,1e-08
residual,200,65003.269439924756,1044374.4205113276,1.0,-61312.08238535431,4.079112260151962,1.1696809483553694,-0.34858099232313206,0.5228777787089511,0.08985263905354486,0.26625322239738364,1e-08
residual,201,5837.803969660137,21808.573510592025,1.0,-2152.009179516388,2.863907023308522,0.8091336631992505,0.8925073518840377,0.40309043243683185,-0.3585304176963847,0.20630422720188743,1e-08
residual,202,15641.921192242686,165858.09914107565,1.0,-11951.759565879558,2.9747847872490882,1.324232655820679,-0.7315769960208831,0.538663266692607,-0.27911407952707873,0.23967748487160445,1e-08
residual,203,16807.55485194972,187997.12453143706,1.0,-13116.290149270068,3.394862843317398,0.9355320945994754,-0.37983771265281574,0.48653706755176196,-0.15616048868015986,0.24359528266022648,1e-08
residual,204,734768.9837370147,15799825.357866421,1.0,-731076.4196387366,4.017006494468688,0.8755052558219939,0.2151193011293936,0.5009692914817091,-0.14745596826087248,0.3095661922453097,1e-08
residual,205,29880.969367302067,398502.4195380666,1.0,-26190.04723263196,3.3364127541777187,1.1429437077346205,-0.1335314417282748,0.5115672929837524,-0.28805282643427155,0.25424482561030365,1e-08
residual,206,66268.34860439535,1065572.5240441023,1.0,-62574.872857874805,2.853925714738277,0.8812773310244195,-0.3540587094448122,0.4435867771829889,-0.1555728978164493,0.26935850463660543,1e-08
residual,207,24126.367553174896,326938.34876549145,1.0,-20435.866104680197,3.114878489915808,0.726217881172604,-0.36340507029611235,0.5145770345774009,0.22840684634024377,0.2580542832876548,1e-08
residual,208,208658.38604646118,3837417.6595171154,1.0,-204968.20312996386,4.04263815088717,1.292720013545604,-0.3229180149336747,0.4908915394486845,-0.36529752244494573,0.28576026166326224,1e-08
residual,209,7623.7007746997015,44634.95620081574,1.0,-3932.1830762462623,5.002696418812741,0.9790141395511416,-0.5412307146694546,0.4399851573297576,-0.34020986956546895,0.218085309099327,1e-08
residual,210,16317.623166890575,178168.84003839394,1.0,-12627.687329571652,7.575438552912943,0.9963611511132668,0.8426589853811505,0.5014177983132443,-0.13089520109702854,0.24328964171614514,1e-08
residual,211,10813.039625996997,92728.63064630528,1.0,-7119.6448176878275,2.3847033631403214,0.9218790273731394,-0.6503340720443331,0.48869079315618325,0.11394140303108523,0.2355774012152866,1e-08
residual,212,17497222.30517751,378349811.60663587,1.0,-17493531.932289436,3.8573769478739024,0.824479325266467,0.6202841044007971,0.49802792776050997,-0.482661809143905,0.36324850734571384,1e-08
residual,213,8069.560330293874,53698.14888467043,1.0,-4377.607874492832,4.945096030146303,0.8635907017784621,0.949465327291842,0.5039164026844827,-0.39155628531536857,0.2285238416876169,1e-08
residual,214,49433.01304336032,842148.9832778308,1.0,-45745.18946243466,4.964375703727918,0.8414146848322168,0.8904617852651228,0.4532529035106198,-0.3636645630186814,0.2582068736788747,1e-08
residual,215,3969034.3662761827,92944786.93837777,1.0,-3965343.1164906,3.652314135374677,0.6496285733660887,0.01232830855039746,0.5270374683608039,-0.05325634475511768,0.34518629044080856,1e-08
residual,216,351171.0169154201,6737710.84370496,1.0,-347479.3426089103,4.157744244229275,1.171903897032321,0.47947388084295606,0.5221473638230841,-0.09086744047757145,0.29732976797701804,1e-08
residual,217,205746.12114770978,3817073.449389527,1.0,-202051.96990783722,4.920943018334188,1.011519670830901,-0.7123416631438286,0.5114836845064207,-0.21665029012219272,0.2912996107300187,1e-08
residual,218,150966.3467171819,2700890.493529773,1.0,-147273.67705020838,6.71228447801447,1.0703143588102817,-0.29623374344815634,0.5063715197654103,0.08473486408335082,0.28413573528637814,1e-08
residual,219,21278.04631830993,261030.46302472372,1.0,-17587.832149710808,6.4850406109601595,0.9656870913605413,0.05842357546363597,0.4778987139504202,-0.20173809450996705,0.24606691947073436,1e-08
residual,220,67936.32878955892,1079530.4442165196,1.0,-64241.728516895135,3.982223715675982,0.9159556833048529,-0.6989238316789523,0.508326370371035,-0.3127901560634257,0.2755101854767788,1e-08
residual,221,2679712.0360616166,60768785.53215835,1.0,-2676018.5772670545,3.318291419058875,1.061631711334101,-0.16718402193686366,0.5227910220964889,0.17046377147704672,0.3290733303423244,1e-08
residual,222,319703.7457841193,6222759.000781207,1.0,-316009.5681513934,3.661981890169082,1.0674166618835113,-0.07891309429466742,0.4783747534245221,-0.21290796181568947,0.2960466789074442,1e-08
residual,223,437121.02810888836,8810962.144634306,1.0,-433428.47672529804,4.544798631668574,0.7344257340539966,0.11123982933639864,0.44732344940466096,0.15751140295304356,0.30430030921976237,1e-08
residual,224,215306.21008793946,3954440.9629567955,1.0,-211612.040697083,4.956024600167152,0.8928293997328813,0.21506956111023057,0.45416674786709527,-0.24531083525371541,0.2912494025121063,1e-08
residual,225,837726.6762570094,17378922.121481866,1.0,-834032.839416883,4.435588091300158,0.9601011851239336,-0.3094534080338543,0.46572552761230224,-0.08503417385117615,0.3118282204150548,1e-08
residual,226,13838.252574728496,135601.5013329344,1.0,-10143.725319331279,3.0832075173351647,1.0664329425346855,0.13327117799662846,0.4830510302821605,0.2738166429983773,0.2404663980050214,1e-08
residual,227,18381.431284738024,205975.06796975405,1.0,-14686.377907827791,3.7217345546012464,1.0661910081153076,-0.4018891118265236,0.47101395631770665,-0.21360219890775858,0.24406005786830895,1e-08
residual,228,258470.42792515687,4888111.979854277,1.0,-254782.0625167318,4.320337877731265,1.231044056859912,-0.6623073427600026,0.5782669410382272,-0.4416891544398279,0.29675498780646486,1e-08
residual,229,44823.52550270738,674159.7247785485,1.0,-41127.75011210136,2.5696214316526955,0.7966797152780078,0.17595620586366323,0.47088548901356275,-0.22742602201926626,0.26775188440306996,1e-08
residual,230,5588.335550091428,21054.52634895429,1.0,-1898.8884963769551,5.380035193686424,0.7487092486465106,-0.7123790729745001,0.5571377051818294,-0.36204760856638174,0.21897420405227339,1e-08
residual,231,8869.35256101931,65011.798161612336,1.0,-5173.923105372485,4.7837120584124975,0.9376167107597202,-0.450113171254312,0.5318380517399851,-0.3963225430873209,0.2335581107713297,1e-08
residual,232,6462.861425424357,27499.47632497294,1.0,-2769.2084545994094,5.1462181390790285,1.2442615946208326,-0.6422049877108799,0.45688590895653114,-0.05930251424689353,0.2073557545404973,1e-08
residual,233,5273.01172992408,15103.458609283265,1.0,-1577.2042508878476,3.208676781107539,1.1046617954571754,0.2114631238836383,0.5017396244147285,0.04811581782147366,0.20351748263729788,1e-08
residual,234,112547.27586711728,1930806.4868156882,1.0,-108858.36651353414,3.4522653929340743,0.9433729527994409,1.0705091958355464,0.4661786589716706,-0.05449437675577798,0.28003497482270395,1e-08
residual,235,951055.1720037281,19874753.419629324,1.0,-947360.8261963353,2.9986922937766574,0.9047709950625403,-0.2743234163534667,0.52631272189714,0.1685662068141909,0.31902810730206965,1e-08
residual,236,150041.89075826315,2586583.0119060953,1.0,-146347.60358128068,4.723125095661315,1.1874428542192612,1.6233541943266707,0.466137371374577,-0.034944817739359695,0.2809369089795678,1e-08
residual,237,16891.097616340765,188571.85236440075,1.0,-13197.182149662465,3.678049720980115,1.2267096571662406,-0.016963711679050197,0.5622697912298096,0.004530811584304603,0.24688166969864145,1e-08
residual,238,67362.54090201248,1112539.7267577995,1.0,-63668.861526618275,3.0360029572257883,0.7694541639720837,0.3514870470316097,0.5285235522258831,-0.33410606656388875,0.2778040040891354,1e-08
residual,239,16172.362491967599,186292.96113578082,1.0,-12477.725966206302,2.9678643178240276,0.7560695479137018,0.9288019154438173,0.5408024883612508,-0.13707440952708885,0.25511820946489666,1e-08
residual,240,32392.075020914832,427857.0833411757,1.0,-28700.53919562291,5.134480357572487,1.113099056107393,1.0730580318049712,0.4685995566236006,-0.308354714844386,0.25633112375283706,1e-08
residual,241,4405.7578109856395,5283.919729050114,1.0,-713.4791395548388,3.9964861365158457,1.1417454424549973,0.059486674554850016,0.4992935078518636,-0.336709819990496,0.1832929679695314,1e-08
residual,242,5738.1075474055215,18568.6768417844,1.0,-2047.311811605656,2.718362855105704,1.3494973342960637,1.5236907499715917,0.4737302755534673,0.19280530856299133,0.20166783223967694,1e-08
residual,243,401781.26099267096,7962087.574243159,1.0,-398090.4853792081,2.413454875521996,1.1760730209137378,0.3048636213642876,0.5644078388765551,-0.17243518029292124,0.305427697563603,1e-08
residual,244,17431.9664848342,187578.25114700376,1.0,-13740.786916750048,3.313587509943673,1.1675372405263165,-0.0001859912427611965,0.5036002442155418,-0.6058883095267361,0.24180824048136287,1e-08
residual,245,202527.90116169097,3803900.6754060723,1.0,-198836.9135126314,3.4133035562500424,1.0620631599346881,-0.5114027860664343,0.5049073370108464,-0.2081568195184387,0.28930785313492036,1e-08
residual,246,9362.799258306033,72954.11598061632,1.0,-5671.555256806524,3.7321499656954096,0.8490405790101051,0.06723587439184309,0.4915757349620753,-0.2980194401262997,0.23392397545597313,1e-08
residual,247,5560.597724033387,19550.736683120696,1.0,-1869.780549765929,4.040063863780123,1.0466178404379514,0.7997647277091838,0.5611339059873836,-0.1319608852305356,0.21193685755872035,1e-08
residual,248,4005.6781589743437,1464.136837656583,1.0,-317.64666365190396,5.921649509541503,0.883574530375955,0.22180037878799397,0.5027197045986499,-0.16209029187388468,0.1637353429510211,1e-08
residual,249,10674.905709968109,92858.47526974269,1.0,-6982.95462455535,3.4317553831717955,0.8434735322507892,-0.7853767753103856,0.5295623896724451,0.007607337260665333,0.2397079068831646,1e-08
residual,250,554951.1238255997,11255783.611104703,1.0,-551262.1066119962,2.720048517774989,0.9603160120796496,0.46595158886600896,0.5576287487845057,-0.20211454522106237,0.3131066339065186,1e-08
residual,251,45368.20313998262,678666.159163445,1.0,-41678.21842368467,2.6702759523931676,1.017442511210902,-0.4155485259099664,0.5103301115554753,-0.13805644204157774,0.26565298891881095,1e-08
residual,252,1512316.6722298842,32437579.763962675,1.0,-1508629.6211659163,4.2102654855433705,1.0224205256860137,-0.24391562392979627,0.44185984232954345,-0.2188873522364898,0.32044030960382947,1e-08
residual,253,6469.251172729886,31426.029054960716,1.0,-2780.542145607938,2.7844531272003357,1.0051930465290304,0.6836296703940675,0.5628384029863204,-0.2735279970559146,0.2211400194669982,1e-08
residual,254,5388.7179398222515,18945.82394411692,1.0,-1704.1715642846386,3.669952406448153,0.811980839366789,0.025654791871529192,0.651074499651078,-0.19029933875454408,0.22144284816811644,1e-08
residual,255,8171.632636665929,54066.90729658524,1.0,-4485.593558448428,3.9483424168936585,1.2561037109621678,0.7239622821291155,0.5503249439784699,0.0030169146373501318,0.2257102861353211,1e-08
residual,256,9623.5687960639,78351.06041871714,1.0,-5936.086408062309,4.31806964328914,0.8611324808152356,-0.1792376430835364,0.5469982118224267,0.0039894732168987024,0.23853326691713927,1e-08
residual,257,17418.693237204014,192763.7124440437,1.0,-13730.073346275236,3.782576996624135,1.0890110733180287,-0.2278613964065772,0.5262493575028724,-0.24943631074700828,0.24849761630272293,1e-08
residual,258,153695.21834863833,2700336.779246384,1.0,-150008.65729537935,3.5679994712356655,1.0070557777885192,-0.46233355888262045,0.49945152821717576,-0.4909706128472354,0.28814308385998494,1e-08
residual,259,11469.008501343571,103651.7958155521,1.0,-7780.277854778521,3.223874607828206,0.9252206612127755,-0.7813588023922801,0.5070957989423724,-0.10976907596894873,0.23994998798802855,1e-08
residual,260,5040.849488878744,13117.43724454457,1.0,-1353.6982465203566,3.5314663110906563,0.8373641704986124,-0.062220223526733065,0.48157152678548254,0.012581292512629431,0.20357112975233368,1e-08
residual,261,6204.217892793702,28434.662028545543,1.0,-2517.53872823279,3.5719274852763974,1.04142415144538,-0.07820801391016097,0.579131079023433,-0.1124267537616081,0.22110383320453175,1e-08
residual,262,459848.9126422131,9338699.77164489,1.0,-456163.05535836477,3.8104852959881885,0.8627654575440048,-0.5455022543363371,0.5058226040471311,0.08742119240706112,0.30789402516529074,1e-08
residual,263,7878.928101563959,49614.97795632539,1.0,-4194.173544066891,6.17385553466385,0.9967421123165918,0.1970854340042678,0.49546491797181463,-0.26362000547964864,0.22735610674446513,1e-08
residual,264,10107.889282388449,76137.1707200896,1.0,-6423.98056379874,4.060507814250799,1.4316120252044886,-0.7228953311359269,0.5033409090272631,-0.06492179545847901,0.22783581917995127,1e-08
residual,265,14140.141433109158,148148.36850527686,1.0,-10453.806057087593,3.4663250690794447,0.9020347207407369,0.5847099934386778,0.5370401771715283,-0.34352246715110707,0.24703780666865302,1e-08
residual,266,11602.884661688511,103005.48923411101,1.0,-7919.1059864070585,5.221979892021293,0.9350047282204165,0.40663450361111775,0.490931738771061,-0.21952323274969432,0.23791442647015887,1e-08
residual,267,12049.878515232667,112123.71282484556,1.0,-8364.226121499554,4.186352868600684,1.0044941446151845,-0.011678791995366034,0.5458564283561699,-0.1559568003493977,0.2431679615176052,1e-08
residual,268,40220.796848768055,598075.5697992839,1.0,-36535.644059946004,4.558083738908539,0.9322926447111728,0.3123952959168744,0.5440096485921301,0.0034456058048061337,0.2703031862762767,1e-08
residual,269,12686.28475466406,126116.65979276139,1.0,-9003.252918394779,4.234556001912187,1.0509543145233107,-0.33950885069030834,0.6210791424177388,-0.2637401791414749,0.2461490585483337,1e-08
residual,270,12224.144409827315,117014.74630213373,1.0,-8539.613039344638,3.2563626701038926,0.8034970936915977,-0.7313570645268601,0.534254093439676,-0.44315740736376097,0.24558703995200126,1e-08
residual,271,11908.999396561747,105236.87649215557,1.0,-8224.560296222937,2.791043471888366,1.1341268257318697,2.0125071871342435,0.5085611642730643,-0.04784150706234725,0.23492277449911206,1e-08
residual,272,1925413.3285764758,43406843.55529085,1.0,-1921729.8794931513,3.267999419575529,0.96444099661408,0.009668396712323557,0.46942012532044347,-0.3569583935841762,0.32786771915121155,1e-08
residual,273,11561.889790247631,103100.48938342357,1.0,-7878.630496576788,2.962435904068601,0.8734389806158194,0.12015503978417286,0.502973779519359,0.20957362135119376,0.2396416397283078,1e-08
residual,274,182961.4347533348,3467719.4453710523,1.0,-179277.527567702,4.689969790756235,0.9828503632346085,0.48763267310358216,0.5637549187386924,0.08165923588444103,0.2953232108507341,1e-08
residual,275,68553.95753189054,1123396.2094947041,1.0,-64867.76837337196,4.080226377464118,0.939375232348218,-0.11738481224891406,0.5290539583415141,-0.019426367968952907,0.27702277197552094,1e-08
residual,276,4668.730978424623,8534.705207860176,1.0,-982.8319946605568,3.6787337023237243,0.9210236982114575,0.9031198402419695,0.5304445838441985,-0.2950098870092813,0.19997319799099003,1e-08
residual,277,4681.305762045462,9025.514120508586,1.0,-999.3624345920692,5.0880772700582995,0.6580071966826996,0.30516801091814905,0.482754148679314,0.22637086635685869,0.2022212547244985,1e-08
residual,278,4279.996060386684,3750.8221763444208,1.0,-595.9897810337411,3.9368531718519595,0.9446795016001717,-0.5459853883981707,0.5001466586908031,-0.2675091182283446,0.18102805455550508,1e-08
residual,279,5688.011943798793,20676.509712493906,1.0,-2002.695384801091,5.063407156476222,0.9301007972527774,-0.03249402399601953,0.4759880888667008,-0.12302040817716,0.2111774625805359,1e-08
residual,280,15933.396497737787,181404.2896939468,1.0,-12251.048952881061,3.7132789938172657,0.9209010789083639,0.16279819203773327,0.6259731925331197,-0.17355555344389503,0.2560308045054117,1e-08
residual,281,29928.785696104722,408983.9813419293,1.0,-26245.285802993814,3.2333915925283963,0.9155136714763141,-0.2474083325455526,0.4879046578868801,0.049559277465974605,0.260921031186113,1e-08
residual,282,48774.17283261068,755275.744311909,1.0,-45091.22730142641,4.371693736844946,1.0467208713353862,0.4478673346459391,0.5245344874629619,-0.3859587622172373,0.2688639301896044,1e-08
residual,283,12123.063368980402,104301.7418200163,1.0,-8439.739282772822,5.170786433791605,1.1236328006359666,-0.6922646470166924,0.45336778134417816,-0.07563470111476449,0.2345861399091914,1e-08
residual,284,10444.712362256281,87406.14031021866,1.0,-6761.955460199832,5.940517922437094,0.8364629066273607,0.06069927939839359,0.5185101466375798,0.04137539488789595,0.24176445703902977,1e-08
residual,285,4776.180938238034,9483.86815441266,1.0,-1095.3418046667261,5.648109159946789,0.975017493498417,-0.637276345089594,0.48835103432891325,0.36576520240275834,0.19758343804361164,1e-08
residual,286,20736.782158213864,243257.35662546562,1.0,-17057.07564336363,3.160983431500371,1.173922261033817,-0.1968865359726809,0.5027027626111924,0.37968348657519413,0.2507512372335142,1e-08
residual,287,57711.174941383695,889995.6622659725,1.0,-54027.82963465623,4.170990455263157,1.1321033201856174,-0.5644764152589921,0.49584494763536197,-0.16138947276305243,0.2700288539857692,1e-08
residual,288,4449.877174194619,6535.293052674143,1.0,-771.0848633001123,3.9590583447747187,0.7298853670200953,-0.7167692861961619,0.5498963040340518,-0.040551684085576696,0.20212973283372068,1e-08
residual,289,5674.87522173438,20283.093488529357,1.0,-1997.1372986926287,3.97036204028637,0.7024503327354578,-0.14494041180233463,0.4008428732214017,0.08745469354475033,0.20967836942144163,1e-08
residual,290,35090.70445287498,512080.71502423036,1.0,-31409.367326153842,3.540206148238502,0.914008419079973,-0.05720074730726654,0.5509860064452243,-0.364580498846095,0.2672104704604337,1e-08
residual,291,1523134.2485086329,32694564.397416618,1.0,-1519460.7710511398,4.886614606693212,1.3335148661702099,-0.23732314366140927,0.49317189067249945,-0.5138164095434217,0.32127756743280683,1e-08
residual,292,11524.042992908693,104257.89018211569,1.0,-7840.674826987494,3.847850534620714,0.846253874593975,0.41197655888772877,0.5221149848626222,-0.023808099096156242,0.24285748899743617,1e-08
residual,293,417640.19860213326,8045045.816056442,1.0,-413958.12871674343,4.591773856465062,1.0775249622975258,-0.333945842390265,0.48710323586043297,-0.05790606813588635,0.3073816548325161,1e-08
residual,294,5566.08619705246,19428.291365521338,1.0,-1882.322319501001,3.5118726421719915,0.972968552237629,-0.1023625808045997,0.5554707972054878,-0.14314785922036571,0.2141867059539988,1e-08
residual,295,8777.493997750027,65059.78609710836,1.0,-5094.168862691756,3.9235055570688644,0.9305060882378441,-0.5631144414441707,0.5797942309632634,-0.209280709657287,0.2379566983843352,1e-08
residual,296,4871.842559634146,9874.488981418783,1.0,-1192.1053871658423,5.0586138608744875,1.2625096270334348,-0.5366042587456668,0.5173455948556905,0.08004886640189536,0.1933737724690709,1e-08
residual,297,235741.6198882658,4172476.3132667625,1.0,-232064.16423355605,5.252059774440654,1.1547178374317044,-0.23746203516985898,0.6208916120244313,-0.1817728839122365,0.3047234573535074,1e-08
residual,298,136987.531272968,2278749.7442530803,1.0,-133305.35394902434,2.911031040371251,1.0324864572877182,-0.7481247956604065,0.4889284576716269,-0.18726149811055368,0.2901058114804917,1e-08
residual,299,3937.089591840325,467.55343519442283,1.0,-259.8110243707298,3.248481790473793,0.9798708037538274,-0.18254124481001688,0.5589278887812891,-0.3624490749255522,0.14892236695763575,1e-08
residual,300,5956.602942063317,24220.120597595465,1.0,-2274.790329770952,3.019646282104725,1.1260219969139966,0.5553613196044672,0.5687657977123677,0.028922311227856896,0.21738682277579832,1e-08
residual,301,17673.78617492992,200196.56002227665,1.0,-13995.033882899763,4.834072043841788,0.7681828064720948,0.7018450689453025,0.5210005618603828,-0.04241703220710955,0.2561366389941813,1e-08
residual,302,24124.418184539813,317780.06537442346,1.0,-20446.697150088603,4.879668603603059,0.8302835194298878,-0.06171599792044569,0.6174471573199242,-0.04693613812568259,0.2668465848068706,1e-08
residual,303,9023.246234153112,70068.15020983022,1.0,-5346.012496053835,3.4994759467572996,0.6138887534623517,-0.400798412767526,0.5263292342072388,-0.025169917206767613,0.24249125403821167,1e-08
residual,304,4270.254662823285,4020.7922445311933,1.0,-592.315103933292,2.9566842990333115,0.957563462945891,-0.441172014684371,0.5454934812878274,0.0028173574579135395,0.1849901037043357,1e-08
residual,305,31557.06032419575,440941.1816535233,1.0,-27885.356061600796,7.425693077306592,0.9986542897278953,-0.42552061122186546,0.6229303466838476,0.1735356863306955,0.2689758636407922,1e-08
residual,306,7975.564489788954,53642.29757191892,1.0,-4304.487503405531,7.727980822639728,0.8153939559279662,-0.0008001389185693375,0.5571836859376007,0.30465249162341973,0.2375070176345872,1e-08
residual,307,4868.308760359476,10429.55935238123,1.0,-1191.9226838923244,4.14154586853866,1.2720279709278064,-0.2291094216763393,0.5330234478778069,-0.03871478538479897,0.19767886098694099,1e-08
residual,308,928884.2651656325,20106023.21438456,1.0,-925211.9205516493,3.6415900181199388,1.2731182806545822,-0.04255125098734769,0.5449982592296231,-0.24250369580506737,0.3194202556632246,1e-08
residual,309,5697.627888048482,20757.218773137334,1.0,-2021.4200427451692,2.6631207455510135,0.8339637630063131,-0.0347395175805304,0.4842702385390506,-0.14404878414986994,0.2141961499854528,1e-08
residual,310,12530.71419361644,126785.03777460312,1.0,-8855.549216288911,4.059346599215376,0.7080562630211754,-0.5887495313662247,0.5656423367405202,-0.08902923698236928,0.2504963712640878,1e-08
residual,311,6355.843713942384,27562.51425707486,1.0,-2681.2177144578923,3.8150095712876473,0.9822457010689659,0.21677135426141547,0.44554749614362227,-0.09399763470024232,0.21377579337845887,1e-08
residual,312,266765.778223424,4690581.287075953,1.0,-263095.62566210394,3.66749801508434,0.7823401627098613,-0.5380871002670163,0.490332469066788,-0.14068899215463543,0.30630458824107853,1e-08
residual,313,11983.52711867401,115501.29043834779,1.0,-8308.612984462286,3.1437673260372767,0.8278460268293617,-0.6179258168002059,0.5528405972279264,-0.415208117878435,0.2478714051444041,1e-08
residual,314,6310.337625891669,30086.288135893967,1.0,-2638.415427408887,4.722999400741356,0.9827927976858672,0.7342755258355208,0.623156344698473,0.3322786167862982,0.22583692154485493,1e-08
residual,315,12057.322197740288,113216.84513669621,1.0,-8383.42001783301,6.27040570932322,1.0282632057039978,-0.7080265178543008,0.5596813402158635,-0.13230399965926382,0.2419883671409671,1e-08
residual,316,4569.841795648793,7111.4323274452845,1.0,-895.7703684317864,5.353947840666251,1.1703636533834836,0.4251279014382251,0.5586900055947606,-0.042577891520779544,0.19186780655617913,1e-08
residual,317,9777.389797434138,75922.09927046116,1.0,-6101.135144331606,4.18010600662924,1.033073235655693,-0.23449593552162773,0.5342779432624138,-0.14066659512812907,0.23519044305242914,1e-08
residual,318,10145.796248449502,89413.62957777717,1.0,-6475.457820141291,4.017863094101858,0.967839778834962,0.3233654018638564,0.6359512300100241,-0.0878082631368758,0.2448079116988559,1e-08
residual,319,4207.944034588438,3767.2596247367424,1.0,-534.7311046503136,3.040403970373621,0.79151183700025,0.39093347900660735,0.5053261048532068,0.07286907982625557,0.1869817985859488,1e-08
residual,320,4970.007585660163,11847.631150500578,1.0,-1295.335582897396,3.490897596235955,1.0065426185492232,-0.4137376227580594,0.516438122693605,0.11229320792987244,0.20401732095268932,1e-08
residual,321,701132.0796941583,14913853.025860924,1.0,-697465.68238946,2.8184675405511506,0.7840602822485857,0.3615551414753623,0.5075228323250945,-0.8142701797267203,0.32152744656084764,1e-08
residual,322,4073.9964450228154,2341.4453700262693,1.0,-400.38340905798594,3.855493510317366,0.872847958268833,-0.36091000867052425,0.5665418910894365,-0.2316631256292832,0.18057912023684325,1e-08
residual,323,4949.015013757682,12186.890945126623,1.0,-1275.064430779992,3.1506233308198714,1.1909775436974999,0.022553360942037415,0.5667942967063798,-0.20001247969541858,0.20541605650132458,1e-08
residual,324,213199.8837693751,4176597.53546523,1.0,-209529.49305460585,6.241102992524801,1.0660002943860805,0.9858160441297376,0.5677885518652899,-0.17933767759077743,0.29547962138338674,1e-08
residual,325,118735.84358716592,2076045.5116808724,1.0,-115062.32246388149,3.4415257115065083,1.1417953125361278,-0.7040925677973212,0.5415071639305875,0.002894367356676383,0.28637191227693864,1e-08
residual,326,57858.4879197365,827633.420915632,1.0,-54188.90902076812,4.6260818861307005,1.1245297624125667,0.1007048845649402,0.45879234432837107,-0.03654725634904609,0.2704213609105695,1e-08
residual,327,73222.90099273999,1135815.817813102,1.0,-69553.02955949692,4.801994646266884,1.1087847106873807,0.2712397933918643,0.497156823380058,-0.5692108450077994,0.27794256445588955,1e-08
residual,328,4803.965182034459,10215.687554348622,1.0,-1130.7473513362959,3.5626524643812583,0.8579143665344215,-0.6774765262334532,0.5298439377193817,-0.06040062171863115,0.20565124683670788,1e-08
residual,329,10355.937278519263,86704.98145173502,1.0,-6684.302179055774,3.9897092386398487,1.1358547884086643,-0.598420888137426,0.590424177531846,-0.45706431328482033,0.24033756925661542,1e-08
residual,330,1100241.2585047893,25190447.120769154,1.0,-1096572.0609360992,3.838526757781755,0.8125288733669683,-0.34864543743572973,0.5920857733488576,-0.02877236593000807,0.3290608847226585,1e-08
residual,331,8382.039026000046,55132.827507007925,1.0,-4711.671955075619,4.466301851137963,0.9726347118363186,-0.23378770775680324,0.5280984096010592,0.2789859440405744,0.2322229233078252,1e-08
residual,332,5223.42962780809,13850.085570699359,1.0,-1554.9269190631364,5.545060451080361,1.109603341851586,-0.29658135876098346,0.4738708472305233,-0.031841526132284734,0.20113996663022574,1e-08
residual,333,9418.580193205606,69957.96200108124,1.0,-5745.804911846572,4.809981127698887,1.1043818087955208,-0.6271893664759141,0.5331734875983407,-0.2065257185539743,0.232171449143521,1e-08
residual,334,4827.544936248765,10814.472492932939,1.0,-1154.7007693824467,2.7726242153775096,0.9785208477883803,-0.007353492414510443,0.5718098112380984,-0.3277993929789603,0.20529282383218725,1e-08
residual,335,8722.325789035873,61448.569730178344,1.0,-5048.897216920894,4.386012439470242,0.9023767258302152,-0.3807529702374562,0.5469654342330117,0.06680585870596119,0.23677069901927855,1e-08
residual,336,23362.93926685036,289163.6986843003,1.0,-19691.90369278751,4.66956642175966,1.1207650432697593,-0.5009683263851059,0.5572525493679842,0.16840919017502953,0.2587550175726193,1e-08
residual,337,40946.20238280814,601039.3047561405,1.0,-37274.0056608114,3.707862239589181,1.0752830628836827,1.3652659712915325,0.5621252597694524,0.01617629236969024,0.27092213952476846,1e-08
residual,338,7088.057079692132,38251.08565087266,1.0,-3416.3182205197704,2.918037069673642,1.1341499916693494,0.22879067318901158,0.5485475490394355,0.05421505248350647,0.22440351711101825,1e-08
residual,339,80177.3441777962,1203478.9889377835,1.0,-76506.7070555982,3.4038686307711528,1.1187615965678261,0.11114647562304414,0.5334951421763163,-0.09461688432061688,0.2857419591441673,1e-08
residual,340,5989.958708404127,26525.401661779393,1.0,-2317.061619224822,3.3925880433298325,0.8946979538272741,-0.6831270645071499,0.5977386845485013,-0.01874084487262679,0.22616775977169778,1e-08
residual,341,7376.985824685908,40128.204530791285,1.0,-3706.622745665713,4.238777528994703,1.0671363990135039,1.4384806752309869,0.4697113671580116,0.05169206801703582,0.221781273182125,1e-08
residual,342,5668.046383197887,21418.403754904768,1.0,-1994.9984714510608,3.4538844013561,0.9524223426381097,-0.7922250856761297,0.6143879629324814,-0.08115829172766702,0.22215705888886667,1e-08
residual,343,17191.478615543438,214597.98827821272,1.0,-13522.798169443216,3.3031575148125607,0.6022237211485149,-0.5080965844198775,0.586803493590408,-0.21257153253992744,0.26405238196342934,1e-08
residual,344,6217.8970152669135,28087.90334564683,1.0,-2545.2557068849533,3.544411210794018,1.049925386736921,0.266990221286144,0.6007683289051071,0.21908599594233996,0.22434346725724785,1e-08
residual,345,4486.504197010748,7295.646788829146,1.0,-815.5834644735315,4.550607647707393,0.6329475938398382,-0.3956175760887151,0.5681799915797605,-0.06584278394776649,0.20750855927053963,1e-08
residual,346,4767.57919189731,9937.951335961752,1.0,-1096.4389489119656,4.5300296696971545,1.112439851580903,0.39291417789680894,0.6169340748719429,-0.22826077391444577,0.2052550348382825,1e-08
residual,347,108824.03492259448,1968362.0930193972,1.0,-105151.78788274994,3.328476618760547,0.8817735391189852,0.42256703128795514,0.5633895880659496,0.10637225158438318,0.29197112741239883,1e-08
residual,348,5389.847685491999,17474.88458684259,1.0,-1717.537318381662,4.558000004235355,0.9338830601731971,1.053769919389779,0.5792404010349264,-0.3023996846197283,0.21650896140636505,1e-08
residual,349,69085.9191279583,1116369.1772190572,1.0,-65418.337212172926,7.076620385091133,0.9298686278931365,-0.013851806763026997,0.6265749084991632,0.23050271523738242,0.2881646683988465,1e-08
residual,350,11655.673701432199,117187.21929660287,1.0,-7983.775809083875,3.750429725713131,0.81500120605205,-0.5115759083835569,0.6344375227407688,-0.17670623899308413,0.25339476612505324,1e-08
residual,351,9122.578155018578,64293.69461307418,1.0,-5451.601778139431,5.472966402353028,1.0201811314814637,-0.7600572520163297,0.5196428694687317,-0.38107851405179,0.23435216735248096,1e-08
residual,352,10145.644749911151,75279.1656323695,1.0,-6475.827935512147,3.7915000601927957,1.3849330562469022,0.2634566570552125,0.49399506939128995,0.027565542928141708,0.2311060625833728,1e-08
residual,353,103471.88336523065,1694772.4834116513,1.0,-99801.11075419771,4.101057377470988,1.3465346818468567,0.01900758640077027,0.5075530577074724,-0.3397098994004373,0.28269517016061335,1e-08
residual,354,262689.5530320188,5378155.235086489,1.0,-259019.40306770016,3.7625410705762032,0.7573606022070664,0.6503445435414931,0.6263096507276554,-0.23017399295028054,0.3178801806555114,1e-08
residual,355,4905.426339421853,11923.243511592333,1.0,-1232.2583157094962,3.7606722963165438,1.0833649559897633,-0.5879776722225105,0.6030799116607308,-0.0921331201971051,0.2119354092576692,1e-08
residual,356,38421.858350390845,545885.354322951,1.0,-34748.246960070435,4.3633014941696775,0.9016237857712831,-0.7688558675541228,0.5662642952859591,-0.12072423614039718,0.27647591038823977,1e-08
residual,357,53465.13838723111,794171.1588555363,1.0,-49791.596205061585,4.253426509686363,0.9549248000671341,-0.5543757876868879,0.5624719391906385,-0.0012627915201736447,0.2795536206563866,1e-08
residual,358,4978.6284660602,12450.087723926883,1.0,-1303.581133979742,3.12007748954405,0.9425242198087634,-0.2334878621938179,0.5424907712685044,0.007959174817287001,0.2100299928880082,1e-08
residual,359,10898.577234692078,90749.61544290949,1.0,-7224.703055643139,4.431763371526291,1.0692753016491372,0.5774193060291831,0.5897229341173448,0.17401397478359135,0.24111951678485477,1e-08
residual,360,8213.2333161702,55473.79315925346,1.0,-4538.273552515759,4.018514122481385,0.8642526325835543,-0.4660970984641401,0.5886385281268149,-0.18500657110229907,0.23901843083121269,1e-08
residual,361,8076.226925108185,50867.46147456595,1.0,-4401.293060695048,4.59380814550494,1.0384672469588252,0.36209745829750106,0.5584507048448669,-0.060896538279185466,0.2300694836245348,1e-08
residual,362,9692.198052940534,73195.90190282953,1.0,-6021.837217129682,5.302558497517266,1.5225813874070222,-0.6287575019793592,0.6051381493009628,0.11657504572977126,0.2385550775927917,1e-08
residual,363,153493.54457224612,2716700.464439374,1.0,-149824.8210806789,3.1970169696706536,0.8651022826710685,-0.15950151246751387,0.6689204641456536,0.18187804279747924,0.3090723605291875,1e-08
residual,364,18301.160512109833,212895.2572700867,1.0,-14628.34226583756,4.733252980133952,0.9064023218816857,0.6108766956501025,0.6161299740471908,-0.12469579968258519,0.266061318695538,1e-08
residual,365,6088.167827197226,27505.841913785003,1.0,-2414.7101232127566,5.0251041616093435,0.7664237413012226,0.6385075709171765,0.5841613220044356,-0.13066878416087888,0.22898319079170124,1e-08
residual,366,4374.370444819082,5563.870242519977,1.0,-698.4484239539972,3.765143067915619,0.9313741777812196,0.5140201795969682,0.5862525400515494,-0.055024163899314874,0.1981822087678647,1e-08
residual,367,15513.383746381387,168653.5757108655,1.0,-11839.239265906193,5.2912112183775015,0.9397682092989282,0.488695947238836,0.6094761767233539,-0.059969108659295535,0.25789522772743023,1e-08
residual,368,8712.549627328008,66421.10151758206,1.0,-5038.369296706818,5.620167819186507,0.750464286657848,-0.6146802723732375,0.5848406811048846,0.08763505168417551,0.24411808910781602,1e-08
residual,369,57793.84199809382,950102.3084951352,1.0,-54120.480855528134,4.824998534619634,1.049629585207219,0.2654941999303485,0.6248870487790821,0.10578045840884406,0.28384329753951487,1e-08
residual,370,19086.8540601585,222351.6412292522,1.0,-15413.708638855236,3.688518070353897,0.7936218700062677,-0.3227428710252146,0.6010584441665617,0.04524806895208506,0.2651714719263205,1e-08
residual,371,37093.93073430595,521507.8560447598,1.0,-33422.15568237837,6.461182718889138,1.114437043737766,-0.36275153121530157,0.6545840212018214,-0.1373434233302415,0.2771485730207537,1e-08
residual,372,5105.220964561422,14275.758846375627,1.0,-1429.6036652089256,4.871838821025786,0.7910995222690104,1.423501322748859,0.5603021742428733,-0.09646659929650957,0.2123896470536015,1e-08
residual,373,4495.659808379386,6996.7270574963095,1.0,-820.0602635144498,5.413230035404715,0.852994681165336,0.610691037415117,0.6074142557451299,-0.04310556392028959,0.2055766459203932,1e-08
residual,374,9777.929456935655,77164.9491039012,1.0,-6102.839289523246,5.109288710709199,0.9130932414416236,1.0977936957231345,0.5585398525204507,-0.19883290304431195,0.24292867863913484,1e-08
residual,375,4532.82857909802,7558.831513535756,1.0,-858.8747411189062,3.5878823129702404,0.8188637100328663,0.750728788954253,0.6514932552815231,0.20028276267989895,0.20966426398676594,1e-08
residual,376,4487.2024742989815,6278.098612776439,1.0,-813.2650528563066,3.838448547853389,1.0944796615455088,0.6493958415786502,0.5537673558542022,-0.5960451570116394,0.19359108953987966,1e-08
residual,377,7713.381421790929,44992.779712071235,1.0,-4039.900403645355,4.185285863826534,1.1609472032858013,-0.7673654591372668,0.529262960795448,-0.4399239450063371,0.22783381262186383,1e-08
residual,378,4533.55387244033,7110.163382386081,1.0,-858.0279003253027,2.7397099747586786,1.1674455409993836,0.23910317499712896,0.5906554922360086,-0.0837354560075928,0.19760134877810273,1e-08
residual,379,57782.852201222006,869105.4623146426,1.0,-54108.71914034661,2.787104276503131,1.1023521990188774,-0.7382889026138632,0.5991636146454952,-0.02847548835132233,0.285460742830438,1e-08
residual,380,17477.160176281366,212333.19758991542,1.0,-13802.919504193851,3.739675475766732,0.921704101444142,-0.6038804615423232,0.6639387201566455,0.10872952464866445,0.26245336728656543,1e-08
residual,381,6338.997364062241,27633.998296082995,1.0,-2664.2133283647377,3.2758251801337055,0.8685080159194266,-0.3953752543512274,0.5058094203384672,-0.15882492154849434,0.22307232191229445,1e-08
residual,382,5407.599820033622,18170.12198753188,1.0,-1732.44754511294,3.1877492079220024,0.8312830325197044,0.21796085166862544,0.5789089542685264,-0.32837091073717883,0.2201320980903138,1e-08
residual,383,4911.205784382973,11358.573419210983,1.0,-1234.1479332782374,3.237096652181214,0.884778005516247,-0.4917707324270982,0.5357988847532635,-0.013834549692693526,0.20925095092971402,1e-08
residual,384,9745.091593405985,76320.38983796083,1.0,-6069.523803946019,3.3537833185417973,1.008769624323807,-0.4850283730691452,0.5236325658885383,-0.40267679945437895,0.23782127179401383,1e-08
residual,385,9809.8303009066,81934.83478655665,1.0,-6136.84734128883,4.809180112151154,0.8298503278081983,0.44214305103354634,0.6746937557397904,-0.37133200753473367,0.2548779763779297,1e-08
residual,386,4026.5440009331915,1762.9719148216864,1.0,-356.74889460223267,5.481221871992268,1.1662161800115802,-0.5860669423798018,0.5677826670369477,0.04996599990793825,0.17029639980437408,1e-08
residual,387,6394.261582857011,31825.25105416653,1.0,-2718.8318568535224,4.536525538616103,0.793766935407158,0.30565351196947577,0.6235444485795324,-0.20495210135679354,0.2348781861326155,1e-08
residual,388,5369.987450402676,18083.366908615655,1.0,-1695.2690559784537,4.708371521063766,0.6998973358800701,-0.26830324359450575,0.6003658301959025,-0.23532631420370045,0.2253025660312248,1e-08
residual,389,4439.689008355146,5855.457001940152,1.0,-766.1829093565619,4.239871770818304,0.9283842320653193,1.182857397930587,0.5835290880002768,0.05955240055699178,0.19895887297261686,1e-08
residual,390,5009.6567929122375,13844.417638309062,1.0,-1337.008529047896,3.2272675565864724,0.8360936687725278,-0.3390083094709935,0.662229608484568,-0.13953361289176278,0.22202839116923026,1e-08
residual,391,7537.035726612808,47279.86342575306,1.0,-3864.6366464277166,6.080460134492717,0.8773289495330288,-0.29547309696690227,0.628641416385159,-0.5108263087649447,0.2396371743373443,1e-08
residual,392,8468.89594617438,60380.907300892504,1.0,-4794.15615719392,4.080547308063141,1.0467640253671822,1.4101332498552117,0.6325955906285274,0.015265224717117476,0.2417500000992074,1e-08
residual,393,4056.8416603921314,2098.028240026972,1.0,-383.4702718306181,3.7084201601719307,0.9685199229182325,0.11794981687334294,0.5445121294857612,0.2880033745780708,0.17298791471664787,1e-08
residual,394,6118.4279414162265,27922.08110341422,1.0,-2445.398303353326,7.513160860697206,1.0268044679506865,-0.13013920411388502,0.613881481599487,-0.1541664103973747,0.22763059719308765,1e-08
residual,395,4246.420595129921,3625.555828755953,1.0,-570.9472164179426,3.934211851409714,0.9342122990534375,-0.14538567007796943,0.5909247804343528,-0.06519835240673713,0.18984732261328724,1e-08
residual,396,4275.727986436672,4529.2997414594465,1.0,-601.9275076312107,2.39005956545616,1.0634832653900577,-0.1706550888714986,0.6071147395051066,-0.0766296506169258,0.1938644144080243,1e-08
residual,397,9108.084529821004,68008.23606186353,1.0,-5434.308518432828,3.612839259582673,0.8546736735272,1.0761876797526067,0.541230046208961,-0.12704827368434096,0.24158998026922207,1e-08
residual,398,5012.35132209584,12697.063802392277,1.0,-1342.3860304657649,2.520098565285437,1.0611735173195642,-0.09969483652496258,0.5301764704204188,-0.000646189155971031,0.20724777603941757,1e-08
residual,399,6082.063462638244,26686.504936719128,1.0,-2409.6946833138277,4.12989636785033,0.882650455760532,-0.13289963063435029,0.6026027134442286,0.021021074877011745,0.22848152774425406,1e-08
residual,400,6340.99435713744,29112.477276525395,1.0,-2667.306598166886,3.659624369083875,1.0063365204934869,-0.011121820864873344,0.5474148245973108,-0.2150401752818473,0.22763282833685738,1e-08
residual,401,4158.189251112488,3203.3318721460946,1.0,-487.00105941632347,4.4686608317149625,0.9879334810488767,0.1076479523093351,0.6112347400747021,0.1362190588352967,0.18679872049990404,1e-08
residual,402,9622.985672667182,74006.04977547113,1.0,-5952.227656988966,5.438882544366237,1.010588705554426,0.6024283679809744,0.5574707597515229,-0.17508772009538082,0.24057494554175415,1e-08
residual,403,4031.1505883169502,1874.5954421150366,1.0,-361.66623205861777,2.7106075349629997,1.2146370963158621,-0.6535663401682728,0.5612875513084924,-0.3953197501828157,0.1717490244582514,1e-08
residual,404,4772.176310293774,10052.88807913717,1.0,-1101.9427794475857,2.911265929787673,1.0799711329762218,-0.5295249051105733,0.6186098376196131,-0.2154559215932753,0.2050244505639142,1e-08
residual,405,3907.2933967684116,513.1841145086867,1.0,-238.77309108924732,4.774528962113633,1.2213530634755034,-0.5203171645931748,0.6100899019747659,-0.061700834013781854,0.15145708199614394,1e-08
residual,406,3907.9025770650387,674.5970190109971,1.0,-241.26772130466657,4.921909191742481,1.0715814157186598,0.4609202513103624,0.692510794631246,0.00014907277148746849,0.16443678689952865,1e-08
residual,407,3911.5041228992945,766.5218132182114,1.0,-244.74728303688013,4.91068134065338,0.7881400589412106,-0.15417348295647892,0.5684409724891026,0.18374276889909566,0.16587509490526497,1e-08
residual,408,4696.363962432008,9179.669187946245,1.0,-1031.1286114584852,5.0662092672844725,0.9626330467448404,-0.21228815212988927,0.5595329929995596,0.024236086341825613,0.20286352181784975,1e-08
residual,409,4753.519952470461,9884.476187176317,1.0,-1091.1222814588614,4.457871354195993,1.1776822748356626,-0.17908103776674134,0.5960284472608377,0.4209225107252141,0.2060121948306047,1e-08
residual,410,4751.119923340945,9760.337269721123,1.0,-1086.792123006802,4.868669629651641,1.1562301726446518,0.999003432551283,0.5963481648663719,-0.16025827377751659,0.20643169050813323,1e-08
residual,411,4038.780934350006,1962.8584969009044,1.0,-375.8302849252205,3.9308350070189673,0.8649150109210084,0.5972107395729559,0.5779474050128884,-0.13451587703360407,0.17999308660622343,1e-08
residual,412,5167.000406134368,16476.93031482011,1.0,-1509.120433578052,3.2377446223135813,0.6226485086944334,-0.06768372349110718,0.637236735699507,-0.5697589746033006,0.22583118804186247,1e-08
residual,413,13028.713284796668,130360.02139512265,1.0,-9369.040500653708,5.914186609008555,0.8354357689059263,0.05604673668331328,0.586359454209754,-0.13068584200037883,0.2537363711385154,1e-08
residual,414,4162.889321995205,3444.708077432447,1.0,-504.161573524007,3.856857261360935,0.7058855209383494,-0.4080463409256583,0.5532713900464177,0.08404503629676946,0.19158728716953283,1e-08
residual,415,4523.357902281973,6358.201537011068,1.0,-868.7094856285181,4.275489354160269,1.3853671767624458,-0.4732114526365221,0.4964929482089114,-0.22627515734146744,0.18802606127260582,1e-08
residual,416,6073.432093223042,25098.629490595256,1.0,-2418.569983724299,7.2785743296411125,1.1332069319330722,0.14477798625418492,0.5345066133875207,-0.28222819581090486,0.2168727957415255,1e-08
residual,417,12120.203893779979,119908.38205191086,1.0,-8468.19403293783,4.282731271265867,1.2916126589166694,0.5080177305776433,0.7302072398417493,-0.26057997934093946,0.25420755126273414,1e-08
residual,418,6905.205239250119,34997.20546422902,1.0,-3251.911596078947,3.6288175518988743,1.204852821223653,-0.5306757099837782,0.5304016042934346,0.36284827955927196,0.22344081268357127,1e-08
residual,419,37164.44705819562,558952.2676616479,1.0,-33511.03716241185,4.267785695372336,0.8164097655267673,-0.19645707992609118,0.5208565673673715,-0.09687277253265257,0.2718712166711581,1e-08
residual,420,6808.524131065185,35660.55740351982,1.0,-3154.803437342571,5.685908200251587,0.9756522155959315,-0.2957490463998622,0.536617288469631,0.07099834293623887,0.22930111825211708,1e-08
residual,421,8930.556286537274,61326.17768710764,1.0,-5275.8042436672295,3.3136501290960623,1.1844361941235082,0.2800350262764123,0.5866801326089274,-0.2748987764653459,0.23924879915089517,1e-08
residual,422,4978.504648232567,12020.16479048007,1.0,-1324.4297295140025,3.6907092618587383,1.2562196406258883,0.6388184113912537,0.573628033574384,-0.14119358033641932,0.2076197333669449,1e-08
residual,423,14591.54143633252,146842.97392291608,1.0,-10939.365621436911,5.502014117859531,1.3058587852677763,-0.7399772173580383,0.6325065630940456,0.09947047597779012,0.2539199732353347,1e-08
joint,424,4050.5245670052996,2644.957272264336,1.0,-403.14570510263746,6.650590709384895,1.3090435456751868,-0.7927058684656498,0.6987734980142233,-0.01010374892214474,0.1834183605495255,1e-08
joint,425,5309.563209751412,17911.290677182747,1.0,-1658.8588271386388,3.60835680535655,1.4166103743404779,0.4869758185418295,0.6301868986921586,0.294389887680926,0.21194694489445973,1e-08
joint,426,13532.961820838926,150585.5452922411,1.0,-9882.645766604697,5.628809413182748,1.2771936387014258,-0.463155959036054,0.6874441934853774,-0.08011411589562344,0.2541353552899889,1e-08
joint,427,9073.045356581482,67341.99087274374,1.0,-5422.221750091111,3.463506045070311,1.4747821562692787,-0.12206421502784448,0.6164962078820956,0.030484385022255672,0.2370459641800315,1e-08
joint,428,4141.892841799748,3826.22928705067,1.0,-490.34555516771195,2.857283395345492,1.3177564128675425,-0.10794436754695325,0.5801649430041573,0.08784980020938551,0.17760214728695123,1e-08
joint,429,3999.246652618718,2503.989504748941,1.0,-349.6181741761461,3.1319064229938514,0.830412282888009,-0.731612122401054,0.7041106596313693,-0.28486059364487065,0.18552062183976314,1e-08
joint,430,5062.130327005491,16306.614175471488,1.0,-1412.2956023995828,7.349889496071542,0.9555302872042515,-0.41381001877981616,0.6368228888162112,0.08827747204753265,0.2169175963116768,1e-08
joint,431,8808.004502955075,69565.40972159812,1.0,-5155.696687670831,4.245651985248983,0.910873294259603,-0.2929868106840897,0.6398358107747337,-0.05851036671486729,0.2469494643059994,1e-08
joint,432,5275.9618219923295,19030.129044862573,1.0,-1624.838733351741,4.02006773720911,0.6634155066965952,-0.26672731616856094,0.6126957897032985,-0.13935673020502048,0.2279139125355312,1e-08
joint,433,4445.531665008636,8143.902697212299,1.0,-796.108695180778,3.4315920175069614,1.0160978756064512,-0.08105618185761454,0.7025517498252197,-0.13846306760120117,0.21014759733371222,1e-08
joint,434,5087.515632764435,15426.30054074018,1.0,-1438.712172970299,3.0347982913586344,0.9191399285680135,0.36941003853340504,0.667569405499345,0.20939798684583422,0.2219252922115902,1e-08
joint,435,4471.948828239101,7941.21853639343,1.0,-820.4632495502016,3.353978831582305,1.0004041799581864,-0.5063320099945994,0.6310089461148825,0.17231491116285574,0.20366549394409655,1e-08
joint,436,9536.767815912199,85164.47512270592,1.0,-5886.052932737973,2.7657461319190872,1.0218566488822132,-0.7572181923911305,0.6595286581403237,0.009588958226770406,0.24602271267770773,1e-08
joint,437,4304.9250951652,6057.777364086118,1.0,-655.7393397807291,5.37718548848393,1.011708510912341,-0.7839411335178494,0.5837207178295116,-0.16119120089258654,0.19546616178991696,1e-08
joint,438,4046.869790272157,2732.8398921565376,1.0,-395.89860892531925,4.125641386929657,1.1456320830292477,-0.7703855522496822,0.6357705849413301,-0.16270970979325525,0.18237786306780593,1e-08
joint,439,25110.489203085323,343302.58830466674,1.0,-21461.838393107577,4.471112355220329,1.2661858404660689,-0.01650340716321641,0.6292120287802945,0.15615598142368245,0.26755887514236604,1e-08
joint,440,4379.60121780501,6984.979488898074,1.0,-734.9895537393725,7.617634835967623,0.7801114101297899,0.9525066927604878,0.7290541025805378,0.0005602006991886517,0.21419503692659306,1e-08
joint,441,8131.995564415002,62091.69466799533,1.0,-4482.775821949772,3.733310980977212,1.0372175989854353,0.2443357120771622,0.521544435844191,-0.14770025825338987,0.2318907876244659,1e-08
joint,442,6157.166519607159,31039.837954330487,1.0,-2506.659458805279,4.62146029118922,0.8167775478714782,0.2877371559919094,0.5999084401076784,-0.1305564382609333,0.227970052791532,1e-08
joint,443,10048.94669631639,89864.53532081444,1.0,-6399.882211383212,4.147826632356127,0.9033654621819093,-0.5294174179693165,0.5802122701394489,-0.34511551089973586,0.2476765489719159,1e-08
joint,444,4729.207962746739,10635.65943044044,1.0,-1081.633127267851,6.204490765866473,0.925098707987918,-0.5346257449345284,0.5233749553004357,-0.1698151791438977,0.20508562981766743,1e-08
joint,445,6195.202865500587,32131.694429820927,1.0,-2546.4094631736666,4.741181572141008,0.706944378344362,0.0733027255747618,0.5907509289531114,-0.2588758792466712,0.2339779878471118,1e-08
joint,446,5411.790885199074,19863.28997769575,1.0,-1766.2561162913735,5.150384809249057,0.8204233276012679,0.3383126517592522,0.6108805545332294,-0.24004028624472357,0.22644402487274132,1e-08
joint,447,7397.3460788434895,48294.88638160584,1.0,-3748.1811736216546,5.205721772472763,0.9180840174233093,-0.7807727681902471,0.5706462105610033,0.10059732334864668,0.23631456736025866,1e-08
joint,448,4619.622752022239,10689.75333321259,1.0,-972.5005521685932,3.3706271985635556,0.9756018259997529,0.025566923239064065,0.7058328872864176,-0.27979998998139555,0.21461566215607955,1e-08
joint,449,5251.032884567433,21347.58777512265,1.0,-1604.163754375269,4.848343307022018,0.678357492989185,0.3693634787413883,0.6173415794119685,-0.43595313339734637,0.2261934923652251,1e-08
joint,450,4064.894630159401,2898.307322857089,1.0,-416.6050322715852,4.0217327945615855,0.9490078486240112,0.7136451092793695,0.5406215603667796,0.10654377319721951,0.1788797417587875,1e-08
joint,451,12344.728138113778,127257.39661395145,1.0,-8697.698415248893,6.074592952887241,0.8799376732417532,0.34976759852913697,0.5713261451118935,0.02533205328180856,0.2544621490488249,1e-08
joint,452,10144.4480393882,90961.06756600864,1.0,-6498.160805884834,5.815648368835299,0.8519105520128,-0.5066218940511437,0.5697344550952101,0.2980303710615673,0.24749878454449067,1e-08
joint,453,4602.446415663643,10211.94116878739,1.0,-954.1733544729434,2.5414500823344177,0.9754862826367733,-0.11110220586112107,0.6728951884246586,0.022690078803162664,0.21413057487588774,1e-08
joint,454,4746.775511198804,11506.823648610603,1.0,-1099.6697625098473,3.854712680840392,0.7328148359666862,0.27868100982146393,0.6017490581099842,-0.25552146019194333,0.2183754462991336,1e-08
joint,455,8521.300400034243,62794.30267807433,1.0,-4873.15101746979,3.264744390083721,0.9316721446942152,0.49763603269675893,0.5908259785128912,-0.0391452949985572,0.24584480508829382,1e-08
joint,456,4583.036221646678,7430.060458946751,1.0,-940.2741481272587,3.782963690981968,1.0825645901972303,0.4848279069731577,0.497663690363875,0.19699533857410706,0.1938667104272444,1e-08
joint,457,5367.084273464695,19088.354421610675,1.0,-1718.3422650793389,3.7105967471475596,1.1323146193549585,0.11686922833137114,0.6024513313914607,-0.12958103581093203,0.21905058071117142,1e-08
joint,458,4388.695844296402,6660.224021315932,1.0,-740.1331172085023,2.8058200358566996,0.9664986953508578,-0.06652482185332353,0.5536837588709249,-0.10518449684599541,0.19731506396296225,1e-08
joint,459,9732.83074117959,84050.38896765612,1.0,-6086.881327909551,4.467454920729546,1.0203613513784422,0.00575347091970102,0.5766769031875478,0.278979359400667,0.24347058952448855,1e-08
joint,460,4285.733021692365,6024.667386260627,1.0,-640.9226499130265,4.3378852779379855,0.7078155243489184,-0.7149477865154942,0.6085257563109521,-0.47645994871591657,0.2057280394405076,1e-08
joint,461,3981.885707997451,2013.3748122422178,1.0,-334.27900424318307,3.536610994339342,1.1871648040768323,-0.31761710076048905,0.6418945043482958,-0.14785702231249565,0.17627440531764005,1e-08
joint,462,7060.220951968167,43150.36168290306,1.0,-3414.817823130666,3.286949328997383,1.132636252351213,0.6266852687533958,0.523922581636461,-0.10560385098059039,0.2273398799598185,1e-08
joint,463,7235.159300703944,46434.38286065054,1.0,-3589.494972904867,3.7312732943925635,0.7318588328700224,-0.6900556042123459,0.5508423489304417,-0.27559609825938824,0.24010025190890502,1e-08
joint,464,4915.80034215995,13687.877940492488,1.0,-1268.878608465733,5.279823036869564,0.9360401290101882,-0.3292277039354453,0.6225618206812225,-0.15103110998558245,0.21767693316763145,1e-08
joint,465,106032.73080922147,2014582.962027212,1.0,-102389.20078803989,4.981150275557447,0.7806488437347497,-0.49507560000058853,0.6302738497011993,-0.27849520982028975,0.3062398406913766,1e-08
joint,466,14107.339430480977,164139.3623763185,1.0,-10467.465399585693,2.4871191791814553,0.7515598578680442,0.04761131664861895,0.7136844420012162,0.4222479528376316,0.26618625367003745,1e-08
joint,467,3903.0003583322396,1612.0344890998074,1.0,-257.8598595508554,4.129074775976475,0.8816611193202233,0.5196810062774203,0.6125110794536316,0.03412504542066287,0.15709646216009807,1e-08
joint,468,4755.040957361944,11151.618161677818,1.0,-1112.8849579541054,3.809513758962317,0.8633023272541966,1.062123685086351,0.6229429477289719,-0.0956145764824826,0.21672042117188745,1e-08
joint,469,21259.334101938388,303301.09020859766,1.0,-17614.90772122537,3.398729032712129,1.061589049718735,1.5894622402764504,0.6583577466680778,-0.09263822634191604,0.269236162849873,1e-08
joint,470,4220.786648276397,4669.092081220133,1.0,-575.4274004967192,3.6652199700404213,1.1127161283437301,-0.5426015893522425,0.6563633340306314,-0.2694465528354179,0.1938908360334091,1e-08
joint,471,9698.503681935043,83999.64542028964,1.0,-6054.865902290543,5.928989816578856,0.9878879178321475,0.3861941234737277,0.6234507323116265,-0.14082536936528212,0.25034283877498276,1e-08
joint,472,4559.486594460954,10295.877823641296,1.0,-916.1941557796372,4.64538795235105,0.7575407331610129,-0.3699113200587769,0.6267302524265455,-0.3233310144712823,0.21334678481958022,1e-08
joint,473,6030.483316597765,28067.052939357134,1.0,-2385.358688813345,3.175451806775601,1.182930480017501,-0.7070659279615875,0.6757601042356179,-0.05526113553036201,0.22902059665349883,1e-08
joint,474,9444.797441328687,77130.14118291026,1.0,-5802.892592390564,4.967197169303279,0.946717229507657,0.8881870368220527,0.6437935137408757,-0.10645961690112765,0.2530032710859394,1e-08
joint,475,4096.657287945273,3222.82781577578,1.0,-451.16633944699896,4.367121312907498,0.9180777169535744,-0.3707352149112127,0.575608297235536,-0.0584469003289628,0.18603510103114934,1e-08
joint,476,5481.728079090668,20700.392557613446,1.0,-1835.923080819779,4.026818908491293,0.8967170592106234,-0.552545986351465,0.5796728141533392,-0.14893280563844205,0.22312619081280655,1e-08
joint,477,10335.38618805521,94705.16161807034,1.0,-6690.0683224146,3.223155907535128,0.9997110931472415,-0.6034694597776475,0.5870294215235876,-0.21190005335279913,0.24948599682728034,1e-08
joint,478,4002.6650929451716,2331.8915532326687,1.0,-358.6343489797749,4.030752005608621,0.68204970983032,-0.3430236704362951,0.6113428247516651,-0.12180682756850247,0.1892714070002721,1e-08
joint,479,3963.085319424408,1827.8716187132252,1.0,-318.9318649238658,3.240058235094417,0.9292764018772751,-0.1785929559183037,0.6728202719587979,0.10908397919011481,0.1820890374301081,1e-08
joint,480,6151.029248440829,32311.23297625148,1.0,-2507.1367479960436,4.889760627218127,1.0448436567247752,0.1297299557491708,0.6457800882803577,-0.2608307805258043,0.22957103648961638,1e-08
joint,481,4065.5140399144407,2862.537486327384,1.0,-422.27137075226887,4.226472901178438,0.9681041415232071,1.1947187129659258,0.6386489172695938,-0.2584907703420966,0.19092201080615903,1e-08
joint,482,4602.772856748146,9353.909919791036,1.0,-959.8828232437514,4.779801961162873,1.0105778557997462,-0.08206966150224115,0.5756017255016187,0.15440243152042463,0.20249648041197812,1e-08
joint,483,4238.955795744422,4912.2792035087305,1.0,-597.2822222289853,5.68092072054734,0.8713407281860552,0.1982588426989912,0.6365106545909608,-0.2840079905342476,0.20352481547179155,1e-08
joint,484,3953.1333082083256,1751.6293952555798,1.0,-310.6842516779027,3.8803788681765656,0.894975919935808,-0.2277126174149331,0.5972835477529782,-0.09183932672722939,0.1750035537517982,1e-08
joint,485,5151.3648627950715,15850.912857740463,1.0,-1508.50868397416,4.011208700569133,1.049541610123802,-0.4059231327828343,0.5811248337596797,0.06994545865055196,0.2151447515988876,1e-08
joint,486,6888.808198090692,43298.050004225835,1.0,-3249.3114426416396,3.4021292142018984,1.1056869856305676,-0.48855437869999385,0.6117828798023297,0.007805614178180263,0.23728619161726447,1e-08
joint,487,4306.470924337696,5718.721866612248,1.0,-665.8546282686182,4.50954400537832,1.304467861086306,-0.33552050228254615,0.5850030322673148,-0.3173446879438407,0.19156336784235858,1e-08
joint,488,4362.0641157173995,6668.518397566921,1.0,-721.0550116094013,4.2960234062071585,0.7583738162149619,-0.5545055592954786,0.5558452060959155,-0.27607333376803245,0.20348285434575608,1e-08
joint,489,4729.779719925659,10034.19288304728,1.0,-1091.5601933312832,3.6559575756538316,1.204157784725928,0.2545463423248412,0.5915290836912048,0.13099115048920978,0.20630871737421308,1e-08
joint,490,18023.921382305838,217841.349902472,1.0,-14384.75346416427,4.369439806270996,0.9043761838412847,-0.04276948624658217,0.5755750049736997,0.2502457076829507,0.26813240677698996,1e-08
joint,491,4235.712959724536,5591.911283495389,1.0,-595.7636542561963,4.659902060221803,1.1481786445774012,-0.21737939779863402,0.6201612265830831,-0.19438517618048837,0.19363929920123726,1e-08
joint,492,9416.764161524978,76299.12018857981,1.0,-5776.77641311984,3.9106725413571133,1.0250519881231241,0.9428174455702435,0.6431350907780206,-0.17969112532174494,0.25040620471190506,1e-08
joint,493,4062.8267291995026,2964.5830850368407,1.0,-422.57525704605797,4.750038879819378,0.9225740560433734,-0.6134197379942284,0.6528463054413054,-0.26987758926312405,0.19158647738839577,1e-08
joint,494,3833.168653770251,429.90290352570963,1.0,-197.80746200037686,3.1274670701429548,0.7972304192206221,-0.38308759656063945,0.7057038837488372,-0.18164783109395846,0.15649946537347584,1e-08
joint,495,4733.578297325019,11317.607116089259,1.0,-1093.9843210381061,3.8313891267484554,0.8441685118917893,-0.11055684863220538,0.5724583817876386,-0.2778853615687335,0.21257889719281686,1e-08
joint,496,7825.701511128694,55403.627345551795,1.0,-4186.765664585204,3.9644388645969277,1.0535639926581932,-0.16653591327333261,0.5864915165071714,-0.27751321706920407,0.2358741547099144,1e-08
joint,497,4788.4161713609055,12277.514517488404,1.0,-1155.3663920041,4.617710943093581,1.1559923314537666,1.0214982048926284,0.789796800201074,-0.2908139553344831,0.21898308983585812,1e-08
joint,498,13199.14373792619,147794.66716890596,1.0,-9567.246718615272,4.163696369522489,0.8830143369715816,-0.6239940348842901,0.7034116973723408,-0.20937200164537909,0.2687723756174109,1e-08
joint,499,4474.368995446504,9091.427490234815,1.0,-840.2447299626594,4.921271553702187,1.2341392874740742,-0.4821954573888547,0.6648448709425533,-0.5995826262738899,0.20056506029117394,1e-08
joint,500,5876.8962263171015,32730.13349485079,1.0,-2238.846219181187,3.9495344986983083,1.0554973997817216,-0.4886211676429482,0.561431040127361,-0.08983085854071937,0.21749101932111906,1e-08
joint,501,4042.588999266991,3114.6044432767185,1.0,-407.68411698044946,5.720691574654394,0.7323732570784901,0.4474008432484936,0.6341303782001119,-0.37013644054353,0.19467598326027935,1e-08
joint,502,4042.5677112777116,2878.4899129213927,1.0,-408.70974796265034,3.9152064297256817,1.1189457097002729,-0.6076806424473007,0.6904962013210786,-0.05695812107012411,0.18834921180258593,1e-08
joint,503,4390.717267683833,7029.000348969234,1.0,-755.3238706740765,3.2929405192263888,0.6545900642074606,-0.27778608436243124,0.5665495679828877,0.03566981281823016,0.20981270232665106,1e-08
joint,504,3818.460233423618,1014.2534247350727,1.0,-187.2061426355859,2.4568958577494455,1.1638823876555338,-0.6878896519696,0.6710409720402902,0.000814854366302807,0.1333069187929055,1e-08
joint,505,5592.951614989339,25094.250411686804,1.0,-1960.3773049294084,3.6370314067030884,1.1654417358076616,0.0671373370919065,0.6830352555561383,0.06422696377649023,0.22446271310865476,1e-08
joint,506,6087.274324324191,27095.91763527857,1.0,-2455.9843253771214,6.398770706603831,0.9962438847741327,-0.2098820377310492,0.5038818862273317,-0.018081020009038724,0.22292141544563865,1e-08
joint,507,3827.302175663137,499.6042297728427,1.0,-196.00332092613962,5.372210761824078,0.7207922800541641,-0.15011527742476705,0.649192654997935,0.1309353087212365,0.15232755677248763,1e-08
joint,508,5188.131661349955,17484.368769065946,1.0,-1554.5725300069819,3.9416433721336808,0.7077172046786855,0.1503809111977925,0.5691983735894224,-0.3333768625812003,0.22348223790153365,1e-08
joint,509,56654.12429297011,917267.3413842707,1.0,-53021.88110723369,3.17586657217642,1.1582213784665205,0.5900115420903932,0.5586293088591123,-0.0632302791886063,0.2812785731737478,1e-08
joint,510,5160.212076654494,19273.94349671891,1.0,-1527.8285994022071,6.502433537609178,0.9571156852007724,0.31154110001855473,0.6419482763020542,-0.255540597135077,0.22369435718492792,1e-08
joint,511,3939.1820434237216,2244.7460346729417,1.0,-308.61170256349055,5.499839936819344,0.9832032701002472,-0.45804873098515997,0.6181775501057473,0.3873969280317414,0.168318298230299,1e-08
joint,512,15462.340178432856,172601.59594184306,1.0,-11829.40484212561,3.2653003906806344,1.0135707699729575,-0.38304345163731596,0.5716142484853292,-0.24014348452093484,0.25847208975359354,1e-08
joint,513,3948.0482183514873,1984.7998858411988,1.0,-317.34986513033454,3.17787997137924,0.7813632178557856,-0.08992240212950897,0.6735177233320283,0.3004806439744199,0.1876866811459636,1e-08
joint,514,4572.640943385725,9448.73501532252,1.0,-939.6222560205676,3.5955072012187674,0.8989991226375184,-0.48224356700578525,0.5706290582433253,-0.09447800735127156,0.20936435878374443,1e-08
joint,515,17064.355720498075,212316.16215137663,1.0,-13432.311248620948,3.8104144075780826,1.0234559556873561,-0.5232405083890161,0.6344375497005931,-0.18123278427245482,0.26517999655303315,1e-08
joint,516,4100.621115071242,3518.6648778499944,1.0,-468.16831002114355,4.280413012597296,0.8794352051459912,-0.06330459365200436,0.6200081203946995,-0.0266149175782564,0.19009274280500826,1e-08
joint,517,4614.157897317572,12841.861797622943,1.0,-983.6894856751827,4.139462385270772,1.255082355395812,-0.6066427754079023,0.6721614353357198,0.11852689893884204,0.20788920956768164,1e-08
joint,518,5324.844950703722,17887.87723865893,1.0,-1693.6826694603526,3.1650328656577047,1.1494634615959616,-0.6085191073736329,0.6219856869606766,0.02336085264223509,0.21845307871799893,1e-08
joint,519,4832.350246128992,12165.460536022398,1.0,-1200.3902952204494,5.162011428312485,1.0166412389120936,-0.2630427665807348,0.5962898765037461,-0.1506694963731101,0.21185146505722754,1e-08
joint,520,6633.717106459417,36991.241528548555,1.0,-3004.005846224528,3.7355655312087395,1.052545075691489,0.0045553636274606735,0.6169249346811754,-0.12431083551617184,0.2336200829966431,1e-08
joint,521,4004.0478564405375,2298.972681803343,1.0,-376.14435127655474,4.04817895878427,1.2976503944512163,-0.41431304010451514,0.6593585202188184,-0.27622497746240476,0.17854226075730467,1e-08
joint,522,6479.845062288025,37733.45942481825,1.0,-2853.0812887244647,3.8929884861425803,1.116455452807146,-0.3979174543487802,0.6264993845097555,-0.6789990852657927,0.23030384705919318,1e-08
joint,523,7799.788100432832,55270.46441367971,1.0,-4169.606331995806,5.637943029882761,0.8569536367850284,-0.548910826470373,0.6089579659584804,-0.04730476778917973,0.24418096812878626,1e-08
joint,524,9949.49306715611,78158.0795198246,1.0,-6328.535276874443,5.1017879361175735,1.4483600546030377,-0.566871336252355,0.5100877144344269,-0.20734776270110264,0.23230064100336856,1e-08
joint,525,3920.1921366536944,1494.4829378705722,1.0,-293.1410684370737,3.945070062059794,0.7070636511433952,-0.4288552042591148,0.5642949512240084,-0.21087065929913648,0.17734233897083249,1e-08
joint,526,14027.272174682077,170921.45064857355,1.0,-10400.481173374425,5.038431008249631,0.7079057867743899,1.289914817224013,0.6620546887569906,0.015033084038790626,0.264516502027888,1e-08
joint,527,3879.2881284023306,1201.0098534856052,1.0,-251.83481318518085,5.437310135063712,0.9695164944360408,0.05546377824184112,0.628457858171732,0.18904238744448135,0.16395617196078363,1e-08
joint,528,3922.8770057782344,1517.291468838084,1.0,-296.3292697360189,3.5921216291055442,0.6689763932009098,-0.2848390889092308,0.6667195402709409,-0.38019469849493415,0.18556097582163647,1e-08
joint,529,4522.892649843278,9234.459499891485,1.0,-893.7263247008644,3.7711283539489964,0.8462550412464684,-0.5131631266431583,0.6415442509666113,0.11723432545777075,0.21401517143273227,1e-08
joint,530,4603.815892440555,9818.201169698053,1.0,-976.834931161774,7.224484863595643,1.0430186755234323,0.3123303537662204,0.6541177908328352,0.016436113508920595,0.20887507911716516,1e-08
joint,531,3893.515863145413,1432.522334098775,1.0,-268.2626677778193,3.9556035498403643,0.7572777518755897,-0.3148398164104192,0.5263578229856074,0.23246532554693675,0.17191541083600642,1e-08
joint,532,4507.81444869529,8766.036209118327,1.0,-881.9924874851358,5.431341273474573,0.7480021440406339,0.7982942865660704,0.6800751428453092,0.1695095843414418,0.22069554695448299,1e-08
joint,533,4025.880627832404,2701.3119046817496,1.0,-398.71193543766395,3.443496533375955,0.7083435565510388,0.176754998822937,0.5917350874330408,0.015121418951314204,0.1917474334511083,1e-08
joint,534,4533.086501318636,9073.2106479932,1.0,-906.0125639750428,3.251000429149246,1.160448125675734,0.02016696637728843,0.6219656583867003,0.16070783344675993,0.2054304209838945,1e-08
joint,535,3965.396764975941,2128.3184919380496,1.0,-338.8154482284909,4.745907150181228,1.0879600935157578,-0.39186950457216757,0.5683603659854473,-0.019121481504213913,0.16907193784245017,1e-08
joint,536,7984.1759268915575,56669.56968916247,1.0,-4359.024701435075,6.492286929816433,1.0887694077338361,-0.5823919870258347,0.5915907153624835,0.17828671807477087,0.24040827091597775,1e-08
joint,537,4310.697017931609,6323.908961252868,1.0,-686.3039181903217,5.586989501917143,1.1163845178870395,-0.13061473013288638,0.6986578462719011,0.16199852001016235,0.202337335935692,1e-08
joint,538,4465.842465441195,8127.798170650369,1.0,-840.2261024348828,5.54629165368433,1.06401464859894,-0.6349402572606002,0.6580020202967022,-0.035499739022601055,0.2066232638408042,1e-08
joint,539,5397.946865651868,19106.51974122,1.0,-1771.5612007151158,3.814524119389448,1.0975189381416712,-0.03888455811106817,0.5458844936563196,-0.09696464247223394,0.21665550927248262,1e-08
joint,540,6152.850992138666,32010.6563061335,1.0,-2528.457305599641,4.547126676746494,0.7994157615145144,-0.7023510173281212,0.6430831101552886,-0.017945500394365467,0.23876133591107276,1e-08
joint,541,8148.249397196489,59018.27944147584,1.0,-4522.3609280059945,5.040169706579225,0.9163343346195408,-0.3727519574126444,0.6008031774824845,0.021263649020712615,0.24410891347719035,1e-08
joint,542,8449.154302334517,70714.47946250025,1.0,-4824.626772053193,4.512657524459371,1.2958788067072684,-0.19082085394924153,0.6425431042803167,-0.09433474319715768,0.24048653068726017,1e-08
joint,543,6089.677476833855,28441.916132338636,1.0,-2464.0781621790898,4.133623768279601,1.1637421000010002,-0.5403429153537966,0.620026351343337,-0.3161196647906853,0.22850971139624351,1e-08
joint,544,20436.60998622688,259533.87915471473,1.0,-16815.041065054244,3.54999758342558,0.8764764063828463,0.03666293731385617,0.5726277684949994,-0.07321703391809213,0.2704935650373104,1e-08
joint,545,10149.19977650131,93961.09617450775,1.0,-6531.202326210644,7.481454793261508,0.853333657302183,0.7890842436133637,0.5249567489737598,-0.39854729179488174,0.24615997297092893,1e-08
joint,546,4203.67593952734,4888.721379540274,1.0,-578.6945293831568,4.929883499396263,1.0551542717985318,-0.7611103599341633,0.6515550145447303,0.16561038889150292,0.1948076492539338,1e-08
joint,547,47908.70870029786,833802.2535258492,1.0,-44286.39185839474,3.1281139415541803,0.7345860930025795,0.026565532215368726,0.6393886078017692,-0.2134121422771304,0.2937803405901705,1e-08
joint,548,5040.03879971758,14650.321447080072,1.0,-1414.4855630731872,3.401327246873386,0.9585917156481166,-0.377279505040417,0.5627171825297315,-0.189486358469211,0.21706445623608045,1e-08
joint,549,6185.864744138491,31225.869806906594,1.0,-2561.8977074286736,3.2902896629681426,0.9181161200228584,-0.1454348718314631,0.5505296268373371,-0.27058423672546617,0.22670827800685858,1e-08
joint,550,5409.125908082602,19903.695006373455,1.0,-1787.8351726004803,5.259276179156707,1.2585620152659316,0.12632873587930604,0.5378136494775337,0.09340535729866956,0.21466892349864086,1e-08
joint,551,4837.697971007246,11693.027878388257,1.0,-1212.8888826342625,4.381945315651439,1.0444284678734896,1.404072468787938,0.5931242209940671,0.0887815553912756,0.21311318503558194,1e-08
joint,552,4665.625934304319,10399.099979992016,1.0,-1041.9594326360998,4.439933118986858,1.0325128964936723,0.0528004376883382,0.5657005458338933,-0.001581128806521175,0.20602595316470024,1e-08
joint,553,632207.4659598835,15086672.302263174,1.0,-628589.1843328017,4.370631769974149,1.023727268068111,0.33982028428018685,0.6707731600461041,-0.16036975434590703,0.3398991184240586,1e-08
joint,554,7987.597843173549,60117.21992273198,1.0,-4365.572513663406,3.4647807979180953,1.095864193084419,-0.5127330629503495,0.6623693567230539,-0.49648457206204005,0.2458162989867464,1e-08
joint,555,5932.657122805289,26758.64905881321,1.0,-2308.7190357348454,5.6618837910206725,1.0225467527590322,-0.7842848823740155,0.5613597149714428,0.054585620881287655,0.22762277304649461,1e-08
joint,556,14594.344572559554,161198.23693209267,1.0,-10972.295671903312,4.008115577612605,1.2572304574079078,1.1548920112671235,0.6494484702480037,0.09391312427583992,0.25993572539811255,1e-08
joint,557,4543.28719388075,9101.18966733133,1.0,-919.21850004957,3.5602934504395596,0.9656238875662575,0.09242289995342601,0.6961748445877987,-0.36095528989064274,0.21588223056419661,1e-08
joint,558,7134.266230302019,50432.16323311962,1.0,-3513.270532487617,4.78910514307917,0.7578026473151229,-0.039362870307928954,0.6111353882499851,-0.022078572574422892,0.2414431052613723,1e-08
joint,559,3940.078167896456,1686.0773809492314,1.0,-315.46764024694306,3.5656317235107,0.7723581114490913,-0.37977086485582034,0.6388169950440008,-0.1513582189446121,0.18542953338377618,1e-08
joint,560,4095.8976403152496,3785.165131834241,1.0,-476.27820495197284,3.639792868726121,0.5562732058846296,-0.7250523535931078,0.5148203186199702,-0.1232632418672828,0.19569433065418837,1e-08
joint,561,3871.1262447484214,1389.628126387359,1.0,-248.38651172819476,3.762571257811099,0.8493419788047235,-0.3996262788884268,0.572933558328735,0.27273280641641506,0.16461228839608294,1e-08
joint,562,4649.456059226506,11017.965763032236,1.0,-1027.8870646576072,6.183158216512047,0.8248866634019673,0.0819738625156291,0.6436841653150246,0.11239712420597672,0.21625679365933487,1e-08
joint,563,44187.17645766179,754312.5948918695,1.0,-40565.42398425787,3.9798385587007816,1.0204083572999971,-0.02224635552620491,0.6834020531052243,-0.18408263791709129,0.2897190966688853,1e-08
joint,564,5003.311749236889,16005.3007566328,1.0,-1382.3952475416922,6.058832507246771,0.7161993529863612,0.17533825225757926,0.6166796959868548,-0.43177218437135834,0.22573316552936626,1e-08
joint,565,4474.275692894736,9809.276291111462,1.0,-852.8987789841618,5.022011818583973,0.6689440919815415,0.456121012755358,0.643373113861104,-0.4166639227918909,0.215034074064276,1e-08
joint,566,7463.824074685848,54393.91929911122,1.0,-3842.0826883797677,3.1915383346585156,0.7395822269510692,-0.4121005389206262,0.6362370567291381,0.24312071498628204,0.24904015551823902,1e-08
joint,567,4060.453866722353,3400.191473414727,1.0,-441.60973636070514,3.543465333736566,0.7585318820272767,-0.1757847849710943,0.6710985296177747,0.5647337988396235,0.20188758917332875,1e-08
joint,568,4339.589079090751,6359.808527775447,1.0,-716.6860108710492,4.682517373579248,0.903612650037706,0.11244261893679874,0.6687309793232847,0.017775953512114345,0.21006005582912657,1e-08
joint,569,5380.976934347629,20068.74909012538,1.0,-1758.9737153853512,5.183488952611329,0.8582059746744195,-0.15109491764050786,0.6527181400180535,-0.4075067618049401,0.2306769770484701,1e-08
joint,570,4451.155155183596,11431.736339344845,1.0,-827.4047887447027,4.7704509365093255,0.8337445998598586,0.011616690697174303,0.6283402900996126,-0.0331250276259138,0.20881009415631924,1e-08
joint,571,3846.4296040260056,1128.990886553134,1.0,-225.2056969855385,4.071229811024467,0.7653019091169319,-0.4884539162058509,0.6050260716900309,-0.1673142176381771,0.1595743226022796,1e-08
joint,572,5279.153532235545,19752.29322849734,1.0,-1656.6663345753025,3.701455354722041,0.854474843126996,1.0125586186447748,0.6550066836205238,-0.23409346451218907,0.22980477398381688,1e-08
joint,573,3950.481954911735,2385.213161697271,1.0,-328.16263609960913,3.4603196458935437,0.8796078579482639,-0.09128098084036274,0.6110825167701524,0.07953211488064121,0.18116320491370083,1e-08
joint,574,8240.649123264197,97854.80896580996,1.0,-4620.369959903381,4.891326719889417,0.932138597125141,-0.764575351690243,0.6630047773607483,0.19715035840551426,0.24409009728732456,1e-08
joint,575,6430.597266644327,37458.31227024735,1.0,-2808.5035359614144,3.8262410579747006,0.8217450770549538,0.20519086246894325,0.6344587322933133,0.10378564357500233,0.24147908732983547,1e-08
joint,576,17248.107516725944,207356.68503526997,1.0,-13626.910646104276,4.74077696661855,1.0927475568412706,-0.48811313962278435,0.5905382540243111,-0.1226493238066697,0.26334431401615493,1e-08
joint,577,7162.224387172699,48127.91976435508,1.0,-3541.556701867182,4.062611140739938,0.9014277117592523,0.4673617611154818,0.6980222472515969,-0.11327587975240018,0.2464216591672825,1e-08
joint,578,3926.8683406176206,1873.8902748127357,1.0,-304.5781945401307,3.3846774744993366,0.929815870149763,0.36193896627404476,0.5974155525086056,-0.23031670336378285,0.1780704635366384,1e-08
joint,579,6993.122085352619,44127.793582804596,1.0,-3372.0681568791124,2.641418079431155,1.0057191559227894,-0.5341023127511072,0.5952721897897137,-0.14011704935098845,0.2361393967385894,1e-08
joint,580,4046.9761593774165,2809.5365669670527,1.0,-428.16126608119436,4.0764537375184995,1.0801271098287137,2.062521961015898,0.7003031626653651,0.05631702845501202,0.18900909313363748,1e-08
joint,581,3907.496194428108,1978.3175353906777,1.0,-288.2383150925024,2.9439986864238437,0.7163153384613343,-0.10488162726494288,0.5649663364822934,-0.11936261520400766,0.16984354550271596,1e-08
joint,582,5546.3898338248155,23316.46295870977,1.0,-1924.6667710791219,3.816925926284757,1.0016741798150504,-0.5839844524684334,0.6409327909989804,-0.019736790579861684,0.22819996856845587,1e-08
joint,583,4412.337391368197,7010.772491855542,1.0,-792.9046738610305,3.367781978283661,1.1371316101812754,-0.18577502355389974,0.6070393536982084,0.4006392634733296,0.20402785262261813,1e-08
joint,584,8224.340788471778,61083.24713248814,1.0,-4604.923044946686,5.121932476477575,1.022900846508159,-0.0676913428519198,0.6269762238905232,0.16908411421109337,0.24560993078823704,1e-08
joint,585,3885.6182430063877,1449.3098796055697,1.0,-267.3603352453476,3.5292969578388345,0.9092706275609258,-0.45819965276814,0.6967521239263135,-0.035528343937609196,0.17709116509385964,1e-08
joint,586,4862.03157005742,13361.44050876101,1.0,-1245.1843093288337,7.3942476003214885,0.9784034476136713,-0.6554415020615961,0.6523146019272544,0.01638127998234103,0.2207379863746952,1e-08
joint,587,7609.117906511792,53172.88597050721,1.0,-3988.706950342641,4.732250711931647,0.9962535371780411,-0.6495241754682568,0.6219986867744385,-0.20424177685958908,0.24044854053337442,1e-08
joint,588,11037.510639590986,104804.01416613457,1.0,-7418.581977638056,5.0393358318805,0.9227481411027975,-0.3163421724095352,0.5801210439306186,-0.07349007199582233,0.25574219837640433,1e-08
joint,589,3915.581148529481,1657.2664360044014,1.0,-297.74776496820334,2.7077675262348753,1.2258210163781518,-0.2562250589852426,0.6559110886907034,-0.1150894086077815,0.1694624174305109,1e-08
joint,590,4275.396510585446,5778.971233225518,1.0,-656.4733568343963,4.306356783243434,0.9801532799150376,0.662418483096474,0.5918830722422137,-0.14992068560576186,0.19803683003453693,1e-08
joint,591,8059.99388251263,60136.00097971456,1.0,-4443.814325946524,3.234014213382083,0.8608684254889363,-0.08217563642982084,0.6024720393648191,0.21956528548741075,0.2454564045757033,1e-08
joint,592,3811.355358891015,395.3647568894672,1.0,-200.02403234598825,5.330927081587799,0.6386258427099107,0.42025650677349213,0.6463588269871358,-0.17942038847297317,0.15767754645102633,1e-08
joint,593,4010.0955104225477,2942.7954504020418,1.0,-391.5918476308064,4.05197003830442,1.0480963770887588,-0.5659331374103647,0.5721892271668624,-0.23007913248726902,0.1765394778357015,1e-08
joint,594,4705.122553375704,12104.231578487332,1.0,-1088.9580246258377,3.986194666965088,0.8321254798730149,0.05470062243785878,0.5593137659471054,-0.3286088307195149,0.2051037636942224,1e-08
joint,595,3928.342386255739,2289.3937068500904,1.0,-312.0201331548469,3.7125129345647756,1.133045813639433,0.5560014293904475,0.5492527221490489,0.05263315069696136,0.16860507270476888,1e-08
joint,596,3805.133743089956,750.552558800668,1.0,-192.59790134139521,3.100060697856099,1.245690919805506,-0.06138840274715618,0.6823769353100161,-0.2267843580766642,0.14328278386073162,1e-08
joint,597,5043.485772860499,16379.537947116707,1.0,-1428.0817143599063,3.173585236445629,0.8377613529039809,-0.6550342615756259,0.5593729352099502,0.18512267334733484,0.2200728790799106,1e-08
joint,598,3928.617994057785,2126.520198621582,1.0,-313.0431966282654,2.5715692487800235,1.044720737806753,0.16425645182284343,0.5812218914125151,-0.015664066071445645,0.17617820939568693,1e-08
joint,599,5053.5435221424195,16394.696360619233,1.0,-1442.9463479219928,5.503298084046735,1.140398343311111,-0.09020089330053727,0.6292110617365491,0.48333054134734227,0.2181946587694142,1e-08
joint,600,3877.454829131657,1005.8954514184478,1.0,-265.858631802542,4.613786216161641,0.7202391380740156,-0.3666601812153379,0.7347473915213092,0.017864017815807813,0.18455998831592244,1e-08
joint,601,3913.400972609836,1585.1730352973245,1.0,-302.03901379886446,4.43939690861904,1.0345340908834053,1.3258711227826288,0.6906638700624194,-0.5197732885080569,0.18001203421355008,1e-08
joint,602,4596.523113635165,9517.50894016096,1.0,-985.8296164093274,5.7907046086340905,0.7746467714175613,-0.5912952442730504,0.5116905870665249,-0.06743243900446981,0.20882819076383577,1e-08
joint,603,4226.643390878454,6058.306384359472,1.0,-614.2129202110233,5.036779410831944,1.055392291332165,-0.7125511290064198,0.6644364726687748,0.0310053454037755,0.20070975998271934,1e-08
joint,604,3879.206265046651,1162.193775535876,1.0,-266.97067262154127,4.658343809857135,0.9362996956313083,0.4057071210970157,0.6118870976160111,0.2563570333921675,0.17134982702009469,1e-08
joint,605,4110.967492695941,3607.000428445423,1.0,-502.8335553978261,5.035008186060509,1.1378918067347306,-0.6422208034461305,0.6191304558984381,-0.12889950721027965,0.19084868123900442,1e-08
joint,606,4177.538417876976,5927.0017255099965,1.0,-569.8425567479829,3.8420834585880383,0.9811208964698914,0.09158727747269857,0.587866539007266,-0.7021038323946153,0.19109444087315258,1e-08
joint,607,4067.633685081855,3340.5620597484635,1.0,-458.59397827936925,7.038619808567997,1.1071093500383566,-0.6123862520064043,0.5865936399000291,-0.4252748969758592,0.18668941394246638,1e-08
joint,608,4051.0366974911362,3317.1442073244643,1.0,-443.6827484637851,3.655283062113959,0.9892995705116068,-0.6807776086264922,0.7478121821723779,0.022169457805993432,0.20028298912955989,1e-08
joint,609,4005.5262023764517,3045.123480591951,1.0,-395.1869179181434,3.8997127367737594,1.1378977178309562,0.39810523686602195,0.6696122176782753,-0.1904802748880161,0.18647089302461217,1e-08
joint,610,4355.35278546598,7665.764845563382,1.0,-745.1288105096181,4.7360372484854345,0.8920629967329738,-0.4397060081693025,0.609285067671235,-0.28266298418553076,0.20681601537169186,1e-08
joint,611,4685.293549488253,12680.022143427428,1.0,-1076.8551642007092,4.678344856601833,0.7574733568102844,-0.43927473733535294,0.6043054709558483,-0.191295792816709,0.21852843711681585,1e-08
joint,612,4148.475306280008,4774.222273898174,1.0,-540.7072191732848,4.380007011633056,1.0627461783659164,0.5587657313778708,0.6656534309989338,-0.3014314764593638,0.2006408281795589,1e-08
joint,613,4875.156558599672,18023.26371007362,1.0,-1264.9762600193726,3.4169570940746494,0.9336208070986305,-0.34085559330677345,0.6209385214982877,-0.3554833400465715,0.219700827058375,1e-08
joint,614,4665.082932717093,11530.980878252183,1.0,-1057.2871848034006,4.675848051802403,0.7153157137097191,-0.5527996717758779,0.6938694319455339,-0.2426617625076204,0.22457288464670974,1e-08
joint,615,4668.746634540854,12184.107715311597,1.0,-1060.7846423811106,3.71671818621387,0.812876493897336,0.037382961695608286,0.6496144346204277,-0.39411066309707005,0.21920243419631746,1e-08
joint,616,4203.744646707667,5151.284741812959,1.0,-600.1902741630636,10.121365977750965,1.0113132227439006,-0.6182844789569988,0.7107112315280186,-0.032718191354764385,0.20348135860895347,1e-08
joint,617,5618.4596743724,23128.470718981527,1.0,-2010.988030059401,5.244022055670886,0.9995765440124108,-0.46637831752554115,0.6255648149858551,-0.3740998684890884,0.2277805502625078,1e-08
joint,618,4272.317549954988,6314.419821765558,1.0,-664.102983102848,3.1292814275505565,0.8686573463479411,-0.4520043728817707,0.6583670631264916,-0.23729865524725693,0.21036254561569062,1e-08
joint,619,3917.6320166246774,1877.3859040975547,1.0,-315.4023163265057,4.059033265853355,0.8064631458489468,-0.4084330342288589,0.689098334722242,-0.5455790840799636,0.19083028541073876,1e-08
joint,620,4324.860644389564,6364.356915392132,1.0,-716.1068266654942,3.452917953185675,1.0451826753590938,0.37921860652439865,0.5872173006440861,-0.09143112476877259,0.2023396573301383,1e-08
joint,621,6949.62362730945,50529.49926517061,1.0,-3343.3947809892993,2.719174527277203,1.220645707476866,-0.49977089379436107,0.698317696812103,-0.22748651528986003,0.23887902611078202,1e-08
joint,622,4315.058819359396,6681.704612978147,1.0,-711.596416412526,7.428510525223403,1.0255028904469004,-0.3492021586567066,0.6672890645169238,0.3723257000647357,0.20618081056523196,1e-08
joint,623,3823.9435564865407,1786.074028424094,1.0,-224.1611590476735,7.556058593998434,0.8267659873481072,0.874232380235385,0.5505545234113162,-0.07705227498560246,0.13341586291130847,1e-08
joint,624,3928.1894998182156,1903.5232352480775,1.0,-322.27056677493556,4.588945458893557,1.2286424414883328,0.17855557489618734,0.6139445302703707,-0.006461775541218807,0.17139355934567294,1e-08
joint,625,3848.0614246923747,1039.6976680789123,1.0,-243.12774070120986,3.203939028256704,0.9594967153419854,-0.4356065503699938,0.7094835298415675,-0.352924605425194,0.16912301813765823,1e-08
joint,626,4241.944755305418,6316.46437835222,1.0,-635.9740852820629,2.867376672557922,0.8160995683353278,0.11009527542960151,0.6478829917176264,-0.25687957043385296,0.20895676203492378,1e-08
joint,627,3973.4334204067304,2202.720011038947,1.0,-371.97013622088986,7.811401975692228,1.3520355324715665,-0.7089775683170119,0.6987978281799684,-0.06233676454405001,0.1815391780795862,1e-08
joint,628,3958.5163478106997,2107.7393053602027,1.0,-357.9080652014784,3.1625628515205584,0.8664114823813893,0.22577055678880542,0.7268038907948337,-0.5686842022575406,0.1906413820055509,1e-08
joint,629,3885.246462672795,1405.777277908117,1.0,-280.1698437095482,2.6458055148331674,1.0658064034667531,0.30553378871548864,0.6302949877255938,0.04530778615605745,0.16805319272381294,1e-08
joint,630,4294.151238182416,6645.563819410969,1.0,-688.6050000822142,3.8747990063463567,0.9461683558729536,-0.7648011312192592,0.6618033392798478,0.13547282445003764,0.20856767593176576,1e-08
joint,631,3851.820596844812,1382.930645161307,1.0,-248.43303850269123,4.1254963873816966,0.8404219670680408,0.16569029422617632,0.5814225046979201,-0.0337252996017196,0.1619664293164077,1e-08
joint,632,3987.1260955314683,2788.1679893285936,1.0,-386.14210977006616,5.537995637660085,1.3273320649963467,0.1746923153422708,0.7255024783962385,-0.06919033170277886,0.18383495108811373,1e-08
joint,633,4137.068799750045,4360.385233780612,1.0,-537.2023335885209,6.09599446792086,1.330870569817744,-0.42929703932983854,0.6946374183898115,0.15107693347017753,0.19242383796039686,1e-08
joint,634,4390.352481069684,8082.22152132468,1.0,-793.114100313107,5.002991753769838,0.4935491419956982,0.9015026383203334,0.6130947514958215,-0.41215967359847255,0.22375391644352688,1e-08
joint,635,3923.418444213966,1938.9366529930342,1.0,-324.2088904583212,3.5267413137792745,1.1443912932355986,-0.22484002695447802,0.5157584590330486,-0.28581311768940826,0.17071081097004495,1e-08
joint,636,3895.840611323179,1673.640288576196,1.0,-292.7160536790125,4.26318019859446,0.8848779301498801,-0.56315568376099,0.6451182935641091,-0.041295193067032075,0.18058198201124692,1e-08
joint,637,5266.152982015808,20171.919525034828,1.0,-1670.5690707240851,2.3549129489598983,1.4580249475397717,-0.5360551664295922,0.6484537906117581,0.2399628446878732,0.21672030469890344,1e-08
joint,638,4771.893415286376,13705.419877049744,1.0,-1171.2883165401313,3.488370072542549,0.7161757084461993,-0.16068686945359523,0.6939374732337109,-0.20267653040332315,0.23049663647272653,1e-08
joint,639,3900.6972490789476,1650.1669277081792,1.0,-301.835688761116,3.885597941904283,0.9327534636731497,0.2565954648406953,0.6848830426322502,-0.5304943154463176,0.18184423846343817,1e-08
joint,640,4600.268513898207,11322.137278584241,1.0,-1000.3547899296842,6.588685139054022,0.8630114187373062,1.3888149585188638,0.6444189493223659,-0.12406434173358186,0.21532999230350114,1e-08
joint,641,4261.484857478283,6908.176428028501,1.0,-660.915168307757,3.6752726941761082,1.0086408416142794,-0.18770842089148754,0.6732684671799885,0.0381700845750353,0.20493327192833635,1e-08
joint,642,4131.206260757012,3808.4931072292566,1.0,-534.949717493713,4.541607408243997,1.3624593233496436,-0.5608508264879444,0.5495902786563414,0.35915815819539887,0.18173885767785944,1e-08
joint,643,6564.44151675059,35737.96737097737,1.0,-2966.8179880751663,5.600577474916703,1.2639573642866548,0.26163588085540856,0.6023998157543611,0.06479061944097447,0.23007031643715173,1e-08
joint,644,3912.397080309322,1621.193985007858,1.0,-314.4674174013723,2.9090692207813498,0.6669404301704883,-0.3786866967300656,0.6402339267268893,-0.4287529572542133,0.19007672962467426,1e-08
joint,645,5248.967910676609,17751.505725833118,1.0,-1650.5147410854072,4.495483768578209,1.0830871400158284,-0.7102616789306068,0.6009210466750111,-0.13330627842305615,0.22226961143924198,1e-08
joint,646,3869.8717877379804,1422.3664292556316,1.0,-271.16856404521945,3.791367473095503,1.1958211951297675,-0.44124930303968385,0.6967228173674166,-0.2277652361885082,0.17217353271153313,1e-08
joint,647,5438.157878343256,23072.208119341074,1.0,-1839.2927775691965,3.3750501589880377,0.8755965596854931,0.2740005693599158,0.677753807563504,-0.04945268273266908,0.23125231951011518,1e-08
joint,648,3895.014410091328,1600.565499027125,1.0,-298.22197728255964,5.73400078217405,1.146829622380553,-0.5042735850705704,0.714760389911187,-0.1573090854376443,0.17993521783974809,1e-08
joint,649,7659.218492483496,51804.72192658072,1.0,-4062.223403811355,2.9963174332575457,1.1223497973364613,0.17847253869813395,0.5556835990156909,-0.03940049356917234,0.2365486836477873,1e-08
joint,650,5171.586925890431,17561.422225539365,1.0,-1576.8502826703605,2.846291433979822,1.2594421331819807,-0.6198163214695043,0.6525920054850949,-0.3905306668578452,0.22174829515233055,1e-08
joint,651,8140.88938515293,61874.1951355942,1.0,-4546.868830661355,6.532060585101689,1.3259441670938459,0.661864822827987,0.5624267639046779,-0.36025288135970246,0.23572253360375647,1e-08
joint,652,5116.653286671828,19358.928359371745,1.0,-1521.6282841125803,3.0104227311120013,0.7526174167267794,-0.17285440845125022,0.6192126846464882,0.39562321807740225,0.22466823131799973,1e-08
joint,653,5009.553014246622,16335.223568571622,1.0,-1414.1323128741797,3.9487786791746524,0.6907627910072368,-0.21137647197156495,0.6407013162478261,-0.1588808077646066,0.23005934627076693,1e-08
joint,654,3892.1958905648235,1862.0930876960294,1.0,-294.28652269415886,3.9353235189282927,1.1006524753785711,-0.29770717753315046,0.6638562388778642,-0.07738214700857386,0.1761285226970526,1e-08
joint,655,3996.4906022861674,2774.323413020423,1.0,-399.4383248435266,4.486983490343491,1.069765223935095,0.24786624797215284,0.629315347744318,0.05343998773661714,0.1865618185989564,1e-08
joint,656,3831.7770215368187,983.2131754131182,1.0,-237.32831418324812,4.214130823428208,0.9061277605065969,-0.7609906081961878,0.7255184639790774,0.018165529238272447,0.16748575024668036,1e-08
joint,657,5866.123531338701,25929.342021237153,1.0,-2273.3380447337586,4.351470134847929,1.3271075798110439,0.2536284231318219,0.5673461837940912,0.28433886088946714,0.21977413315937733,1e-08
joint,658,8957.837019810542,74292.82403350687,1.0,-5364.344512269349,4.981770077347287,1.2085512840413066,-0.08677980858567047,0.7160459458923585,-0.18069734220285938,0.25259237451433836,1e-08
joint,659,4231.527384364743,5844.581752515639,1.0,-635.2822703994249,5.758215689073423,1.001000580886581,-0.2730143036133885,0.5989563392525357,-0.13994105379957003,0.19960434638258504,1e-08
joint,660,3913.6823495201934,2242.746377161332,1.0,-319.64062966750384,4.677710872498905,0.9610551326956933,0.13458683981146813,0.5619748408825143,-0.4455906021540924,0.1744799598747984,1e-08
joint,661,3830.5813798803406,1416.5708873649587,1.0,-235.9098717617029,4.162125159190412,0.9329022537839343,-0.6271588042062514,0.5934648382517924,-0.1772026824569301,0.16126150850812748,1e-08
joint,662,6324.672521196008,36867.37577315804,1.0,-2731.2997556372634,3.150774061454081,0.9012534394516167,-0.47204998188053565,0.6117294847241926,-0.5059589540265951,0.23638189345493016,1e-08
joint,663,10455.911861025892,115657.84923394099,1.0,-6864.020860355138,5.461053860291866,1.0581776051492666,-0.0011214024532102407,0.5773847299949194,0.2099495100003894,0.24969530835142997,1e-08
joint,664,4524.380628717248,11266.28169325539,1.0,-929.5675309028616,3.533168721210495,0.7527997889944623,-0.6366127799997818,0.6762761637289024,0.022225239595453323,0.21898458620397432,1e-08
joint,665,4097.002714507413,3715.8936296848447,1.0,-503.838384863078,3.8455985520037905,0.9517752135680614,-0.7568707444587688,0.5972379789678101,-0.32758307284720184,0.1920545697940952,1e-08
joint,666,5970.4253493709675,27715.585996520487,1.0,-2379.1417092272213,7.502095288673845,1.1308268072464804,-0.14547813090888084,0.626842222864021,-0.08060445044012991,0.23326562568856643,1e-08
joint,667,4020.487609225329,2967.4016998200086,1.0,-427.1886535694258,5.093680168517567,0.8764602475452548,-0.5455970998296329,0.64191558301791,0.034038234758959625,0.19566274950675755,1e-08
joint,668,3845.7801206346585,1321.8692336910492,1.0,-253.23569764485546,3.672468092126311,0.8588438084082873,0.724118134835514,0.5872261780151636,0.20613735055022758,0.1636002799778709,1e-08
joint,669,4059.3784256063595,3589.9619863843695,1.0,-467.8425261240235,3.5837349236049754,0.7474007133523738,-0.5153156333627829,0.7123469141992269,-0.025610690828861683,0.20680891993805647,1e-08
joint,670,8324.518851428445,61729.57271401327,1.0,-4732.805109585201,4.811166489677629,1.1935880637661296,0.5623519375222829,0.6349503066688571,0.123008720525249,0.24295453601009348,1e-08
joint,671,4303.627329415329,5846.582136154776,1.0,-711.5442808879116,4.604577966733784,1.2396356037943266,0.486933731412602,0.6730053626617657,-0.2120344456593132,0.20196453087254093,1e-08
joint,672,4238.762659808921,6552.345899269977,1.0,-646.4440888065582,3.160538114737342,0.9747817197297937,0.21591365207396473,0.6353137294180221,0.021554315266317705,0.19639364087850034,1e-08
joint,673,3950.7823513761446,2377.4245180410962,1.0,-359.14655126730173,5.035290968638369,1.142734034130819,-0.39147488972606903,0.632783967557608,0.07518466970136505,0.18053709955713906,1e-08
joint,674,4001.357230630469,2853.1693682327823,1.0,-410.07523287983486,3.6159871907121626,1.1939228241648063,-0.4651995567326062,0.7301601719145602,-0.11876224290322245,0.19263396560874302,1e-08
joint,675,6581.612305057495,40799.09236707132,1.0,-2989.689456227513,3.0289862926632334,0.7836529114398119,0.16749272204492172,0.6153601471152537,-0.16903759236061844,0.24348668363002396,1e-08
joint,676,5305.963009403798,17920.90005163933,1.0,-1718.59475294692,7.551157370132248,1.1148953850214605,-0.33581162428861816,0.5399792534462609,-0.409735169130655,0.21305191883918434,1e-08
joint,677,4436.1475978350645,8541.80427420078,1.0,-846.6609712631989,6.954781265477199,0.7580239620392921,0.4658576368873081,0.6728762788441884,-0.10432968324464202,0.22077537353608345,1e-08
joint,678,9435.872747510513,89285.18744763144,1.0,-5845.691921549167,4.786406222331182,0.910762748445528,0.7064886083740675,0.667743054256494,0.04505107247139296,0.25430081041059227,1e-08
joint,679,4811.468684164557,12694.69095456384,1.0,-1219.463988840762,3.8116374269194164,0.9647801828310404,-0.5190030629398761,0.6049711337197259,-0.08239707409495721,0.21830835965092005,1e-08
joint,680,4506.753769711714,10117.444376976877,1.0,-915.8219443437722,4.811770113585917,0.7664520951958974,0.700893788912906,0.6516734983819003,-0.17326839570490032,0.21769775928344504,1e-08
joint,681,4185.993446188232,5203.289183085682,1.0,-597.1453431454864,3.336865921098203,1.1957508532724974,-0.7090948224161713,0.6630252217007981,-0.15833986951345186,0.20038841720651193,1e-08
joint,682,5240.321154912172,18722.54196766426,1.0,-1650.49730279105,2.8198719023723577,1.1673093673405524,-0.5478534333607322,0.6758287635108896,0.04379097815421371,0.2237095089796378,1e-08
joint,683,21351.002300800486,296214.8768632079,1.0,-17764.080129134138,4.68021657812837,0.9556765005328223,-0.5982165662900844,0.7267782064655433,-0.1273013211440565,0.28507583300452105,1e-08
joint,684,3933.1032765880586,2035.679249003431,1.0,-342.8596146786108,4.130722076336872,1.0852000105382682,0.4541245678792095,0.69321944852677,-0.11762625325473577,0.1845849181637099,1e-08
joint,685,5637.281013978283,24797.322106876993,1.0,-2049.071596296637,3.9584774298701495,0.7023402020403057,-0.29960664447811647,0.6276486847756849,-0.22639670407499943,0.23961391878187752,1e-08
joint,686,4190.968288880626,5167.752325938976,1.0,-601.65938866044,5.578034696266337,1.0144020673194387,0.7306044829182258,0.7079674688650265,-0.09482823780157457,0.20493287308280636,1e-08
joint,687,6484.389509414692,39153.053267471136,1.0,-2895.5301657535583,3.5640300606793254,1.2148460192077526,-0.7677830427420103,0.6192415260794735,-0.1163609112049713,0.23535987692857308,1e-08
joint,688,3780.3722034778007,493.4746441993837,1.0,-195.135978549392,3.458223435305955,0.9408928871161159,0.5736452120508752,0.7170786730307716,-0.3343516288337112,0.15489102185927023,1e-08
joint,689,3840.9639102581355,847.5505866582025,1.0,-255.4493465064455,4.482355421926378,0.5491248827963392,-0.2877629222660558,0.6664113381391471,0.12122358423868475,0.18286984850475335,1e-08
joint,690,16954.954099348233,219815.0702771084,1.0,-13369.792778139337,5.524323491488042,1.505620311836109,0.34354789729596236,0.5934126382232697,-0.05964543948032793,0.25791334228921886,1e-08
joint,691,9682.15062383975,103525.84589731654,1.0,-6093.445511925517,3.203064337349437,1.1301222873733625,-0.5511897394943874,0.6083624366711117,0.09730347355168313,0.2446004427492967,1e-08
joint,692,3767.0946688829604,542.4362671103593,1.0,-182.216456431525,2.8919318440835355,0.7776796336501234,0.40646301771342774,0.5911819265518677,0.1177012168537058,0.14399103755222306,1e-08
joint,693,3964.2786231491473,3173.0906451878427,1.0,-375.3453812221702,3.5506738146929093,0.8737838369466129,-0.3685892641631064,0.6786557866489138,-0.2670165112519678,0.1901836394813796,1e-08
joint,694,4195.2861468589745,4776.612655553571,1.0,-611.0830776060563,3.2384606068369672,1.1865004986643592,1.4403882929647418,0.5192340831815752,0.1332811634786995,0.18854534710994855,1e-08
joint,695,4143.177585747554,4374.876608777654,1.0,-555.8471822691827,2.868933463111462,1.2231243491021073,0.5160534923316819,0.6492899938440015,-0.11891177797283912,0.19351871079691962,1e-08
joint,696,3813.084506880693,945.4709019672047,1.0,-229.7012602219761,5.887329441770893,0.8966675947361057,-0.4113315793132138,0.6822420712660785,-0.5482406057052391,0.16987204463939962,1e-08
joint,697,4013.2326723055776,3130.545867094188,1.0,-426.887271268972,5.56164883867943,1.0968976069503362,-0.08626637561301898,0.6266913956762832,-0.008001500517424794,0.18299725185053767,1e-08
joint,698,4985.306869249112,15903.723718873836,1.0,-1400.3105110181498,3.170358149374576,0.7260172478836738,-0.48982054913512746,0.6649475752280629,-0.058952696121221004,0.23339460494105566,1e-08
joint,699,3996.4135263266185,3202.0061239957977,1.0,-413.60046614953546,4.493356268335349,0.8210107693796379,0.15399728310818894,0.6368011420669485,-0.3884296361040624,0.1980780907437976,1e-08
joint,700,4930.813381726562,17510.94613450085,1.0,-1347.3644186880642,4.036104898927999,0.8698009546695847,0.5272427412318007,0.681115946607473,-0.2506572370210594,0.22972068696239487,1e-08
joint,701,3929.4752442050576,3184.4509649681013,1.0,-344.6756872011948,4.094110126204999,0.8639100813790938,-0.6064748545445482,0.6395858175454171,-0.3611366954694152,0.17954729483718596,1e-08
joint,702,3785.045520124385,826.2779543476081,1.0,-202.30948598181672,2.6406949748097235,0.8844266460398452,0.05160718396074859,0.608693331849238,-0.04302084483809683,0.15133318043323396,1e-08
joint,703,4125.845427350353,4713.172270282263,1.0,-542.0212552633551,2.850344327586755,1.0092506398302261,0.09712674152797895,0.6986287497934137,0.160785201475662,0.20148338329045745,1e-08
joint,704,4598.922020094951,11423.400632799769,1.0,-1017.4105442158775,4.409104534098311,0.8700800030336768,0.9002576662927021,0.7176765391343992,0.09439368874933088,0.2242593711028547,1e-08
joint,705,4208.027817211918,6775.906873304499,1.0,-627.5037458767458,5.451364476723372,0.8410789631312838,-0.4220557577891535,0.6503877795473002,-0.138797981598805,0.20935422178923793,1e-08
joint,706,9015.533616991286,75799.48789002995,1.0,-5434.825467342333,4.209059030250566,1.3267138750902505,-0.7940877805887979,0.5796340875061579,-0.18312352023191694,0.23780320206884825,1e-08
joint,707,4055.856604334973,4396.225005060933,1.0,-479.014090362288,3.8553289544083396,1.2872137052684618,-0.6040789624326959,0.6491989463429668,0.2822156958004392,0.18967590770786238,1e-08
joint,708,3941.650726269339,2271.9186781298704,1.0,-358.823542987336,3.0383057947419445,1.0287373283443437,0.1867504759397861,0.6590710722018434,0.11981455723879622,0.1877257916845382,1e-08
joint,709,4058.7109215733994,4104.642444798538,1.0,-477.2383860397384,2.9073887113799204,1.0876314397646913,-0.2844211860484612,0.7330559267289126,-0.04326859236679994,0.19842594383544285,1e-08
joint,710,3915.064902290583,2131.2615697337624,1.0,-333.4839654039296,4.700182851933263,0.7887232926295095,-0.46601885203204024,0.6267040533706227,-0.3059823849907765,0.18325453639874267,1e-08
joint,711,8594.84456485602,66035.33086152907,1.0,-5016.875902202975,5.247092880331826,0.8854991530213192,0.8179423245578569,0.6291585080139859,-0.365256792067925,0.2510035708814829,1e-08
joint,712,4153.175754255712,5248.062711181631,1.0,-572.9881623625997,3.7186185720466534,0.741484864743842,-0.1191328284350256,0.6307797686222651,-0.30719470535021837,0.20510385593344077,1e-08
joint,713,6701.404018739087,42690.83065786438,1.0,-3121.7213917752747,4.496154694338577,0.9393436086840417,-0.2623419183006266,0.7180497080193848,-0.10759417673710284,0.24529081637656397,1e-08
joint,714,29369.777977812042,426513.430267956,1.0,-25792.86491721961,3.730134074653583,1.0799750897964255,0.003655443260119129,0.5903431580257171,-0.30682670262820755,0.2752971788634112,1e-08
joint,715,4412.989416114934,7984.884263603485,1.0,-834.1587196297722,2.8366948546591324,1.0362020197003345,-0.5837659392521932,0.66263405308757,-0.019718075224776234,0.210306575616181,1e-08
joint,716,5886.510803925733,27991.545568016205,1.0,-2306.571288788429,5.142006079333178,0.8064378352176949,-0.48759826612010815,0.6360650165370669,-0.14732582528642635,0.23932318633121955,1e-08
joint,717,6696.648872491517,38940.77456486998,1.0,-3118.256100303911,4.693665968249796,0.750612708480428,-0.09565444137795065,0.6012239961303946,0.16566108471060734,0.24306512559482601,1e-08
joint,718,4845.713112731863,13510.410554086047,1.0,-1265.81606151906,3.9284850435345717,0.9598754435537052,-0.479826924451887,0.6863631201894954,0.053375432581527264,0.22585633060171126,1e-08
joint,719,4082.132652358083,4341.438035739866,1.0,-503.07208307672386,3.9411691403540487,0.8818408102656774,-0.5406448576301917,0.6193494191476291,-0.05284474953061341,0.199418372695357,1e-08
joint,720,3786.5968409617485,785.7973558966012,1.0,-210.84108958199658,4.764282403657571,1.2110183228480642,-0.3789988113558014,0.7109022633836871,-0.11409540642609982,0.1586076284466548,1e-08
joint,721,3792.5841525290975,775.4361577153809,1.0,-213.34385733003927,3.4099228803010657,1.0040865824305558,-0.5907126890161403,0.6419779582642124,-0.2971447485329475,0.15839725686721803,1e-08
joint,722,3781.6266037860073,598.6352700093438,1.0,-203.06800473831697,4.362533614682688,0.8206736346894468,-0.7663955169679906,0.6200650079584261,-0.1272061663532465,0.16245822196847312,1e-08
joint,723,3947.2291315530388,2406.150945550188,1.0,-372.19708354364235,5.5558411597042365,1.1581273966931929,0.2950639892914869,0.6794436424961824,0.20767833915255482,0.18717701846092247,1e-08
joint,724,4102.923242876375,4658.3985860213925,1.0,-525.882120013202,6.06416500563059,0.9733233416548259,-0.6209971200318443,0.619867892885548,-0.3436843617461847,0.19373693451078286,1e-08
joint,725,7904.048911755481,55197.01552736059,1.0,-4329.1432070134215,3.818004507581069,0.8467536458592123,-0.11728818356037762,0.6209078624322607,-0.036011041401998074,0.2526453540313981,1e-08
joint,726,7595.362465369675,55984.25552409261,1.0,-4021.9603353136895,6.494988377435103,0.9736701134107117,-0.2293065755626742,0.5340589615662565,-0.06641642358994329,0.24108851526302166,1e-08
joint,727,3958.0845122480455,2446.978000543277,1.0,-382.4135834468117,3.7640601728423775,0.945679792625507,-0.2556233515046201,0.5853979589320636,-0.05168632124186741,0.18485670909460236,1e-08
joint,728,3994.968921691815,3024.9488063557274,1.0,-419.7471608429594,2.5440681139986885,0.7675703492933402,-0.7810856530393321,0.6372455917626345,-0.05309762947333931,0.19480709562131118,1e-08
joint,729,3838.868273684167,1193.14406954328,1.0,-264.0574768915495,4.943924296335792,0.7879934268403989,0.47192435197958826,0.6596781352042678,0.04682903696926281,0.1830512719644795,1e-08
joint,730,3938.337210895939,2399.781763447334,1.0,-362.71513179081524,4.671490375527729,0.8804608938659941,0.047671140471886586,0.6320282697928759,0.16159020938896246,0.18759193780153982,1e-08
joint,731,9404.932425545881,77290.1775990428,1.0,-5832.6352164716245,4.286203057444906,1.210517077689795,-0.4773872289458925,0.5396683984603214,0.15311056541569584,0.24147763459329194,1e-08
joint,732,3780.501488932243,731.7248489789565,1.0,-208.04283097413054,4.877619797845657,0.9358963172677444,0.24709237210980872,0.5704286757769695,-0.18111488078127086,0.15321608421373997,1e-08
joint,733,6338.348447935078,34783.54692853705,1.0,-2764.624588063648,5.583353753354741,0.8749786265442862,-0.12163082242560841,0.6078008244657589,-0.09762767256458248,0.240730975670381,1e-08
joint,734,19290.67423652497,245121.7069457203,1.0,-15720.407494189887,2.4803745205970014,1.1248151076421595,-0.010544318309303025,0.6105477542778388,0.1697653398674672,0.2698283563091384,1e-08
joint,735,18402.064978651008,250877.20476791475,1.0,-14832.669478113778,2.6187894606144275,1.0358010744133739,0.4074500653518732,0.7156340185945448,0.3118356689477163,0.2696919420386009,1e-08
joint,736,4636.406627834465,11076.997613754678,1.0,-1065.458816576666,4.754098643994561,0.9243594635323844,-0.07822727065714219,0.6110039418459446,-0.3066394464512294,0.21778553295352024,1e-08
joint,737,5119.403095272985,18176.97570231637,1.0,-1547.7558508739387,3.788997002915454,1.0652964235703142,-0.48845807567788607,0.7323446158182805,0.031444138384123715,0.23210940453487078,1e-08
joint,738,3810.1421665548696,1217.1974587862965,1.0,-239.0169669945883,4.4245694842210055,0.8808823638157522,-0.025979170915192973,0.6638746159615392,-0.23774066666827517,0.17229606476256767,1e-08
joint,739,4493.749360382883,10155.652974508663,1.0,-929.6339480587841,3.157193987926041,0.7580102930236557,0.42767102715256267,0.761991898147977,-0.1952062923832084,0.22680104879076868,1e-08
joint,740,39647.70754822389,654072.2866079028,1.0,-36078.73826247427,4.74121088556762,1.1202809187633638,-0.3935337821278714,0.6882417810044548,-0.18019940738821158,0.286302691452517,1e-08
joint,741,4230.5714339878095,6110.159404984222,1.0,-658.5713974202457,3.2766076420320216,0.7976746636394976,-0.6540813667492935,0.661184296134354,-0.3358566273442981,0.21331231015225866,1e-08
joint,742,3968.855195021612,3242.8758259998635,1.0,-401.253064409579,2.2819477565619386,1.2411370944951858,0.13854330455534603,0.5968709959642854,-0.4478853560884964,0.18178774016499175,1e-08
joint,743,3789.8181381171175,1163.8196020607331,1.0,-222.20840082378427,3.3932795031580403,1.0771948044126913,-0.4581761982439877,0.6955210765159721,-0.6646312796666336,0.1593004236920391,1e-08
joint,744,3808.941113912195,1127.4783770322117,1.0,-240.37149587624288,3.655346857677686,1.3718797437572785,-0.3315079186797766,0.6376794234060148,-0.16119932048435034,0.1599547247549254,1e-08
joint,745,29545.73008440487,463494.0705974715,1.0,-25977.429129801523,3.570828146366708,0.806918948646348,0.021714559475687456,0.6367182112858331,-0.048224919483342676,0.28576003232158154,1e-08
joint,746,4073.775297157842,4174.510958066296,1.0,-503.61828508533335,2.734604296354492,0.9350769021541092,-0.08824241846448011,0.6097094543276269,-0.3835380575466283,0.19533096018679777,1e-08
joint,747,4131.7558771047525,4915.59905676435,1.0,-562.6312520289415,4.136929028018449,0.8617524968791496,1.2221250389105043,0.5951210623967907,0.1232452786702904,0.19837139136775267,1e-08
joint,748,4704.6116565422435,14222.281680256712,1.0,-1135.9973194431234,4.699611543928919,1.093127547044841,0.6798404426767989,0.7054808082178305,-0.1045836751415134,0.21878702146635684,1e-08
joint,749,3769.3700415459716,437.2488859240996,1.0,-204.06586246853956,3.9085972755324017,0.758639436792845,-0.09170213975749075,0.7480957854435021,-0.403169347832916,0.1480544506212352,1e-08
joint,750,4036.206291927715,3282.785158029265,1.0,-467.11909830548313,3.643992030162182,0.9160841007806905,-0.5693987600774622,0.6390463848464675,0.14879402770209596,0.193970592908671,1e-08
joint,751,4493.658508409943,12313.374262918207,1.0,-928.0210531525621,4.238096028710137,0.9234677555333791,0.504327200647224,0.6505464557681839,-0.6660198334623567,0.21242019583009386,1e-08
joint,752,3906.485611009351,2764.228861622435,1.0,-338.97991173992074,3.9292393796142076,0.9274797632172828,-0.36291360476677403,0.6006012292767695,0.08644741734806737,0.18240661073697367,1e-08
joint,753,4525.185662574476,10228.900887515598,1.0,-956.895216790292,4.51911133690551,1.1041756181176046,0.21398192199206256,0.6652207919579951,0.05670164960742147,0.2139291716332164,1e-08
joint,754,3996.1270416756424,3832.1205569691315,1.0,-427.7016957919718,3.13786595003151,1.0514958447228218,-0.21248064893509333,0.6090259602351261,-0.15391588950519636,0.1795211123599265,1e-08
joint,755,13922.89046274321,157163.9653997017,1.0,-10357.770694963589,3.166843766865253,1.2069359563545552,0.3353183646060095,0.6996045570623273,-0.2678847576866833,0.2645652354742034,1e-08
joint,756,4296.228709529992,9515.397940821369,1.0,-730.2563396810866,3.1807128599886654,1.2197617486903214,-0.7642243135848247,0.6230177309764979,0.22360822507781872,0.19725996292531894,1e-08
joint,757,12078.629597872894,127306.05228151173,1.0,-8517.181620629373,6.098610185687892,0.893828133025948,0.12231113029497898,0.5865410842002073,-0.3430157350193682,0.2565634635727515,1e-08
joint,758,3829.85425389467,1236.2056042772738,1.0,-264.57094513185837,6.116954063708795,0.8760012014107789,-0.63182968006539,0.6742025458964153,-0.26663245015029463,0.1783187640329873,1e-08
joint,759,4231.338084489411,7003.085470270402,1.0,-669.5121160140304,3.5003764413931298,0.8448802950759707,-0.5612704886260899,0.6842015547522625,0.5081279540564714,0.2124346170352112,1e-08
joint,760,7264.198123959355,79253.21627945798,1.0,-3699.8071509448114,3.1872023243843044,0.9128011660622115,-0.23186997894429873,0.614938131412846,-0.4867502409210177,0.2445448790020509,1e-08
joint,761,3984.6916595054226,3254.3626365218524,1.0,-418.51367521805264,3.5130465399766013,0.7539429470269098,0.38372745794431784,0.6278731793698056,-0.08824756140499283,0.19666329575705016,1e-08
joint,762,4121.512267779776,4575.655131239705,1.0,-556.94581055983,6.8525988159949085,0.9543086861254707,0.31655334869212826,0.6523419890973602,-0.07775889229258671,0.20128629482923296,1e-08
joint,763,3825.8619242398704,1279.7716381307487,1.0,-264.9337248096266,2.8900668016899713,0.8462475359992048,0.03115715809199482,0.5586893660585283,-0.5547980550689103,0.1675967592421985,1e-08
joint,764,4367.67352312622,7440.164822139949,1.0,-802.8548083517759,3.580861981044137,0.8909092871586789,-0.6235744944548582,0.6932721283833131,-0.03198927789517887,0.21703421862264036,1e-08
joint,765,4061.8571839207343,4763.152682443371,1.0,-497.5174206622007,4.545527956408268,0.7124251193633511,-0.3393008831785137,0.6320706479402445,-0.0050614775773717745,0.2011040865013601,1e-08
joint,766,4003.738338850356,3601.5983418521996,1.0,-439.74503535257395,5.804525576426503,0.9885783239485001,0.043660665047160374,0.6356480620009165,-0.07731084071092847,0.191071761832965,1e-08
joint,767,4203.570424350004,5924.06516676349,1.0,-641.6849197036676,3.649218860402688,1.2452576605447032,-0.39414913114207,0.6473304961352013,-0.5160298523463385,0.20004390039034353,1e-08
joint,768,3878.955164206808,1853.1884531083122,1.0,-315.8594222332644,3.7918837039514264,0.9789083485288638,0.16911174220395242,0.6235196455525326,-0.48606594765447914,0.17280976361106118,1e-08
joint,769,5910.473083532586,30589.436337111205,1.0,-2350.630509228596,5.167415334528835,0.6426278139974533,-0.35887373921551446,0.6645149444820356,-0.20045128732832762,0.2427281812181317,1e-08
joint,770,4383.766343251143,7769.425712049584,1.0,-820.798088340839,4.535121864508962,1.0134936181266132,0.3316878706688716,0.5963230965293901,0.2117752109577561,0.2073035465455585,1e-08
joint,771,3969.2497917169167,3058.1393556913777,1.0,-406.76125778352366,4.266192530238265,0.6908481127129539,0.7374232907749373,0.631860104201006,-0.21490592459309224,0.19629984820807292,1e-08
joint,772,4288.695579147003,6597.432575172223,1.0,-727.9545429991972,3.7108510905332013,1.1989712469999863,-0.7191763922775511,0.6660950067493618,-0.5628763943301911,0.20773472685970812,1e-08
joint,773,4134.370139754842,4224.466469214178,1.0,-575.6951964167037,2.9821173019354155,1.342445955667337,1.3305580855549146,0.6410379559230014,0.09285370165522143,0.19034142692127465,1e-08
joint,774,5013.372367234087,19641.48994936864,1.0,-1451.4898870999434,3.9880824083671302,0.7385224645502885,-0.5755200839599578,0.6601737345249377,0.10613025571878981,0.23318104050456065,1e-08
joint,775,3800.2775280705478,1164.1243398009865,1.0,-239.8909810314197,3.176014050937878,1.2279359484449563,-0.5539721153042934,0.7484844444366334,-0.15917681132033584,0.16904534291602913,1e-08
joint,776,4536.163256607958,10341.333288097172,1.0,-979.6058976524803,8.766736885906973,0.8404880706876,-0.215833255128704,0.6617884545356562,-0.1471256198732489,0.22262111283246905,1e-08
joint,777,5933.500420508033,31234.358506554145,1.0,-2373.9834682589417,5.572420254343001,0.8231243696057587,0.22432885432754335,0.7238411187696868,-0.13744834269840417,0.24454294106332095,1e-08
joint,778,4343.086409926106,7429.6369857174595,1.0,-783.7225393585474,4.653150132671787,0.7354572742887852,0.3748539070924767,0.5867962457066318,-0.19980199285752318,0.20721838026938794,1e-08
joint,779,3758.8205152337005,618.0072501316138,1.0,-205.24262794488453,5.639453939494187,0.7730333622515422,-0.3553126685732437,0.7064725896852898,-0.3982962779634216,0.14119761996988808,1e-08
joint,780,4804.626161541358,13947.898326820752,1.0,-1247.4587396745567,8.041407552713608,0.8917173214269254,-0.26755718328350697,0.6936668550232727,-0.18028076386379227,0.2256927511952554,1e-08
joint,781,3998.941613520396,3181.2555398589293,1.0,-441.3872689834847,4.84159320782182,1.3237702254548902,0.03592496400611245,0.6804544112295848,-0.21217782798362753,0.18717028661816035,1e-08
joint,782,3776.1715141264444,820.6973594802135,1.0,-218.32210338133925,5.088659717789437,0.8696501085907399,0.9680312217414099,0.5862512580866042,0.20201456259272127,0.15516077125159777,1e-08
joint,783,5676.199071911218,26193.801941431695,1.0,-2118.098803116382,5.504093177612969,0.8944113416698231,-0.6498820169145532,0.6060330421335945,-0.48951426130030035,0.2341555947964363,1e-08
joint,784,4118.091816091737,4654.398468024666,1.0,-559.3013945975139,4.289035132958871,0.8525373157118686,-0.5819332865526685,0.6162107984234492,-0.3557595547693792,0.20074243136722725,1e-08
joint,785,3905.4562627765663,2155.7212711332777,1.0,-346.4607252089679,4.693385409541133,1.086446023348922,-0.019230898189478762,0.6178171552712926,0.09256137926635678,0.17732902766775263,1e-08
joint,786,3835.3584226189346,2236.3983501122816,1.0,-281.3169450490915,7.138410909480888,1.0708836729267026,-0.41433883240125097,0.589507056023178,-0.5625498947012004,0.16763266621666803,1e-08
joint,787,4327.047229648357,9651.97900165608,1.0,-767.5977255829705,3.948521895195361,1.0526069744344513,-0.4327361541741657,0.6479280773321227,-0.24742620607457438,0.20400895508116246,1e-08
joint,788,5254.148770995373,18214.5197356019,1.0,-1695.1535416032284,3.2570060599503368,1.0478564483513073,-0.45003780482985045,0.5944972933404,-0.11584764889046616,0.22477723154321425,1e-08
joint,789,11674.915639532437,122342.74624787293,1.0,-8118.248077088871,4.111501429570012,0.9828030070882953,-0.4065787688804874,0.624355110833709,-0.42479715412546754,0.25709675590520964,1e-08
joint,790,4391.430127083264,8398.169532719221,1.0,-832.6404998218895,4.219134173887794,0.9893557740642355,-0.6556534984160359,0.618499630513558,-0.2368033465075399,0.20980775687573028,1e-08
joint,791,4215.776077131727,6337.068287359973,1.0,-657.5746188343213,3.412155438880793,0.8666789542745084,-0.4007740941973236,0.661929281275372,-0.02123476630832886,0.21147264236059998,1e-08
joint,792,4392.315426510958,8477.62377987913,1.0,-835.2966913640655,3.708107182580897,0.9907738328752878,-0.26819963172540273,0.7226104318296716,-0.07812563643273052,0.21461915031145629,1e-08
joint,793,13098.96695785213,164989.93217109275,1.0,-9547.155451028731,6.859734039949087,0.8377077866611258,0.21804942006508166,0.6385083480827887,-0.24915977850232582,0.25832146008265405,1e-08
joint,794,3821.287339201087,1543.6310164013928,1.0,-264.8601999267871,4.316701294164417,0.9733167580514982,-0.06313425479550261,0.68311596807656,-0.35799028448226683,0.17326568882215326,1e-08
joint,795,3954.833374530621,3445.6480001940654,1.0,-398.2910353391932,4.790057049479348,0.8038330423076937,-0.7963329582379584,0.6428498726701496,-0.10748296918853048,0.19123080816784746,1e-08
joint,796,3901.176511582661,2179.428129698648,1.0,-349.22217811246287,8.462291814846909,1.0890438733929393,-0.6079789876647442,0.7165327940007201,-0.49685474548261266,0.19260414205514334,1e-08
joint,797,5345.127143187269,23289.20927028938,1.0,-1790.1037801937553,5.190068386009376,1.3441291630412942,0.18769812162302724,0.6200762640180161,-0.11861608548407788,0.22051334344498424,1e-08
joint,798,3825.5885422119622,1316.4649183629995,1.0,-270.81229223856917,5.244857333459892,1.0585844310861068,-0.7029926687012288,0.7067253592354719,0.15636841258988365,0.17797535441774992,1e-08
joint,799,3952.0524869097635,2883.2113993444937,1.0,-397.55915775330664,3.363577931255419,0.8488626472961189,-0.12439263704327552,0.6833521687079467,-0.5874743210614602,0.19587395101678928,1e-08
joint,800,6571.585065874029,40418.48254096944,1.0,-3017.1018443127905,3.8100303990795332,0.7948345908212482,-0.1744534153510544,0.6659130264829138,-0.4106786247157416,0.24574394993300921,1e-08
joint,801,4122.925338614316,4815.183423611763,1.0,-569.080708742014,4.331018948692156,1.0684694246791315,-0.14803949114870574,0.5897784387490899,0.16827756886916237,0.19663765442675754,1e-08
joint,802,3776.7094790411575,672.9434189334859,1.0,-224.30971084877294,3.631752049531749,1.021077049509188,-0.08593387515395134,0.7635988545610808,0.19153763813443195,0.16785583763531967,1e-08
joint,803,3821.980747303528,1370.9775854909826,1.0,-267.8044178251869,4.820451862337276,0.8444308141839437,-0.6140343316749499,0.5985151388580536,0.1268101723185029,0.1749624135072962,1e-08
joint,804,6063.7459700860945,29742.719248308273,1.0,-2511.811308693852,5.352322483931891,1.0347002564297338,0.39138778886769254,0.6048600063731425,-0.38053736100059077,0.23109405103377886,1e-08
joint,805,3803.6263371663,1219.4073819774392,1.0,-251.04143153780126,6.2512142566148805,1.0234648631504666,0.38081472386025406,0.6426660178766939,0.17456129001024995,0.1683386762618563,1e-08
joint,806,4105.654603284206,4720.310989588507,1.0,-553.3169711900106,5.073757210836978,0.7919008808606184,-0.23526629096318052,0.6126813513073286,0.3131558310327506,0.203895917053462,1e-08
joint,807,4055.630709583949,3960.829451920181,1.0,-503.1571228956376,3.550893885745294,0.9368557012552845,-0.5359061629061412,0.6952800002967581,-0.1924655301444631,0.20380058500992948,1e-08
joint,808,4240.340335463091,5952.186402943629,1.0,-686.7810434685756,3.9921035919530636,0.8006716156155737,-0.43664141751294405,0.6517806389572204,0.09583477113537336,0.21087799034431268,1e-08
joint,809,3845.786724509331,1464.8532485116823,1.0,-295.55658912419153,3.904873935442656,0.6760172670117554,-0.40018010355448497,0.7183200940389787,-0.32412465045090755,0.1929335890029969,1e-08
joint,810,5371.914286770338,21377.344475235433,1.0,-1821.6014902436527,4.921164037709859,0.9104560492967447,-0.16025456794052328,0.6299100223208538,-0.5402293934558456,0.22751938989405945,1e-08
joint,811,3786.041337058219,929.518209914233,1.0,-235.67374110414093,3.266158148888814,0.8114457651876844,0.3184474798414426,0.7104049720590299,0.3035216773209238,0.17410685442811016,1e-08
joint,812,4381.20043480117,7997.474678870444,1.0,-829.9755441406979,3.0579501756771448,1.1038972439525097,-0.30212436426475275,0.61823859360467,0.15526547495330148,0.2053854794966779,1e-08
joint,813,4091.311184239586,5529.813708937966,1.0,-543.0834583734942,6.626083786997687,1.005150480849193,0.4991796073217917,0.6418599889151088,-0.16329452450149454,0.19816319699056253,1e-08
joint,814,4525.590824343444,11262.968475246758,1.0,-974.2049011708054,3.596158271548436,1.1425261714606723,0.3899436156723878,0.6566620933065929,-0.1148375004587122,0.21488472875423514,1e-08
joint,815,4828.254497833121,14097.622497033448,1.0,-1278.9252395709707,4.702781074358056,0.9412541924013694,0.18774097439717463,0.6034955314281233,-0.3191516650302129,0.22260345182035607,1e-08
joint,816,4109.919592684968,6619.850313888246,1.0,-560.2755707481294,3.53200913690771,0.9231634753399715,-0.3954510036279923,0.6404499124226523,-0.33028466885237456,0.19795388384614898,1e-08
joint,817,3775.52904855858,859.7807649250204,1.0,-225.93123513564356,4.660346383203783,1.0724666967333958,0.0038025773839841515,0.6220105162412479,-0.21875298578641955,0.16054007749696694,1e-08
joint,818,3871.3892327925214,2164.320728208119,1.0,-320.4081354469516,4.127076268717025,0.9759962450428186,0.07348247081019799,0.6365446360667755,-0.03005810288997297,0.18167882985473752,1e-08
joint,819,3930.542179887178,2543.5463319088667,1.0,-383.0262088774576,2.4753224328367196,1.1011448609497947,-0.22830523662842583,0.6289711132276754,0.013640089418797104,0.18306525219657818,1e-08
joint,820,4200.266233897905,6820.538340924932,1.0,-651.1715681423835,4.75027923990541,0.7456850019321801,-0.5169508334242194,0.6683316309514734,-0.0785954235945821,0.2117496983203255,1e-08
joint,821,3945.711332595297,2950.5887266931463,1.0,-397.4479434978733,4.0604771309411785,1.2146746978326246,-0.17382672878672212,0.6675231600394611,0.24274115278844177,0.18698993330846742,1e-08
joint,822,3908.9930718657733,2455.4250716952283,1.0,-361.7456939321971,4.468085346467728,0.885816937086197,-0.2690551239231712,0.6020851922005134,-0.44422123227774707,0.18862307934627032,1e-08
joint,823,4948.96668093653,15899.176474627186,1.0,-1405.720826967672,3.1269171829514333,1.1411281437003524,-0.2715879403204844,0.7656787186329105,-0.4369572566273798,0.22808692892359614,1e-08
joint,824,5210.518513828308,20446.74024232559,1.0,-1663.0324433106027,4.120241979448525,1.1887464679823172,-0.7432890202116395,0.7010095405087088,0.015293228961980413,0.22755833793066252,1e-08
joint,825,4230.51686679235,7354.990873663526,1.0,-683.2405065086307,3.636632539605108,0.793743805253248,-0.15632133069577814,0.6319454351427258,0.2731386507788396,0.20837117890200232,1e-08
joint,826,3974.329438837968,2907.220994751138,1.0,-427.15554796407383,3.8863936740680547,0.9681725584812712,-0.18994715286793806,0.6498958017112743,0.24275597057288503,0.191979765122559,1e-08
joint,827,3865.494311283847,1995.939521697441,1.0,-319.01906159182454,2.7873010607823376,0.8010464021393114,0.02873783879330183,0.6191500492034276,-0.3562964546918215,0.183339072536002,1e-08
joint,828,3999.250219362247,4105.542313537696,1.0,-455.2089380241773,6.03795488752827,0.7508567416032129,-0.4083246391017514,0.7173648568459383,0.07211964937449594,0.20569138917444252,1e-08
joint,829,4057.2435741604545,3814.6425095906047,1.0,-510.32025385448577,2.830861071724649,1.0003788780080678,0.26454966647627576,0.6146028044077546,0.07310455662481395,0.19624363762645247,1e-08
joint,830,3884.3438010048994,2310.32927523253,1.0,-339.7698942438276,4.384499739700667,1.1154714226962081,-0.10122820746616967,0.6865772953832018,0.08077552965735874,0.18393412432648745,1e-08
joint,831,5985.684547392745,28907.041275803207,1.0,-2441.391322752457,3.585485339714759,0.8722685883255545,0.022704344445045765,0.573601112847344,-0.2028679883053437,0.2367965144066571,1e-08
joint,832,3774.3487435760576,1096.6697185807766,1.0,-228.69521272832287,3.0369842968807887,0.8409268580708287,-0.03574036349817422,0.6773661811555127,0.04272308497794275,0.16889627692636575,1e-08
joint,833,4081.733744216519,4030.8503471576773,1.0,-539.6379812617131,4.2957071605286625,1.437236073968037,0.7497874546279898,0.7028232910357802,0.29759867943421825,0.19369726193295586,1e-08
joint,834,4267.5303404025335,6462.139524155859,1.0,-721.896778376943,3.779280754551753,1.024691353151697,-0.14034119990344407,0.6278471176529238,0.1331699838357956,0.20379529566950502,1e-08
joint,835,4116.504883284513,5054.395078401368,1.0,-572.6407200469839,4.576994752421683,0.8624918311257718,0.324218233624498,0.6702686386597932,-0.5031283467945203,0.20543620562955314,1e-08
joint,836,3798.2738203962294,1217.3868525725602,1.0,-260.3092533753237,3.566718739185987,0.43999294430055386,-0.5228912303801523,0.5917201042671147,0.04903672618206727,0.18123322935826278,1e-08
joint,837,3802.676618007059,1451.3694799178468,1.0,-260.69150848775234,5.634968880325188,0.7824569390409551,0.07400226988220882,0.5960795428211076,0.24294209669479822,0.1744786914196078,1e-08
joint,838,5808.000080569449,37742.15726461615,1.0,-2266.306363848463,6.079580408429089,0.8593279719316377,-0.7509747466360785,0.7119319569090928,0.0529547751735437,0.23805262932372986,1e-08
joint,839,4009.4239254244735,3728.8066392285914,1.0,-465.3579750070456,3.1538898381543214,1.2242620055161062,-0.2117954289772087,0.6814223946102954,0.005566496329249009,0.19286220180964678,1e-08
joint,840,4526.863966643492,9731.92616751009,1.0,-984.3498986605579,5.001464467395472,0.9788920959213188,0.41155086659862616,0.5929613245604625,-0.3254518203214417,0.2118602812414369,1e-08
joint,841,5372.929567485615,21140.605425318314,1.0,-1832.459423269474,6.327943326371295,1.109949040654955,0.2108351994119807,0.7008048627831179,-0.021737520453465067,0.23253383182258067,1e-08
joint,842,4043.2635133658077,4120.600578639351,1.0,-503.286409478542,4.854360008073538,1.433630408412654,-0.03998778021041016,0.5944516561392601,-0.15454307666663414,0.18236414306418125,1e-08
joint,843,5223.16559419888,20456.34174328664,1.0,-1684.3581867625942,5.085378546509865,0.8190433177811931,0.18436201287935483,0.6378114741600864,0.4602795767662768,0.2332096200639249,1e-08
joint,844,3962.646967705193,2929.912187614313,1.0,-419.845014502523,4.308390045543131,0.9998798846831298,0.00793521366476968,0.6229594311160905,-0.02760525715301501,0.19103356944538966,1e-08
joint,845,5026.786200970032,17072.39863110978,1.0,-1486.2587072015701,3.696875983949651,0.9869172746166124,-0.2060211190730422,0.6835855422389886,0.08675413822775771,0.22852447403065176,1e-08
joint,846,3821.796058632915,1413.2317101964045,1.0,-281.00640997416014,2.8820060227045072,0.7780215058479439,-0.3176565797107087,0.6016441311835159,0.22340758069122227,0.1790344774076266,1e-08
joint,847,4340.54293844235,7692.380752560323,1.0,-799.5272380752654,6.061048979707927,0.8984164369103966,-0.06738681622042919,0.5902364258925964,-0.05310351986522654,0.2056845751243896,1e-08
joint,848,3758.539341587472,1031.1691516761796,1.0,-220.10850898475599,3.3812293580982926,1.0003755980587432,0.15459896069675594,0.7472704715711046,-0.16246932102938916,0.15045530071727084,1e-08
joint,849,4020.1315059120475,3928.021180106588,1.0,-477.672521126923,2.916526012070808,1.0052881940393892,-0.4622346114588251,0.619445008918747,-0.036205616449372806,0.19424566988818306,1e-08
joint,850,4180.4185761727385,6269.1131989326295,1.0,-642.1798161027485,4.813944265037861,0.8052263002421127,-0.6817672321390695,0.671568633063638,-0.5041617121417806,0.21412756280052547,1e-08
joint,851,4064.8416733375925,4606.088572696577,1.0,-523.8719045053898,5.394030213891915,0.7834748741783018,-0.6532144766884826,0.6422487876689394,-0.14188805743592559,0.20535227427872235,1e-08
joint,852,5161.262483080458,19040.688276062952,1.0,-1620.783659730654,3.992438031816949,0.7810975212980944,-0.6080632741533971,0.6870468657769764,-0.26021423274573663,0.23405208668411395,1e-08
joint,853,3828.8372026293164,1624.064974597386,1.0,-287.27352877619046,4.206814131102222,0.9839896377700966,-0.41064607285362065,0.6803588745723992,-0.20682977536757802,0.179692833507473,1e-08
joint,854,4471.880208307248,9375.377167789577,1.0,-933.0096942035539,5.270607522071479,0.7575932295590327,0.38425889225751264,0.6064849347371273,-0.16931560278038998,0.21943653400288046,1e-08
joint,855,3953.406828238222,2797.669659785978,1.0,-412.1573705968866,3.91143116165256,0.9476098003646063,-0.2394808592097788,0.6625883074748661,-0.1844809639189742,0.19325187203601196,1e-08
joint,856,4092.3228575508074,4592.157949999719,1.0,-556.4629036138703,2.8293994525482624,1.2940396807649004,0.7133184734060335,0.7175933944563044,0.2854079816368999,0.19913823221193372,1e-08
joint,857,3910.882225289458,2499.4274208825614,1.0,-377.7155506009543,4.320062291130161,0.9220651050415182,-0.2645638291788901,0.5057298856661359,-0.07193832859827626,0.17480011593223838,1e-08
joint,858,3851.2192386440333,1683.3519966849342,1.0,-311.8239662352822,3.556462870656142,0.9988606182666078,-0.3416176062890744,0.7030928635281066,-0.14166627380694477,0.1874497239941193,1e-08
joint,859,4251.68542436188,6949.563433026709,1.0,-715.4471196967046,5.630067064323622,0.8522552726356788,0.6818110065214124,0.7271517498748447,0.11430894991786279,0.21550639514312117,1e-08
joint,860,4375.881342535084,8094.141942803052,1.0,-836.587749587213,4.5087355204996715,0.9380510979038904,0.5178009402951268,0.6077484113912976,-0.1511233054452081,0.2079146681376406,1e-08
joint,861,5559.404404872969,22526.499845938557,1.0,-2020.948218679722,3.2294050321103036,1.219866029177143,-0.4291243942955927,0.6334977703033372,-0.13038660353620632,0.22795760439581172,1e-08
joint,862,4115.677431911733,5163.21584576629,1.0,-577.7137505565235,3.7495492486452697,1.1954414813235084,0.3118152807003499,0.6482713302839985,-0.24711873084473088,0.19348177035706396,1e-08
joint,863,8458.849302920851,63041.48743516195,1.0,-4923.488993157603,3.182816711570303,1.395201322283335,0.07442921050120321,0.6389746991598623,-0.3712778624595558,0.24536112269755656,1e-08
joint,864,3731.739460794384,488.4825924360142,1.0,-199.37929156838103,3.7721158976773035,0.8540478231750429,-0.6686047378409037,0.7666423387944005,0.2660594641667553,0.14575149561658166,1e-08
joint,865,4080.7882828513184,4513.558083386681,1.0,-543.9515755401967,3.0489028529173545,1.2166391093968625,-0.7514903097459947,0.6850593290451321,-0.022373072837289027,0.20006600726265147,1e-08
joint,866,5878.716161399489,30184.31470715958,1.0,-2342.7552107364722,3.155613877895492,0.9604615781416334,-0.32744908825382957,0.7509658907371013,-0.21013092246871998,0.24029248427741146,1e-08
joint,867,4850.577449032821,13694.72553938764,1.0,-1315.5835171359802,4.7424556489118785,1.235701889570434,-0.7960648937767831,0.6194174406035774,-0.2800257463273495,0.21656708446330106,1e-08
joint,868,3864.3473640148923,2098.7123622989643,1.0,-327.64993893851556,3.554212604407681,0.8447843651915863,-0.2842313323864526,0.6342327055610049,-0.4152755247983636,0.1856706434710861,1e-08
joint,869,4163.735969587671,8584.098457798424,1.0,-626.7616883376844,2.676472501011318,1.0080868702213337,-0.6384498291240808,0.6863211031223606,-0.06829679507316197,0.20640728398290303,1e-08
joint,870,4355.333411409123,7688.98891246233,1.0,-822.5450564199476,5.83853968822438,1.1484043656333736,-0.7392885253761379,0.6851986648672999,-0.46667799319722825,0.21082862945859815,1e-08
joint,871,3793.1651860716547,1446.1784173663289,1.0,-261.15896060521976,7.920295429751966,0.9301828779569936,-0.7568811721215581,0.5637954439342128,-0.1380430091868931,0.17109789940079267,1e-08
joint,872,3768.3945717438587,1586.933731590424,1.0,-236.5344134125278,3.0041530243056513,1.5163924350287015,-0.6849400539633564,0.6395066353950418,0.0511771751367227,0.15083054312763255,1e-08
joint,873,3786.876838406855,1044.004018228146,1.0,-252.62565624612188,2.8904289636351126,1.0672440342200742,-0.14507664466477577,0.676891787212239,-0.2754626357032358,0.170284283275492,1e-08
joint,874,4327.078193233901,7033.648941563568,1.0,-795.8798931222949,3.493472976551355,1.1161635329858535,-0.1807134609633242,0.5335103420756936,-0.057821800782368184,0.19945110157372206,1e-08
joint,875,3952.2796826308513,3555.73176374285,1.0,-417.27549129091983,2.7944995483227246,1.1152405359647695,-0.2984613706746123,0.6394717027134558,-0.06758671459918626,0.18494240789807537,1e-08
joint,876,3871.928687222867,2009.9322885496304,1.0,-338.6504930939918,3.031193004774179,1.2699967103253864,0.12780780360843857,0.6714572456229709,-0.09372872263394473,0.17882506862568712,1e-08
joint,877,3733.645203338322,439.85142101914397,1.0,-203.7878674855284,7.089281403026954,0.6453385790830684,-0.6546634824533164,0.672620844623376,0.18245702403198838,0.16229035724450244,1e-08
joint,878,3849.7560575240022,2156.3404283357136,1.0,-317.15576851326296,3.769831949309685,1.184041982792083,-0.41344358330118564,0.647723378415397,-0.1700196748598037,0.17971663124519552,1e-08
joint,879,3922.405236251007,2888.616107133699,1.0,-390.44993858619864,3.236439482071373,1.1807672251139194,0.5207445933122342,0.7412527739939364,-0.031958651447321226,0.1869587742529626,1e-08
joint,880,3965.761567780465,3539.9379161655534,1.0,-435.3057199220318,5.4385990632029815,0.6819927910033878,-0.6546687343765323,0.6644465043415017,-0.023587733955970212,0.20347158211564212,1e-08
joint,881,7609.560218802078,57613.899514664095,1.0,-4080.001326821964,5.320199443258485,0.9118897912518545,-0.2692311321450206,0.6078628247118097,-0.37372752269574827,0.2473277250534434,1e-08
joint,882,3821.066526325504,1658.110231958292,1.0,-289.81518864156953,4.1408285759781975,0.8981499199047621,0.15873178412435918,0.7065904850927435,-0.3793378444633238,0.1823327301415159,1e-08
joint,883,3830.3157180550897,1530.3304182236145,1.0,-299.5381173185722,4.071740954568062,0.7667565176654036,-0.19113630012220928,0.6770054314842171,0.06405242350343052,0.18279137706190807,1e-08
joint,884,3798.849439746185,1414.8941819921092,1.0,-267.8851093259759,4.10841840969271,0.9135404398294386,0.39288885896792103,0.6367999343866402,-0.14340397220754372,0.16986517478831326,1e-08
joint,885,3748.219639624888,1151.289982820897,1.0,-223.5027755892441,3.948252427664505,1.0750624274919212,0.031165908237563267,0.6432166452068195,-0.6524316747058141,0.15750868464791637,1e-08
joint,886,3928.262872030517,2906.748624156202,1.0,-400.66856516067577,4.4188045589327825,0.7811037140375604,0.16061867148201237,0.7440546089245409,-0.05625055991522439,0.20270046105043898,1e-08
joint,887,3801.3175626915545,1236.6225525683808,1.0,-273.36316457916325,6.368477248843026,0.8208118386107555,-0.38263289086432106,0.6575155694025182,-0.25152398930768227,0.18120606314600068,1e-08
joint,888,3938.0659005192138,3086.4258623849023,1.0,-410.36595518379636,2.7378345223418687,0.8078913548677797,0.3599980522953451,0.7006057324617021,0.15157206568778298,0.1985159084493974,1e-08
joint,889,3894.161728132679,3087.873142348958,1.0,-369.86381910776254,6.013200872777068,0.7590904894265421,-0.13389728080757013,0.7245850989875368,-0.5837116383965851,0.20159188771548076,1e-08
joint,890,5273.554149126573,25167.545511959306,1.0,-1750.0793567523694,4.188210841385029,0.7177616712094648,1.6361872435260145,0.7728370973966315,-0.14208338849721563,0.24024309697790405,1e-08
joint,891,4497.238469054869,10356.331728385112,1.0,-975.05892008458,6.64224271356532,0.9176737039289921,-0.7712390063114707,0.7692046154407483,0.11388699141398267,0.22607126186934443,1e-08
joint,892,3770.6498235404647,939.2399589750803,1.0,-247.23908121522152,5.24525396767634,1.010179140632602,0.02031992692901441,0.6049289875205884,-0.5466891842182349,0.16794979999780005,1e-08
joint,893,3889.286066578055,2479.706777088106,1.0,-363.8357275273852,4.448000501569705,1.2240986337017892,-0.37039510581718205,0.5789604556863805,-0.18925423489574222,0.173779666903201,1e-08
joint,894,4304.066495531568,9086.536180875883,1.0,-776.7727106094272,3.608506716177898,0.987002493462645,-0.37314910616314595,0.6475633002956566,-0.0023130574977910045,0.20935682089480162,1e-08
joint,895,6749.619893665227,48888.85360156643,1.0,-3225.2094897310126,4.709321752428112,1.088264766491943,-0.0796557347504675,0.6504817362093942,0.027859251120854366,0.2371549118382027,1e-08
joint,896,4663.405853613088,13533.238407346387,1.0,-1140.8614118053426,3.8483755251161473,0.6614988568541605,-0.3277960641151633,0.6866670244673951,-0.36952448807318644,0.23536039202367873,1e-08
joint,897,3810.5782306610004,1343.8021759219969,1.0,-287.40020451633825,4.627173321923966,0.8839315432938101,0.5748810243412462,0.7869807081111885,0.035511140339875284,0.18914354973709466,1e-08
joint,898,5009.163122541224,17231.249456287893,1.0,-1486.610271663119,4.879369484509612,1.3475994014720005,0.5830115779529067,0.6899670506695966,-0.1926514312619389,0.22195859434720533,1e-08
joint,899,4435.847464458615,10849.619695419264,1.0,-911.5651411079749,3.2434221690183627,1.0595822239446697,0.8738888864591162,0.6920803868471636,-0.024678955175072126,0.21290641191235737,1e-08
joint,900,3709.09829241424,545.1546894176621,1.0,-187.14484134693535,4.143987279243292,1.0541478526710903,-0.5712642163926012,0.6742276980502566,-0.16852340457542606,0.13705028322180193,1e-08
