stage,iteration,negative_elbo,grad_norm,kl_beta,loglik,phi,sigma,jitter
joint,1,3750021.170114726,92563106.57257397,0.005555555555555556,-3750007.7559866663,0.31734455624430685,0.508439968943707,1e-08
joint,2,1078389.612961396,24199960.07224754,0.011111111111111112,-1078362.7989168498,0.2934712462126078,0.41395631545140216,1e-08
joint,3,8359957.064511868,213368278.77455735,0.016666666666666666,-8359916.828701667,0.328440217268197,0.5300406888822171,1e-08
joint,4,8784906.157967092,222420952.62029174,0.022222222222222223,-8784852.475710124,0.3257549213677137,0.45205373508486724,1e-08
joint,5,22953614.876623996,591312896.7442166,0.027777777777777776,-22953547.770014297,0.3405758980903283,0.48057471221625003,1e-08
joint,6,35324994.75656498,896851691.3860109,0.03333333333333333,-35324914.26357711,0.34714473337382673,0.5229394107632056,1e-08
joint,7,10992229.790466696,278186749.34252566,0.03888888888888889,-10992135.849973824,0.3284944746546159,0.429383077792261,1e-08
joint,8,114525380.65293585,2620484183.758668,0.044444444444444446,-114525273.27032302,0.36122470450751304,0.46675652644782784,1e-08
joint,9,292655800.4322857,4765203812.394903,0.05,-292655679.67617553,0.3846906838490442,0.4956472518029451,1e-08
joint,10,92142000.83061081,2237921907.360981,0.05555555555555555,-92141866.65087867,0.35582544043558645,0.4039678659982224,1e-08
joint,11,13856726.771663502,354551264.011544,0.06111111111111111,-13856579.119928418,0.3349078424162613,0.48939239091327863,1e-08
joint,12,16959144.65317638,434383982.1193313,0.06666666666666667,-16958983.549858216,0.33546356417745954,0.4566781837644015,1e-08
joint,13,63271158.90413593,1535935955.5819728,0.07222222222222222,-63270984.39380251,0.35586355600850206,0.4955812191027453,1e-08
joint,14,2872627.5039564194,69634712.3224665,0.07777777777777778,-2872439.6017269487,0.3146011493984601,0.4921796140266161,1e-08
joint,15,238192411.77812836,4436547545.954374,0.08333333333333333,-238192210.40242016,0.3753358750092362,0.46778995273859947,1e-08
joint,16,1689244.7381742238,38837121.64028847,0.08888888888888889,-1689030.0862737636,0.30214729384715117,0.40942760453904864,1e-08
joint,17,510088717.4412728,6806686394.711645,0.09444444444444444,-510088489.4140864,0.40264175887098225,0.5225815245008975,1e-08
joint,18,2116700.6797594936,51400674.19878,0.1,-2116459.1596884197,0.314232634443995,0.534755267630623,1e-08
joint,19,25724570.44992773,660141427.4600282,0.10555555555555556,-25724315.27057707,0.3411299421460297,0.4468706051856306,1e-08
joint,20,16738864.591302447,429916624.34279686,0.1111111111111111,-16738596.276557382,0.34252554480307684,0.5651111343070077,1e-08
joint,21,48800544.236874126,1222704585.8413463,0.11666666666666667,-48800262.14681878,0.3503820995322948,0.4600727605738918,1e-08
joint,22,314448557.2800164,5395946062.099594,0.12222222222222222,-314448261.8317512,0.38200141088871975,0.4504997877997083,1e-08
joint,23,10783031.953605097,273217301.9019359,0.12777777777777777,-10782722.967595417,0.3311724801974204,0.4836695747115366,1e-08
joint,24,4280620.257277559,104477660.92520458,0.13333333333333333,-4280297.838634949,0.3179523170516082,0.4516077610108142,1e-08
joint,25,134325.87531624807,2608582.23012469,0.1388888888888889,-133990.47725194745,0.2729326980007295,0.48860330675965824,1e-08
joint,26,690635.0335839385,15406993.672892803,0.14444444444444443,-690285.879826428,0.29674898546967377,0.4981981852259878,1e-08
joint,27,80225103.61688076,1866357111.518754,0.15,-80224740.76423292,0.3605612363225582,0.4842087052767016,1e-08
joint,28,4667182.295706797,114402675.82051769,0.15555555555555556,-4666806.013981939,0.3180261077199271,0.4383565616129708,1e-08
joint,29,40828665.91303066,1031030029.4400123,0.16111111111111112,-40828276.05364759,0.34906012098310557,0.46123478846600807,1e-08
joint,30,440413195.2692407,6562891544.954592,0.16666666666666666,-440412792.15575993,0.39373553331308636,0.46422321671641825,1e-08
joint,31,35062858.99790321,882142625.9330904,0.17222222222222222,-35062442.21306556,0.3496065397507713,0.49969683222714695,1e-08
joint,32,360538515.23389596,5809622906.155003,0.17777777777777778,-360538085.1114747,0.38775755910229526,0.44848629648453525,1e-08
joint,33,10534319.476221073,268086124.08682302,0.18333333333333332,-10533875.693744376,0.3334206238115457,0.5020039297116176,1e-08
joint,34,7438476.461554364,190373915.9227462,0.18888888888888888,-7438019.827208826,0.33337815038031093,0.5890242435656837,1e-08
joint,35,11756040.763810763,299370576.242389,0.19444444444444445,-11755569.92191697,0.3339823444970939,0.48958494391932533,1e-08
joint,36,31355734.32711478,795663798.7626616,0.2,-31355249.942266397,0.3467085494708581,0.4683588024758285,1e-08
joint,37,2763034.843809664,66010877.8132623,0.20555555555555555,-2762537.0715769273,0.3126909688857512,0.4456672384441035,1e-08
joint,38,14267009.529266406,366468939.8071421,0.2111111111111111,-14266498.113575757,0.3335010780811233,0.4537049421837401,1e-08
joint,39,104108848.25023863,2278907591.0267243,0.21666666666666667,-104108323.4670196,0.36700023275999777,0.5058548572259353,1e-08
joint,40,1246954766.3073816,13690927031.85193,0.2222222222222222,-1246954228.8131053,0.43355659320666107,0.49479811281088115,1e-08
joint,41,1240143.4414822236,28648438.422033075,0.22777777777777777,-1239591.5960053646,0.3038668339763107,0.4850811600634496,1e-08
joint,42,39585109.4427708,1002732981.1331416,0.23333333333333334,-39584544.02606141,0.3481088572925746,0.424622027991189,1e-08
joint,43,5694624.453271616,141495492.51402104,0.2388888888888889,-5694045.378914537,0.32258682725369786,0.44543060768972764,1e-08
joint,44,21291294.319166444,547080090.0880808,0.24444444444444444,-21290701.812943455,0.34464143108182954,0.5258842259729917,1e-08
joint,45,14570496.545098068,370042678.40642387,0.25,-14569890.66188559,0.3336532896718296,0.40581740538559447,1e-08
joint,46,218425834.07920852,4040425245.472055,0.25555555555555554,-218425214.4660288,0.3784113228346352,0.466272286143569,1e-08
joint,47,39098855.48461707,983437802.5579873,0.2611111111111111,-39098222.212395735,0.3524920149205557,0.5130174204809959,1e-08
joint,48,653149403.309961,8486736201.433442,0.26666666666666666,-653148757.3207778,0.4137728992472757,0.5262106332248578,1e-08
joint,49,156265581.4439318,2987827632.7804337,0.2722222222222222,-156264921.2518572,0.3761346921165259,0.521119447495286,1e-08
joint,50,4265592.3902169,105830138.04865551,0.2777777777777778,-4264918.249294856,0.32195511735845594,0.4940362020778076,1e-08
joint,51,137550814.00653386,2883139533.6660786,0.2833333333333333,-137550126.4015876,0.3708754336257773,0.4854401242289156,1e-08
joint,52,69709140.72397879,1680295984.963017,0.28888888888888886,-69708439.38434197,0.357634142905868,0.4662100950335824,1e-08
joint,53,5059404.083362668,126244845.12283437,0.29444444444444445,-5058689.1640630765,0.3257489782704048,0.5093949137094788,1e-08
joint,54,4173056.235705432,101955245.84583125,0.3,-4172327.6737632374,0.3199971083268818,0.45272267724480436,1e-08
joint,55,73125708.98484263,1745293005.8916337,0.3055555555555556,-73124966.85594413,0.3590958363021406,0.4543915074064856,1e-08
joint,56,529870.1919010547,11995776.371927418,0.3111111111111111,-529117.0219641202,0.30215449069392625,0.6660491284967865,1e-08
joint,57,6341292.701224147,158534365.52060154,0.31666666666666665,-6340523.326085254,0.3240321725639641,0.43911056026787093,1e-08
joint,58,179328380.61964568,3367156728.504141,0.32222222222222224,-179327597.8427304,0.37760560800324644,0.49957228662674275,1e-08
joint,59,3594320.749666882,87824184.80133933,0.3277777777777778,-3593524.0009305645,0.31868386019626366,0.46586259745293757,1e-08
joint,60,228625955.88970602,4400593288.929366,0.3333333333333333,-228625145.9705075,0.37805789463361916,0.4406805540402984,1e-08
joint,61,225945379.37047553,4168383093.6201982,0.3388888888888889,-225944555.77329183,0.3802786704369918,0.45190200404395403,1e-08
joint,62,8234789.429192006,209774300.51827213,0.34444444444444444,-8233951.833261047,0.3328855024676082,0.519256196992731,1e-08
joint,63,24458183.57162599,621831628.4297554,0.35,-24457332.31153552,0.3464456283119498,0.514077549944937,1e-08
joint,64,181285235.08978644,3455153688.106441,0.35555555555555557,-181284370.459399,0.3779739251760814,0.4995178464551086,1e-08
joint,65,5232394.3348423075,130655391.52236405,0.3611111111111111,-5231515.565080636,0.3249048868471574,0.4778676121653171,1e-08
joint,66,10449097.256157974,267350196.96607578,0.36666666666666664,-10448204.786306484,0.33384928314898954,0.4734650118266045,1e-08
joint,67,532492363.75870717,7250434414.30496,0.37222222222222223,-532491458.7242502,0.40433508241735105,0.5064416032912944,1e-08
joint,68,194928152.97636828,3790097793.6170025,0.37777777777777777,-194927233.72016248,0.37510687688514305,0.44046112040874497,1e-08
joint,69,72789590.296637,1638240594.1573436,0.38333333333333336,-72788657.48913978,0.36571965854315613,0.5513771785446163,1e-08
joint,70,1438264.584793068,33271486.32441274,0.3888888888888889,-1437317.4518935408,0.30669000761992254,0.46804787567768535,1e-08
joint,71,2285104.8080048366,55172004.951559715,0.39444444444444443,-2284144.167742376,0.31580017486381584,0.5378008893599859,1e-08
joint,72,3520006.403991738,86426682.6531699,0.4,-3519031.6687856033,0.3202428066870117,0.48519277000610606,1e-08
joint,73,829990.8928936555,18762125.171895105,0.40555555555555556,-829002.7720990435,0.2991405953600097,0.4571943351937378,1e-08
joint,74,102805625.29833084,2247019933.2426443,0.4111111111111111,-102804623.44037664,0.3670821628333336,0.4941373899877531,1e-08
joint,75,299263658.3443578,4630568815.646648,0.4166666666666667,-299262644.06015736,0.39769372781395296,0.556313799260795,1e-08
joint,76,143732866.27691814,3044350342.9677634,0.4222222222222222,-143731837.10096127,0.36935780985362787,0.4541719268793417,1e-08
joint,77,84985814.46707779,2071372261.8338532,0.42777777777777776,-84984771.84898834,0.3587306883587602,0.42046110001864545,1e-08
joint,78,905698.8824289824,20252973.390276197,0.43333333333333335,-904641.9100037985,0.30133805825668164,0.48474249694627625,1e-08
joint,79,6444265.242261675,162710842.72398588,0.4388888888888889,-6443194.293080859,0.32923679131066924,0.49571717709462054,1e-08
joint,80,6213587.210262724,157068683.49608564,0.4444444444444444,-6212502.694699994,0.3295724750893872,0.526022765855739,1e-08
joint,81,15303721.380440641,393361644.3914915,0.45,-15302622.942270529,0.3387059637373911,0.47655318045147527,1e-08
joint,82,16399020.263700955,422175769.9093993,0.45555555555555555,-16397908.09781232,0.3401271103951711,0.4706684900046951,1e-08
joint,83,5288263.84664225,131511245.36062399,0.46111111111111114,-5287138.3130497215,0.32263466974695365,0.4313419579139845,1e-08
joint,84,58691327.94345249,1393008747.681198,0.4666666666666667,-58690188.923271224,0.3612771962570517,0.5451282846723663,1e-08
joint,85,327832.8485488467,6832300.773864997,0.4722222222222222,-326679.86451043386,0.2872268045179042,0.48153791629891474,1e-08
joint,86,10238306.865147071,263392296.42505634,0.4777777777777778,-10237139.811871327,0.3376741590699031,0.5310217154821708,1e-08
joint,87,19477812.76230139,505406828.3107279,0.48333333333333334,-19476631.73999219,0.34300535508712343,0.49973901275856203,1e-08
joint,88,147387140.52898872,2939989817.8343678,0.4888888888888889,-147385946.26973882,0.3733902716083797,0.48088473265160586,1e-08
joint,89,860690.65916198,19503695.350633673,0.49444444444444446,-859482.2362864476,0.3020567323764738,0.5159805774653531,1e-08
joint,90,4337244.490962284,107769479.28819206,0.5,-4336022.047753421,0.32127748972100745,0.4652500585268237,1e-08
joint,91,124232.84904971247,2416991.713752111,0.5055555555555555,-122998.07771685449,0.27819416510498873,0.560326314954974,1e-08
joint,92,583405.028687376,12729003.100336798,0.5111111111111111,-582155.2270292689,0.2957529079688993,0.48179997448363626,1e-08
joint,93,1316872.4248609038,30530524.75437141,0.5166666666666667,-1315608.5676356906,0.3082667257339493,0.48853506670826474,1e-08
joint,94,62590999.80660437,1521118906.5158575,0.5222222222222223,-62589722.703021094,0.35809234824689407,0.448561883243752,1e-08
joint,95,22977617.403279375,586431351.5400271,0.5277777777777778,-22976326.2266819,0.34831105523984907,0.5313901346873858,1e-08
joint,96,8237973.347633387,209038285.21094424,0.5333333333333333,-8236667.929810737,0.33195913089980594,0.4809140923116743,1e-08
joint,97,3135308.0876301145,77397342.17819245,0.5388888888888889,-3133988.8027710863,0.3196319402435907,0.5039084583724655,1e-08
joint,98,55053510.861325525,1308932185.2727852,0.5444444444444444,-55052178.84688333,0.3622733704619355,0.559636175851585,1e-08
joint,99,273725.0472899247,5726372.593828774,0.55,-272378.9353190666,0.28765134701574907,0.5430037297485846,1e-08
joint,100,10251409.268336682,263559762.97871554,0.5555555555555556,-10250048.467988908,0.33657003300231597,0.5055690624791401,1e-08
joint,101,27885607.981915113,713701298.0793161,0.5611111111111111,-27884233.466399994,0.3481154294185178,0.48548767697291206,1e-08
joint,102,18632448.039251678,482517810.09714085,0.5666666666666667,-18631059.568412356,0.3418153381302464,0.48154014154059793,1e-08
joint,103,10676447.96816791,272237335.86926603,0.5722222222222222,-10675045.746271696,0.3334451557130453,0.45703301698203547,1e-08
joint,104,169869968.9126756,3251789870.809429,0.5777777777777777,-169868553.65584233,0.3791630660796123,0.498479301583314,1e-08
joint,105,327770.5228227592,6928720.3932578,0.5833333333333334,-326340.6897390167,0.2894993074065869,0.4984814059971708,1e-08
joint,106,3794920.039693832,94603062.75522876,0.5888888888888889,-3793475.834110123,0.32264456347661047,0.5023559633076622,1e-08
joint,107,18445136.683864232,484160196.27250785,0.5944444444444444,-18443678.720962137,0.34153260926048207,0.497334303487884,1e-08
joint,108,63774301.53811295,1507034139.062097,0.6,-63772830.149317294,0.3620450526922528,0.5020029130250627,1e-08
joint,109,38836077.89841219,957267183.6085905,0.6055555555555555,-38834592.62901962,0.3564127601542909,0.5299114523303604,1e-08
joint,110,73533361.34002472,1615937265.2565556,0.6111111111111112,-73531863.41130134,0.36931341631121994,0.5793112727901758,1e-08
joint,111,11748133.436929582,302826106.2852684,0.6166666666666667,-11746619.913076289,0.3392930063577097,0.5248755411034093,1e-08
joint,112,643331.8908653723,14527562.351025863,0.6222222222222222,-641804.8251190282,0.30080314657726986,0.5534440791499956,1e-08
joint,113,1502700.390910162,35930113.644262545,0.6277777777777778,-1501158.7627079235,0.30903924749635053,0.491363428033703,1e-08
joint,114,3644698.0786196534,91163970.95317435,0.6333333333333333,-3643142.816468269,0.32429177308318435,0.544431882756776,1e-08
joint,115,13789966.833962074,356305594.41254413,0.6388888888888888,-13788397.59274553,0.3397797837170413,0.5269722948743403,1e-08
joint,116,1173679.2388863028,26429294.53997449,0.6444444444444445,-1172096.2692403097,0.30404269618175866,0.4529854492391359,1e-08
joint,117,347814.3888528726,7443046.76019759,0.65,-346217.39860971604,0.2923430178576224,0.5224837404091789,1e-08
joint,118,41436378.988911964,1055652901.5734394,0.6555555555555556,-41434768.22768835,0.3540456980888802,0.48273274464302024,1e-08
joint,119,125733.22733451714,2380217.4855328607,0.6611111111111111,-124109.41318689575,0.27867860180914034,0.5618988332681627,1e-08
joint,120,513721.0624955841,11130159.993821826,0.6666666666666666,-512082.116689615,0.29784934031676646,0.522347634471862,1e-08
joint,121,29285783.13705198,749120413.1585673,0.6722222222222223,-29284130.649167612,0.34930250377119176,0.46667463807091125,1e-08
joint,122,105682282.02722019,2220450928.8045793,0.6777777777777778,-105680616.43872245,0.3713604768822068,0.5419511229561079,1e-08
joint,123,1116943.4533005126,25976087.09772106,0.6833333333333333,-1115262.6821129278,0.30934115162257614,0.5430269247611165,1e-08
joint,124,243783.33970075627,4871372.883074265,0.6888888888888889,-242088.87738210295,0.2851503933602782,0.4840829171940052,1e-08
joint,125,997209.3174902664,22799497.96382591,0.6944444444444444,-995500.2983805399,0.30655966927006534,0.510620798422435,1e-08
joint,126,5553618.839174845,140701184.84839365,0.7,-5551895.876539323,0.32949932734672405,0.5169444450212646,1e-08
joint,127,6132281.4010956,161969252.00081515,0.7055555555555556,-6130545.340965931,0.3325715321254044,0.5752217811964734,1e-08
joint,128,452264.3014420321,9739845.066879833,0.7111111111111111,-450513.4544379296,0.29446122590946566,0.5034981231970345,1e-08
joint,129,17065507.602469385,446410828.9006045,0.7166666666666667,-17063742.87793337,0.3431085956481682,0.4960050396798491,1e-08
joint,130,303945.4071359172,6416846.926873357,0.7222222222222222,-302166.92766662274,0.292182962621612,0.5475347290595243,1e-08
joint,131,1707828.6070490817,41183490.31593548,0.7277777777777777,-1706035.8724512917,0.3153601394638814,0.5530586699417882,1e-08
joint,132,1825112.3775985825,43472536.094217494,0.7333333333333333,-1823305.1794248824,0.31356578606824564,0.5049467915026284,1e-08
joint,133,35651616.78994186,892688833.0616534,0.7388888888888889,-35649796.36687527,0.3531465231119797,0.4889957325184433,1e-08
joint,134,210759.85787044076,4229869.380422029,0.7444444444444445,-208925.29141477385,0.2819083341396545,0.4915931801573347,1e-08
joint,135,4880591.119752366,125077355.62664557,0.75,-4878742.1449765265,0.3291935931975179,0.5378765149590118,1e-08
joint,136,468576.75665124354,10134503.9461876,0.7555555555555555,-466713.73602710443,0.2972112930168306,0.5361342076085138,1e-08
joint,137,76203.66856795525,1350648.2903636394,0.7611111111111111,-74327.66516961534,0.27066916216723846,0.5388750317312667,1e-08
joint,138,30140833.07059136,760175482.2880626,0.7666666666666667,-30138943.232220225,0.35487412243552036,0.5694822200139275,1e-08
joint,139,497550.2642343658,10933083.097590737,0.7722222222222223,-495645.458989751,0.2981176370647574,0.5622085805024212,1e-08
joint,140,207278.70846747726,4145090.530646301,0.7777777777777778,-205359.69577467244,0.2846740198009332,0.515757787434702,1e-08
joint,141,319752.11843977234,6891010.864067732,0.7833333333333333,-317822.60962118756,0.29679292226377646,0.6632585301696242,1e-08
joint,142,198397.5678516363,3980816.851586302,0.7888888888888889,-196450.75011760846,0.28540833602639953,0.5483806492200597,1e-08
joint,143,132072.07684360284,2509750.1297593415,0.7944444444444444,-130111.20963883825,0.27878117497714094,0.5192487208450471,1e-08
joint,144,203589.40044486354,4005812.3474697503,0.8,-201614.71040238027,0.2812723201181476,0.47072062011053745,1e-08
joint,145,258636.52005401286,5174300.223210322,0.8055555555555556,-256647.170048271,0.2883634741768114,0.5215652197820355,1e-08
joint,146,26104850.74643233,660876665.4317417,0.8111111111111111,-26102848.409631856,0.35331448399438853,0.5596125983473831,1e-08
joint,147,308007.1716133321,6359618.0030605905,0.8166666666666667,-305989.9186757229,0.2920797844425117,0.5544915127111976,1e-08
joint,148,375647.39473014534,8006808.923759633,0.8222222222222222,-373615.6976745542,0.2918243738967555,0.4999534556764786,1e-08
joint,149,1398912.8532483177,33582518.248382635,0.8277777777777777,-1396866.9744769349,0.313816668024267,0.5425976342130543,1e-08
joint,150,261101.0409047074,5173690.337191994,0.8333333333333334,-259041.77214167904,0.2853156577588494,0.4659773540306675,1e-08
joint,151,672273.4288778701,15284546.030382529,0.8388888888888889,-670201.397077489,0.30711542651667173,0.6258852867073748,1e-08
joint,152,61111906.2326906,1483347184.4164991,0.8444444444444444,-61109819.39458367,0.36194499543900416,0.4869961830626993,1e-08
joint,153,58003.924107516796,988617.7718823076,0.85,-55902.75652436326,0.26647050595126015,0.5389067377793859,1e-08
joint,154,1902034.9413673505,45317884.1034713,0.8555555555555555,-1899918.1434957965,0.31692158057792125,0.5122853965999502,1e-08
joint,155,80753.14139421236,1431198.7819758179,0.8611111111111112,-78623.21701853519,0.2717019941309422,0.5209094054851252,1e-08
joint,156,6828629.646845104,172796611.49937826,0.8666666666666667,-6826484.872208779,0.3327353335455467,0.5134429939167123,1e-08
joint,157,6740813.842489438,174554297.54271698,0.8722222222222222,-6738655.749230872,0.33499764966241385,0.5765903392114526,1e-08
joint,158,55826.24191402679,921599.4169791486,0.8777777777777778,-53654.2669267016,0.2646419075714207,0.5089978447298664,1e-08
joint,159,1232441.9380741217,28540732.09730087,0.8833333333333333,-1230254.4941416949,0.3082143362529408,0.4867415638315379,1e-08
joint,160,547856.938449093,11957534.095584806,0.8888888888888888,-545655.1823941594,0.29832444745245323,0.5055801405725449,1e-08
joint,161,37052781.389338695,909684873.1733519,0.8944444444444445,-37050567.213661,0.3594057795902302,0.5511354174644334,1e-08
joint,162,2982497.0359578677,74546375.4980328,0.9,-2980267.2791608865,0.3241178504002695,0.5546218844367,1e-08
joint,163,1737925.5112122993,41524977.505766526,0.9055555555555556,-1735681.1702118267,0.31329504470365743,0.4977759285627028,1e-08
joint,164,15470846.513308447,404731931.5651955,0.9111111111111111,-15468588.95693519,0.34243007856516605,0.4832928326769178,1e-08
joint,165,920366.6092953448,21569731.191640273,0.9166666666666666,-918093.9718961463,0.30720652054214853,0.5550543436147165,1e-08
joint,166,1945059.4267768518,48419070.16990969,0.9222222222222223,-1942772.3588200156,0.3173587909665226,0.5297928195111796,1e-08
joint,167,2837537.492996804,70135722.50578968,0.9277777777777778,-2835236.8006806727,0.3249381991509939,0.5669335725887923,1e-08
joint,168,12565145.061468743,330783569.97177285,0.9333333333333333,-12562830.22063453,0.3404321922425962,0.5346657757069009,1e-08
joint,169,10553668.055824686,279366045.466854,0.9388888888888889,-10551338.906093212,0.33655296158829456,0.49558861977192425,1e-08
joint,170,62241.50990599694,1074164.3890402748,0.9444444444444444,-59898.61200829936,0.2659817600792435,0.5136807810678072,1e-08
joint,171,326280.9665097256,6975191.282989105,0.95,-323922.7544850393,0.2908002402412906,0.5424015235740983,1e-08
joint,172,826153.0012819124,18981288.858894255,0.9555555555555556,-823780.475799932,0.3071302537363953,0.5503868647014465,1e-08
joint,173,86468806.8589032,1923352888.0643928,0.9611111111111111,-86466422.67412657,0.3706865549222682,0.5370638613789407,1e-08
joint,174,106301.13431331574,1941502.2875480799,0.9666666666666667,-103901.14585195747,0.2722493547054531,0.48310650359874313,1e-08
joint,175,3886568.89859454,99459221.07033111,0.9722222222222222,-3884153.6981070507,0.3254061536149027,0.538704983137073,1e-08
joint,176,3510129.2195773046,86758337.65459292,0.9777777777777777,-3507699.9308824367,0.3222097094680739,0.48678998557036013,1e-08
joint,177,403561.2556578692,8850486.002965821,0.9833333333333333,-401117.2380048068,0.2963706405681614,0.5495761104479805,1e-08
joint,178,1918063.8595076718,46879479.38830106,0.9888888888888889,-1915605.6312958866,0.3153683045558807,0.4968815339538437,1e-08
joint,179,1057161.056684988,24446292.729215663,0.9944444444444445,-1054688.806965038,0.3059457404854669,0.4775287915198905,1e-08
joint,180,120504.87878145635,2255247.4256170867,1.0,-118018.2256558327,0.2771465070644759,0.515005575581706,1e-08
joint,181,1434746.3658492782,34264325.23451251,1.0,-1432259.006013243,0.31524279323124027,0.5634366130846757,1e-08
joint,182,10327178.581706561,273359216.0461238,1.0,-10324691.8878928,0.34259276383802867,0.573887633679124,1e-08
joint,183,200284.9920393571,3924494.9386975258,1.0,-197796.30205313893,0.28565557895907906,0.5396849296218377,1e-08
joint,184,1914014.2656841665,47134774.14768811,1.0,-1911524.9599856616,0.31776122860050543,0.5351839586660538,1e-08
joint,185,8250040.425628238,215470287.25800204,1.0,-8247551.3247049935,0.3354086040150824,0.5053836232653285,1e-08
joint,186,2046329.4056588951,49228181.39912971,1.0,-2043839.0129614898,0.3180771274196982,0.522572134123467,1e-08
joint,187,15425400.032729223,402442479.8902572,1.0,-15422910.245768404,0.34408371116664355,0.5112980983012753,1e-08
joint,188,21213.604875650264,300040.70430859085,1.0,-18727.342197356375,0.25560333562134163,0.660949767470728,1e-08
joint,189,82023.78058959375,1460195.5088956072,1.0,-79532.3847199627,0.2730179416355947,0.5558880319413892,1e-08
joint,190,4144920.696249386,106392788.21413654,1.0,-4142429.683523591,0.33156153679462547,0.597200720502307,1e-08
joint,191,592271.9645792855,13455875.334891832,1.0,-589778.9652018911,0.30186581984576116,0.5641108792476763,1e-08
joint,192,3276122.431667948,82598275.96087147,1.0,-3273629.737537169,0.32782848201753195,0.5779428920990115,1e-08
joint,193,407712.4097853001,8829814.141208263,1.0,-405218.0893094274,0.2949341871703483,0.5242154706477146,1e-08
joint,194,360601.9410447758,7657111.864434111,1.0,-358107.20307270915,0.2962201614997082,0.5541827114068347,1e-08
joint,195,674544.9128732996,15218938.322387645,1.0,-672049.5546621567,0.303120450831957,0.5399418579870064,1e-08
joint,196,611662.1748022714,13523511.151849829,1.0,-609166.2643310024,0.3033970243531574,0.5325567654037141,1e-08
joint,197,4644442.778738694,118649806.90096691,1.0,-4641947.375428984,0.33160812196154915,0.5662387325384945,1e-08
joint,198,194118.840703297,3927029.5124753984,1.0,-191622.6310229461,0.2888487832236693,0.5913238871181788,1e-08
joint,199,293204.6032430426,6075554.287512981,1.0,-290709.1755722609,0.2874042203121629,0.44904837668184666,1e-08
joint,200,363494.26716234355,7749523.553055255,1.0,-360996.2378831379,0.2921259543011835,0.5152717840021787,1e-08
joint,201,1382912.3407992893,33320628.509551577,1.0,-1380414.032674977,0.31471301273332875,0.5588185396188144,1e-08
joint,202,455401.15720620676,9924850.826248648,1.0,-452901.9972134173,0.2979453809377401,0.5162978082998316,1e-08
joint,203,228935.48741111706,4814621.718334009,1.0,-226437.67033442488,0.2942568949162953,0.6338605997668975,1e-08
joint,204,1072598.1567427854,25065050.8362025,1.0,-1070098.0440144034,0.3123859969129101,0.5608901897174571,1e-08
joint,205,3026483.1282354454,74112677.85940568,1.0,-3023982.9672228973,0.32342853326161713,0.4987608785784284,1e-08
joint,206,131836.26157310285,2494691.21322772,1.0,-129334.84339184538,0.28207190000280263,0.5581176978104866,1e-08
joint,207,813363.6770746834,18503106.58049463,1.0,-810861.695316829,0.3038507563010636,0.5010036373411076,1e-08
joint,208,989627.7844605019,23002171.16550931,1.0,-987125.6580949238,0.30645328121773424,0.4831591555968048,1e-08
joint,209,65395.77104223814,1129425.010332689,1.0,-62892.94768870207,0.27097633771581076,0.5700121603219073,1e-08
joint,210,189207.084851189,3730382.188995465,1.0,-186704.11400322063,0.2810994740030361,0.474613559188481,1e-08
joint,211,725522.660115241,16441591.122317806,1.0,-723017.9841240781,0.30681178955775024,0.5575712328698289,1e-08
joint,212,115929.17253858429,2146011.974405021,1.0,-113424.03721471461,0.27839051876876164,0.5200440535308624,1e-08
joint,213,3154379.3524886053,80335811.62298593,1.0,-3151874.3693393404,0.32732818653451695,0.5753653302952721,1e-08
joint,214,161696.93939963597,3130852.9031980773,1.0,-159190.50383155572,0.2805642211256559,0.5200272817753636,1e-08
joint,215,59954.58975302352,1026894.464242191,1.0,-57447.88983243225,0.26998776656900436,0.554015360580038,1e-08
joint,216,70060.91331013545,1241122.0792123456,1.0,-67553.94843088524,0.2744415465805233,0.5914098495321798,1e-08
joint,217,227708.52253086318,4681847.242479399,1.0,-225200.11778322767,0.28905225410001817,0.5281876439620855,1e-08
joint,218,1963928.3763557451,48018601.302797146,1.0,-1961421.7985680378,0.32539584635355945,0.6326594804350718,1e-08
joint,219,64471.2241138805,1105756.4319764131,1.0,-61962.020235427844,0.2714347798972046,0.5503339945156878,1e-08
joint,220,76467.1957655422,1380634.489563257,1.0,-73958.53956984777,0.2778777129304981,0.6252350463701529,1e-08
joint,221,1182130.2851022612,28369572.89107696,1.0,-1179619.6997261192,0.3120313895199552,0.5399367717984238,1e-08
joint,222,150300.57127011716,2931505.9454016434,1.0,-147789.47679547267,0.2862308609563505,0.5845368739883932,1e-08
joint,223,354742.1680709442,7562785.843100218,1.0,-352230.2812231566,0.29387698195353923,0.5138954498744861,1e-08
joint,224,2231251.24894965,55901318.622878395,1.0,-2228739.237883908,0.32021549745724803,0.5650298198352446,1e-08
joint,225,285709.634826754,6000345.727873842,1.0,-283196.5284118325,0.2942869734213912,0.5762709293990552,1e-08
joint,226,321322.2214441631,7141774.867106189,1.0,-318809.9884683307,0.2980188520877235,0.6359557771868476,1e-08
joint,227,385562.680862291,8127674.832776064,1.0,-383048.5419369617,0.29558241859108086,0.5090953810595438,1e-08
joint,228,1643233.165073833,40766296.15333646,1.0,-1640719.056776938,0.3185056669853495,0.588568526250227,1e-08
joint,229,162858.76564880816,3418056.4893211126,1.0,-160345.40162042208,0.28852408182980716,0.6557177771704747,1e-08
joint,230,25379.19015904221,362516.92162076087,1.0,-22864.37017880663,0.2557983258267287,0.5777096711644041,1e-08
joint,231,41348.78110900119,664545.6995937887,1.0,-38832.704827923924,0.2654932927932021,0.5669826451717155,1e-08
joint,232,343795.14857776044,7446693.130204179,1.0,-341277.9785453305,0.2941130163937878,0.5287434210976991,1e-08
joint,233,26027.771805762877,385569.3628501481,1.0,-23511.5910238691,0.25808282043498004,0.6006640612311829,1e-08
joint,234,1959140.8832816514,50368292.25280558,1.0,-1956623.9254258752,0.3218583793041674,0.5965409150183264,1e-08
joint,235,25910.10041715282,378323.13616648933,1.0,-23392.677267787814,0.25718032779610744,0.5836834541942209,1e-08
joint,236,325083.1504202229,6873679.517594124,1.0,-322564.1041777662,0.2970715357741741,0.565154987875453,1e-08
joint,237,3993119.405286556,103188991.84769256,1.0,-3990602.1752519356,0.3263365074620002,0.48182104190948255,1e-08
joint,238,269837.44181001704,5582032.321401322,1.0,-267318.01297753036,0.2887067007860973,0.5035881160931,1e-08
joint,239,1479982.6909597516,36616796.82853244,1.0,-1477463.175940541,0.3168781434344977,0.5878742358104911,1e-08
joint,240,1167412.1121088616,28064523.40089923,1.0,-1164891.7438713664,0.31270242348690525,0.5668310364301143,1e-08
joint,241,5160526.186569194,134921979.791122,1.0,-5158006.428746481,0.3334262837732663,0.5634003663002752,1e-08
joint,242,31480.72115585049,473574.8275017834,1.0,-28959.95419383713,0.26114988733226396,0.5942719802716658,1e-08
joint,243,333649.6199270675,7507299.161121633,1.0,-331129.02233134035,0.29979748065571016,0.6437146746459445,1e-08
joint,244,406180.19905484305,8791526.472963022,1.0,-403657.5917983343,0.3014150912871497,0.5616959605251487,1e-08
joint,245,1792331.0696291635,44779313.61001473,1.0,-1789809.2236073606,0.3224631519858092,0.6009667928175336,1e-08
joint,246,1220578.6518356553,29657128.326628953,1.0,-1218055.4991500326,0.3152232660224678,0.5604095559081836,1e-08
joint,247,55440.092632985,952003.7686347638,1.0,-52916.125172243985,0.26958270265734446,0.5731463434608143,1e-08
joint,248,122373.91081316977,2361612.382691566,1.0,-119850.45756380646,0.2862317760571231,0.6401707402171816,1e-08
joint,249,3760205.027739138,99893149.6969019,1.0,-3757681.4669434754,0.3304005218132684,0.59256584972176,1e-08
joint,250,39337167.13363614,982122618.2701113,1.0,-39334645.785943806,0.3642958752982735,0.5859579248837967,1e-08
joint,251,426902.2501616859,9178730.488984652,1.0,-424376.02868099586,0.3017440683048912,0.5594007910037047,1e-08
joint,252,13034.542096713798,143725.71655422408,1.0,-10510.173056795265,0.2397562432352752,0.5205518519710725,1e-08
joint,253,202945.1951067942,4171656.9582648813,1.0,-200418.0603643641,0.2883223686697492,0.5981193775536944,1e-08
joint,254,271868.11095453036,5748614.764957085,1.0,-269341.52402915235,0.29980589645097827,0.6363971465165671,1e-08
joint,255,154034.06470689486,3063327.1071282066,1.0,-151506.84023563156,0.2908245323700764,0.6374520516233269,1e-08
joint,256,27557.595514866312,408856.3797840794,1.0,-25029.411252319358,0.25765432186536713,0.5579550316696508,1e-08
joint,257,748947.2098283378,18148708.70775857,1.0,-746418.3192265525,0.3075974862088088,0.5748154198313534,1e-08
joint,258,197079.12922313611,4037908.9251611303,1.0,-194549.7437572717,0.29147012285351054,0.6061221110281689,1e-08
joint,259,86351.23724887101,1601450.4341459677,1.0,-83821.61628852232,0.28036525332709805,0.6205104518024672,1e-08
joint,260,109514.38088856578,2081228.5655755033,1.0,-106983.62100158555,0.2793454858444204,0.5474100154973319,1e-08
joint,261,87350.50524122032,1561692.0121150601,1.0,-84820.05141858867,0.2734538672496093,0.5062003443976775,1e-08
joint,262,15585.20058832562,184302.57716124185,1.0,-13055.295844272685,0.24418571614830284,0.5323103401748713,1e-08
joint,263,1738553.8724385607,42276817.801007174,1.0,-1736023.3550240991,0.3179650088755979,0.5095906075085532,1e-08
joint,264,134072.61049220318,2569424.973108537,1.0,-131540.03329527148,0.2830419487606665,0.5467174426961445,1e-08
joint,265,366489.0657220045,7775338.746310902,1.0,-363956.6895118014,0.29721158209438403,0.5177923515769798,1e-08
joint,266,246291.88085790534,5347674.842887697,1.0,-243758.50119375798,0.2935202373857218,0.5774128950955818,1e-08
joint,267,17938.20734029796,239206.9843590356,1.0,-15405.509433665853,0.25264171604123953,0.607667716906971,1e-08
joint,268,65605.82436237656,1110856.8003882514,1.0,-63071.49191485511,0.2723392487843307,0.5654816899685743,1e-08
joint,269,184494.82131836482,3956031.271687303,1.0,-181961.84772780893,0.2922717409354394,0.6657830359767403,1e-08
joint,270,147789.80566048936,2913418.5133299157,1.0,-145254.50143268838,0.2854840490865466,0.550316679520792,1e-08
joint,271,14224.402004508547,170144.6477615626,1.0,-11689.979884469192,0.2455154802592373,0.554520569015678,1e-08
joint,272,40435.29808028794,644805.4070798594,1.0,-37899.38637614569,0.266447336557797,0.5969826318108251,1e-08
joint,273,1780074.3679389914,43744574.49987891,1.0,-1777539.1539895276,0.3235399727916293,0.5793792252033432,1e-08
joint,274,82875.34486195807,1544657.9559719425,1.0,-80338.2318750361,0.2786189935380754,0.5895284032925034,1e-08
joint,275,32085.182417699234,508243.8140629523,1.0,-29548.440956752704,0.2664941625325885,0.6324307005985309,1e-08
joint,276,374427.8453348644,8141766.770822986,1.0,-371890.19949305075,0.29911268044420536,0.5367824497883718,1e-08
joint,277,112311.6708830735,2135152.877229102,1.0,-109772.96812500803,0.28315955852372854,0.5796337915557653,1e-08
joint,278,308666.27513472294,6788823.310743196,1.0,-306129.0252815216,0.30260929960172867,0.6633230616978224,1e-08
joint,279,247559.77965118748,5179655.85970658,1.0,-245020.8851851376,0.29157919351219624,0.5134166583516522,1e-08
joint,280,192091.16892476485,3811895.997438963,1.0,-189551.3420251392,0.28920188632627497,0.5263991040048058,1e-08
joint,281,1070694.298467685,27827068.809030496,1.0,-1068155.495722833,0.3173868360271362,0.6436726619893965,1e-08
joint,282,29942.53614972151,456070.1609467803,1.0,-27401.573028187402,0.26287088039518525,0.6172364151595743,1e-08
joint,283,171438.64245226208,3452971.46682394,1.0,-168896.5598003361,0.28990893872206785,0.5844135072264831,1e-08
joint,284,227724.44557431777,4992875.90181319,1.0,-225183.2150466319,0.2975894431145767,0.6579313495746582,1e-08
joint,285,80746.42829969949,1473093.9602554003,1.0,-78202.94350123145,0.27724288838050515,0.5755990475540239,1e-08
joint,286,20535.918104399,286888.11672157905,1.0,-17992.754247006545,0.2509672390108001,0.5483953993285821,1e-08
joint,287,1271001.048469503,30550294.535030756,1.0,-1268459.452029163,0.3147100330523412,0.48694752203481245,1e-08
joint,288,14941.62996411125,181385.0305960928,1.0,-12397.333988816148,0.2490125867838469,0.5953600630826777,1e-08
joint,289,99286.2455015217,1855109.3705990575,1.0,-96740.786379742,0.2829356566501444,0.6162490563868656,1e-08
joint,290,104740.66030567429,2048928.2332464512,1.0,-102194.41548947895,0.28236905213498603,0.5627256736185429,1e-08
joint,291,104095.20303405744,1968244.932404732,1.0,-101548.41584685603,0.2828453132395109,0.5833671376081937,1e-08
joint,292,16868.739204828886,215622.56300305837,1.0,-14322.085494038614,0.25126694364991936,0.5746306420405213,1e-08
joint,293,36583.695891494324,606769.2169777494,1.0,-34036.88286057535,0.2702705838023391,0.6516293438916091,1e-08
joint,294,83195.146909989,1574629.8439154013,1.0,-80646.84859015993,0.2792942200896276,0.5809856371494699,1e-08
joint,295,8060.0487701430575,71190.45505095074,1.0,-5513.6060614877815,0.23147202511620774,0.5826281709279447,1e-08
joint,296,54141.86058068893,948782.0389390659,1.0,-51593.043699714435,0.2730953767112314,0.6205529067249457,1e-08
joint,297,181404.50504308037,3634113.253620367,1.0,-178855.29793646125,0.29249256267969703,0.5797184974549375,1e-08
joint,298,130833.82075932938,2527789.9959682766,1.0,-128284.06112713131,0.28597381217258827,0.5796796565458636,1e-08
joint,299,261957.49172016044,5674865.390010185,1.0,-259407.77081411425,0.29233246024358966,0.5445124316449725,1e-08
joint,300,87569.05730045943,1680200.884188619,1.0,-85018.61060301999,0.28219372183944275,0.6162066929750248,1e-08
joint,301,71463.65011368645,1276466.4627110546,1.0,-68912.58882360645,0.27421972746498363,0.5633112124275065,1e-08
joint,302,77113.33061767371,1379743.2922286023,1.0,-74562.21769302161,0.2758512269912804,0.5370631834110313,1e-08
joint,303,33130.10056045808,539918.7549719545,1.0,-30578.14428981314,0.2645516783992982,0.5809885179469573,1e-08
joint,304,10775.177200406297,123144.58092876179,1.0,-8224.165212453738,0.24354998866503136,0.635674668827681,1e-08
joint,305,13280.510979010154,162786.6808614461,1.0,-10728.487805112141,0.2476721661420777,0.6139183588618528,1e-08
joint,306,696946.420674843,15945580.225732148,1.0,-694397.1115239722,0.30554897506119916,0.47453894433880445,1e-08
joint,307,17346.793224266552,238890.96649746914,1.0,-14793.785324973667,0.2550713405007995,0.6249054340434523,1e-08
joint,308,70388.19786845545,1289180.716028604,1.0,-67834.20513686318,0.2762602408144122,0.5812321840925815,1e-08
joint,309,69847.39265121028,1230736.057820629,1.0,-67294.09823606882,0.2749435715410462,0.5189995406875842,1e-08
joint,310,115917.73430098328,2344235.8991317637,1.0,-113363.20486229837,0.2856661273263242,0.6061807089402836,1e-08
joint,311,6272927.76335434,170641874.27082568,1.0,-6270376.122199915,0.33850208316503716,0.5862019328130209,1e-08
joint,312,240753.77424188692,5085949.50836141,1.0,-238199.23917008852,0.2987490890699114,0.6372278484139663,1e-08
joint,313,85361.03742106102,1554912.1408267436,1.0,-82805.8036065228,0.27679587133748595,0.529075724438392,1e-08
joint,314,20838.535558608855,289502.8540531026,1.0,-18282.218530495822,0.2570619222503441,0.5982943796606285,1e-08
joint,315,28134.96155557614,450736.36297206575,1.0,-25578.450681793915,0.2629228005828628,0.6416601855635691,1e-08
joint,316,6028.021334774057,39292.98745202739,1.0,-3473.303452317614,0.22398669813064126,0.5770057078762595,1e-08
joint,317,25987.10460037582,377037.1308881494,1.0,-23430.2622640841,0.2574520778436454,0.5333453077933324,1e-08
joint,318,69051.20812511607,1232755.4146986578,1.0,-66493.20292880545,0.27857760488879535,0.6033829690511753,1e-08
joint,319,17720.346579866102,239477.3270941234,1.0,-15162.357584957268,0.25459282040348546,0.6165484745862653,1e-08
joint,320,10804.87958933932,109606.96500714475,1.0,-8247.389272308299,0.24005788236203945,0.5710797980200578,1e-08
joint,321,28497.25194110458,431078.7039138036,1.0,-25938.38868538737,0.2645809465181626,0.6067756751679332,1e-08
joint,322,7617.555476857617,64009.80483662298,1.0,-5059.907206535079,0.23420646460087075,0.6013237416014022,1e-08
joint,323,8293.560721070364,74594.90690997923,1.0,-5735.661455254622,0.23555427190026182,0.578705558984705,1e-08
joint,324,9875.164280413632,93957.42669543638,1.0,-7317.421327342383,0.23807106709622966,0.545683294965278,1e-08
joint,325,29277.873327325855,466815.30118004634,1.0,-26720.038142163266,0.2688944011935837,0.6968766144889423,1e-08
joint,326,27084.7499404692,395749.00629776635,1.0,-24525.412372861974,0.2596066665599721,0.5666329070248978,1e-08
joint,327,40393.617713504835,681262.929794597,1.0,-37834.14376136819,0.2722804234962893,0.6405179767728741,1e-08
joint,328,226648.1730160495,4903915.202243176,1.0,-224091.09366148897,0.2920605335880799,0.4963865082516956,1e-08
joint,329,27842.25877317688,423778.26228079596,1.0,-25281.98901788264,0.2634653314158789,0.5962990988216241,1e-08
joint,330,63026.45922897465,1221290.688809868,1.0,-60468.13726039489,0.2817497749782205,0.7139917407211858,1e-08
joint,331,157576.43382463523,3500786.7257838594,1.0,-155015.90219251186,0.28783976838360537,0.6154808311248827,1e-08
joint,332,111739.4357189388,2121446.913995878,1.0,-109179.56179028262,0.2836641502160133,0.5274496603784106,1e-08
joint,333,114782.13213188984,2308692.25609513,1.0,-112221.1236991738,0.2842181661404196,0.5553189649281713,1e-08
joint,334,93484.02763577261,1784671.7488732059,1.0,-90922.15601171523,0.28136837609466797,0.5791044601060522,1e-08
joint,335,22630.94598397552,341283.6401335259,1.0,-20068.3803643422,0.25888450670202895,0.602518013326277,1e-08
joint,336,4819.487682680411,26391.801745559413,1.0,-2260.3168990128406,0.22360396546950664,0.7019061958183908,1e-08
joint,337,10979.873908180172,122148.61354081592,1.0,-8417.277153332812,0.24164726435101166,0.5905831869103273,1e-08
joint,338,12270.447931336079,133657.0183725646,1.0,-9709.640854880454,0.24304401329385308,0.5081305849086586,1e-08
joint,339,40599.52822167467,685456.9478613916,1.0,-38035.78892957273,0.27085755237352105,0.5930461740510624,1e-08
joint,340,30739.984336406225,516132.09712808393,1.0,-28178.09512047551,0.27087490428870703,0.7217231991545734,1e-08
joint,341,16840.748576599133,240152.69294227439,1.0,-14276.574185116488,0.2540269424203006,0.6058478616761609,1e-08
joint,342,26388.602437921265,404294.0930700814,1.0,-23824.08881343263,0.2625238085234388,0.5842279493084943,1e-08
joint,343,14190.91351739628,180503.02252571806,1.0,-11626.179077007742,0.2518379224524017,0.6180222303379194,1e-08
joint,344,91053.88579843774,1726349.0613436026,1.0,-88489.21080981949,0.27873516272966886,0.5610211724184682,1e-08
joint,345,438851.5508085997,10457110.716355944,1.0,-436287.48679454124,0.3068065937204574,0.5995162964186295,1e-08
joint,346,33828.20203428977,589412.9873028579,1.0,-31262.641511751463,0.2677034631869741,0.6594260569811985,1e-08
joint,347,38044.273084928995,642518.6917200981,1.0,-35477.95370507748,0.2696187441120276,0.601674840825637,1e-08
joint,348,10406.016668137416,117316.52833652949,1.0,-7840.653858411507,0.2485815548620136,0.690171680345008,1e-08
joint,349,9850.743763732968,100115.48468359862,1.0,-7285.013475603162,0.24068566255203613,0.5568891412756424,1e-08
joint,350,8707.113018711634,90598.45244633604,1.0,-6141.130963489806,0.243930769977214,0.680371406986783,1e-08
joint,351,7026.91643030633,56807.17792076755,1.0,-4460.593429287733,0.23412468667167377,0.6268884520160544,1e-08
joint,352,11437.7628050938,128517.05775450956,1.0,-8870.547020751923,0.24748955184621885,0.6147866599173993,1e-08
joint,353,6354.741653618331,45593.52826556028,1.0,-3788.4079180254685,0.2314677464717704,0.6150440562800411,1e-08
joint,354,15997.826551203047,212403.47102785116,1.0,-13430.349926413564,0.2537267729531187,0.6065923543472239,1e-08
joint,355,593860.4250269049,13901856.351324689,1.0,-591295.645849649,0.30673813704025166,0.541675745497507,1e-08
joint,356,24847.269934265663,384117.57419009216,1.0,-22279.514742032607,0.26243829386572776,0.6176887225073942,1e-08
joint,357,71899.4486588795,1388747.7282122958,1.0,-69331.9096873618,0.2808740307344833,0.633220151001928,1e-08
joint,358,41311.98767849843,716230.2256696424,1.0,-38743.9320433016,0.27117926355789634,0.6201469263250302,1e-08
joint,359,570964.594317728,13445007.374424698,1.0,-568398.6176888391,0.30907713494952704,0.5690212460275355,1e-08
joint,360,67003.36262227224,1328833.340919061,1.0,-64438.2304483824,0.2858118439271954,0.761893801201708,1e-08
joint,361,8676.913423376198,81274.84687000311,1.0,-6109.267620902025,0.23718000421361235,0.5585194178573476,1e-08
joint,362,5924.158320641601,42991.04928047799,1.0,-3356.2322815819557,0.23266033116668472,0.671849223188982,1e-08
joint,363,9050.624194578671,92306.96902638614,1.0,-6481.86697301354,0.24394958636332728,0.6740143762078727,1e-08
joint,364,70025.00522550968,1415389.550559797,1.0,-67455.60005247578,0.2801177286323884,0.6136290360145533,1e-08
joint,365,28763.485453025092,464257.4325073442,1.0,-26194.960717486854,0.27112201768866273,0.7133079805924968,1e-08
joint,366,26187.0076955975,418869.0010228425,1.0,-23617.242495590537,0.2669471566951872,0.6728037667973428,1e-08
joint,367,76398.55511769695,1493244.9422487044,1.0,-73829.46236531646,0.2780415766663937,0.548550836936783,1e-08
joint,368,18869.782131033262,263948.43956135015,1.0,-16299.496417089975,0.26111190314323784,0.6817893918479352,1e-08
joint,369,37712.8312416053,683078.7570627112,1.0,-35141.74450526604,0.2701327687503971,0.6359387559194372,1e-08
joint,370,36405.13839274773,610361.2694679555,1.0,-33833.74257556283,0.26992249704647187,0.6042794303292435,1e-08
joint,371,26609.872371259327,420792.1235034653,1.0,-24038.077329538934,0.2605624131162581,0.5933311313552325,1e-08
joint,372,458337.51540688757,11294112.017135551,1.0,-455767.242828081,0.30730784868418726,0.6061914475331465,1e-08
joint,373,18594.008985480406,260244.281252071,1.0,-16021.978062221771,0.2528806912421614,0.5632467974592537,1e-08
joint,374,7690.126573798465,73836.30300779727,1.0,-5118.021582479313,0.24051710452400724,0.6962119149813715,1e-08
joint,375,113103.99013681398,2548724.62342403,1.0,-110533.0984331882,0.2937258592079271,0.7298247167405295,1e-08
joint,376,47233.82462811488,844047.2927101876,1.0,-44660.08446503874,0.2750782604338267,0.6124790194293991,1e-08
joint,377,56768.16436069675,1069476.548643114,1.0,-54194.09472141623,0.27843679282350325,0.626363756943428,1e-08
joint,378,8306.622307325042,76060.26600897961,1.0,-5733.052376599895,0.23569557884023726,0.5690272877755905,1e-08
joint,379,15140.504005458159,191923.20083100916,1.0,-12565.801794894307,0.25172715332359785,0.5788046643447669,1e-08
joint,380,5066.703758282381,30327.33240182655,1.0,-2492.747658599797,0.22525934937014222,0.6688392786268402,1e-08
joint,381,11997.056852200247,136804.0145340724,1.0,-9421.521370951374,0.24809544294492517,0.6088863008470126,1e-08
joint,382,6993.669909346935,51632.25266816928,1.0,-4420.502443493005,0.22908313019880241,0.5403948974183761,1e-08
joint,383,47450.05624059239,828121.2672535382,1.0,-44874.64251427756,0.2734733753434102,0.5927815828826418,1e-08
joint,384,8340.158492955336,78226.07312781377,1.0,-5764.5045049231485,0.23922771340709048,0.6426994858597713,1e-08
joint,385,10749.991987503194,115174.11599762055,1.0,-8174.071075647605,0.24622002630659506,0.6137499273104045,1e-08
joint,386,31005.814651763947,533635.2852705304,1.0,-28429.785859529184,0.2666099840134857,0.6127659293456161,1e-08
joint,387,134209.33800369583,3106199.173178391,1.0,-131635.62914440932,0.29505878536574154,0.7228226797954638,1e-08
joint,388,84549.86631971419,1679642.1031807223,1.0,-81974.18876622157,0.2826566538778221,0.6079824434104387,1e-08
joint,389,10623.716985809519,122436.75284562225,1.0,-8047.463522871555,0.24782223112843346,0.6834938339832548,1e-08
joint,390,53467.34534709537,1002056.154273019,1.0,-50891.02830833688,0.27809879347349814,0.661478249900235,1e-08
joint,391,75394.56846576308,1396901.1981658225,1.0,-72820.12313644034,0.27679309545271197,0.5328306179484192,1e-08
joint,392,10743.035718246534,127692.6201550874,1.0,-8165.743450157993,0.24978036186117014,0.6667988939024714,1e-08
joint,393,77208.60609711194,1547474.9138362317,1.0,-74631.8022119811,0.2833904757783041,0.60619458759333,1e-08
joint,394,23698.574364832508,388078.34275210014,1.0,-21120.612361963318,0.26568800099448625,0.6583221464672899,1e-08
joint,395,11698.54396454702,140668.62825931312,1.0,-9120.632115527402,0.25264086472382,0.7014371424392176,1e-08
joint,396,77447.967511193,1565306.318476827,1.0,-74869.91621226631,0.283448635512088,0.6567068687958882,1e-08
joint,397,9491.093183596302,97249.47822338426,1.0,-6913.378874991366,0.24075636527630498,0.5577877315042253,1e-08
joint,398,15802.21882238619,205237.0856534588,1.0,-13222.585232287924,0.25587151920010404,0.6226423547201104,1e-08
joint,399,27107.447926305034,419521.8916213437,1.0,-24527.871071076355,0.26566793754391343,0.5970048874618762,1e-08
joint,400,7154.631082169724,60987.65564744534,1.0,-4574.665541006535,0.23918380232471678,0.6833056440270637,1e-08
joint,401,9715.983617990703,100950.96600557417,1.0,-7135.225905940184,0.24807738397493032,0.6622552928454303,1e-08
joint,402,26495.172188045515,438751.9851751364,1.0,-23915.788492723732,0.2725244736399457,0.7422482117036814,1e-08
joint,403,6407.290496020343,50700.071642397066,1.0,-3826.2772620415235,0.23575513240236917,0.6780102068853012,1e-08
joint,404,17976.948211581526,241166.61068178146,1.0,-15396.702677292731,0.2567039432224378,0.5544234273353896,1e-08
joint,405,12758.131261778779,174520.7017340715,1.0,-10175.887429867997,0.2513579030276402,0.6402448330706721,1e-08
joint,406,9685.208863351028,113000.02018601411,1.0,-7102.935604076591,0.24816613989929212,0.6877408291014067,1e-08
joint,407,12985.087669041914,175744.25175075847,1.0,-10402.197356013447,0.25389251355659953,0.6547814433253064,1e-08
joint,408,29314.955253178076,525682.1127321612,1.0,-26732.30949337659,0.27098028676417263,0.6831075949345033,1e-08
joint,409,11190.258200328215,131561.56543157244,1.0,-8607.33021450507,0.25410713559725495,0.7119193843622231,1e-08
joint,410,23984.43345689582,373878.6234559398,1.0,-21401.08743641787,0.26792061127282063,0.6900216127696687,1e-08
joint,411,62797.65724005309,1189029.1405597308,1.0,-60214.62472474558,0.27427311848699926,0.5902065995956494,1e-08
joint,412,37230.8723428198,722578.9654766876,1.0,-34647.58613883519,0.2770288655836868,0.7121859355908783,1e-08
joint,413,59467.61353678935,1142083.2440787489,1.0,-56883.5453018728,0.27990827838838256,0.6396799638057261,1e-08
joint,414,3714.108717649828,9180.96322633578,1.0,-1132.0359422827205,0.2073563324138559,0.7062892162214947,1e-08
joint,415,359900.1773395221,8901858.60214904,1.0,-357319.41785914195,0.3048340212342294,0.5625433256260565,1e-08
joint,416,5733.177112481017,37154.79538970727,1.0,-3148.826892443041,0.2297448255261463,0.643280544629805,1e-08
joint,417,5061.364381357285,27919.73725877023,1.0,-2477.572301048265,0.22492666629121466,0.6349214735398596,1e-08
joint,418,9517.611072550626,95648.56441838817,1.0,-6933.300841749128,0.24535990586312445,0.6346226931531143,1e-08
joint,419,16014.483584322737,223032.76921232475,1.0,-13430.477103613403,0.2578509222717712,0.6428789748115087,1e-08
joint,420,14054.240416745035,182223.42953842797,1.0,-11471.052219693289,0.25138892750346903,0.5953746610686176,1e-08
joint,421,15269.499145656337,209514.26408330817,1.0,-12686.476774669745,0.2525794066828093,0.5986975751510223,1e-08
joint,422,13019.190549387615,163044.3994747766,1.0,-10436.04672890322,0.252174695008982,0.6145093840389458,1e-08
joint,423,13109.489823237684,165052.70499598605,1.0,-10526.481358030444,0.25228186977169986,0.6136766127981875,1e-08
joint,424,32286.0373432978,574698.8269424334,1.0,-29703.892551548997,0.27334811879581583,0.7159778873052485,1e-08
joint,425,4577.32816968222,20812.674186151842,1.0,-1995.8937374023221,0.21777599716976853,0.6097527488915905,1e-08
joint,426,7172.169001520817,66326.56713067333,1.0,-4589.246115456031,0.24077935036097056,0.6673768202714014,1e-08
joint,427,9333.949623385937,100717.04651823861,1.0,-6751.2114258817355,0.24687404252997602,0.6811475446687322,1e-08
joint,428,11459.772482982828,128948.58385910725,1.0,-8878.003193305763,0.2482151673479262,0.5907170286988095,1e-08
joint,429,12765.839509820047,158869.57440195436,1.0,-10183.26471270466,0.25435317020652704,0.6630492902324873,1e-08
joint,430,29045.649199180236,553544.5625804203,1.0,-26463.524019886983,0.26795369173624456,0.6788131610278558,1e-08
joint,431,18254.705689566857,268926.6166298378,1.0,-15672.419264953456,0.2612803388323184,0.6925183092793143,1e-08
joint,432,5993.195576495111,44827.32413868471,1.0,-3411.165472694027,0.23635612228747677,0.7206622395490129,1e-08
joint,433,27485.073396225358,511011.190987172,1.0,-24903.593892684312,0.2705233550436232,0.7319956574814664,1e-08
joint,434,4754.279839317581,22374.010236338552,1.0,-2173.0884490543376,0.22029074511027608,0.6069816428091285,1e-08
joint,435,10692.856105101697,138680.33223621658,1.0,-8110.329625994774,0.25055873661166905,0.701227555348646,1e-08
joint,436,16664.9006952486,233188.5515445054,1.0,-14082.524392047464,0.26065687246783453,0.641837032090641,1e-08
joint,437,296877.59029788984,7359397.854482146,1.0,-294298.31027600303,0.3060035260253209,0.6578265482033024,1e-08
joint,438,10513.660698921389,120394.03531382473,1.0,-7931.030063480686,0.24963628468587382,0.6398332640950594,1e-08
joint,439,6566.0759882278235,48398.058214422155,1.0,-3984.8962870924142,0.2324217024974809,0.5806343804473506,1e-08
joint,440,12904.065285197808,153610.1182446493,1.0,-10323.079648370223,0.24723530209782854,0.5679165706632435,1e-08
joint,441,23603.532875385135,365002.29174940503,1.0,-21021.177883730597,0.26458092398189736,0.62850994103911,1e-08
joint,442,18613.449925305707,273949.2042405314,1.0,-16031.81867726445,0.25775943364125536,0.5841360001718994,1e-08
joint,443,10751.859157166964,128497.56814263768,1.0,-8168.6568302363075,0.2537606585725394,0.6910145315027315,1e-08
joint,444,5674.394125788731,37777.71251951629,1.0,-3092.3952860722316,0.2260304588754579,0.5977293853035931,1e-08
joint,445,5162.612020686085,31209.15877665975,1.0,-2579.5067865772235,0.23015266210304297,0.7056484161901302,1e-08
joint,446,25130.47509898399,402565.6808006005,1.0,-22547.85210249732,0.27183786121801456,0.7057476887059214,1e-08
joint,447,5489.779654086511,39960.43468421842,1.0,-2910.3682207295433,0.24107191456115892,0.8544757138113388,1e-08
joint,448,5631.067153706623,39893.16698225035,1.0,-3047.8946267307165,0.23655648777929825,0.7158264876138023,1e-08
joint,449,80531.43268046717,1805731.0049175003,1.0,-77950.67172842711,0.2874964064740404,0.7460453419880115,1e-08
joint,450,3609.0774699687636,7466.301361494701,1.0,-1028.2058767497247,0.20432545923273474,0.6905590100928146,1e-08
joint,451,3494.9476855756293,5890.051989759823,1.0,-915.1564414236243,0.2014478240003711,0.7066898082356147,1e-08
joint,452,9385.86452564595,116108.46314580385,1.0,-6804.953398713048,0.25206718524090194,0.742893767508108,1e-08
joint,453,10674.942378688305,116274.7465505241,1.0,-8094.479816041893,0.2504824174947364,0.6523798782279244,1e-08
joint,454,14211.35234128085,197324.9152275613,1.0,-11631.93157369427,0.26013440379369707,0.6893041912546791,1e-08
joint,455,5119.777957571963,28603.237394100368,1.0,-2541.482301849632,0.2258887411200724,0.6396488078737497,1e-08
joint,456,26497.777198500742,482620.8539892584,1.0,-23920.165815466193,0.26730393816048514,0.6777643366510018,1e-08
joint,457,10727.463526146934,127100.3273477944,1.0,-8150.090107296238,0.24876870606420712,0.644391392275105,1e-08
joint,458,4505.006609954706,20692.014945157614,1.0,-1928.8651291957995,0.22781051735042238,0.7475370673105389,1e-08
joint,459,4921.8634593779025,26473.887295969973,1.0,-2345.7057111020467,0.22798897576039379,0.6863236689362722,1e-08
joint,460,12329.73953600546,154655.82505095893,1.0,-9754.165073791128,0.2555210145975887,0.7005204427902864,1e-08
joint,461,9520.264336554652,110032.77403991947,1.0,-6945.392694774847,0.2522295778987064,0.7281007398918893,1e-08
joint,462,5910.554182215443,41697.1097233016,1.0,-3335.8001144633245,0.23603009814419224,0.67822802680112,1e-08
joint,463,5587.898470197042,37824.365798345854,1.0,-3013.5896327426963,0.23490504635320963,0.6784229038867137,1e-08
joint,464,4456.838927841391,17555.675653910395,1.0,-1885.3891009114122,0.21763715486152482,0.5901629400825861,1e-08
joint,465,5674.449589947804,38860.33872904014,1.0,-3101.0804554124516,0.23461994484787344,0.6796969258173445,1e-08
joint,466,7470.628696220072,69341.05137562755,1.0,-4897.711329098715,0.24192099678794649,0.6741865312694438,1e-08
joint,467,9853.13828283636,108587.91596557114,1.0,-7280.8054839961,0.253785450212129,0.6951991362880717,1e-08
joint,468,9138.017258435804,99809.0280712352,1.0,-6565.978414135789,0.2515222908171437,0.6993914353531514,1e-08
joint,469,9594.90063629216,114877.17056080171,1.0,-7023.079581382471,0.24950974415234006,0.6895993296030491,1e-08
joint,470,5861.655373082689,48396.27440127458,1.0,-3290.294291150789,0.23877900239895278,0.7384269165319167,1e-08
joint,471,5217.414887672756,36479.820773319116,1.0,-2649.318012413958,0.24138462362919394,0.8573774871978521,1e-08
joint,472,26154.271345928737,429256.47085202386,1.0,-23584.088497922574,0.26896406244657095,0.6581900627204804,1e-08
joint,473,11430.580950622547,145135.73905597776,1.0,-8859.641739606097,0.25444240922043426,0.6968980080101232,1e-08
joint,474,45795.01826541981,964047.5893401747,1.0,-43225.89096888581,0.28023488388543816,0.7327341751472092,1e-08
joint,475,9412.405429017967,107591.47828398312,1.0,-6841.407326758659,0.24879913341819598,0.6865349556626195,1e-08
joint,476,14104.251425222601,203888.60378028618,1.0,-11533.743141654473,0.2566476410844919,0.6537446049346239,1e-08
joint,477,3541.785515972582,7192.167194334856,1.0,-972.5527119685579,0.20453512255236891,0.6754997510745879,1e-08
joint,478,3422.115949477725,6155.078996680504,1.0,-853.4906943647122,0.20270004623364218,0.713188820645951,1e-08
joint,479,16545.653602472692,238542.3742673007,1.0,-13976.456308175666,0.263129345097486,0.7087908122691426,1e-08
joint,480,11094.410433602594,148135.77148260735,1.0,-8525.491402888932,0.2520379108311025,0.6863395267216773,1e-08
joint,481,36633.380762891924,682576.387186551,1.0,-34066.522354247805,0.27446537441039776,0.6615855751624088,1e-08
joint,482,5465.578495248975,41018.148482899676,1.0,-2898.37318011289,0.23622151000930333,0.774486606178731,1e-08
joint,483,4799.710749734788,26291.43890021294,1.0,-2232.5125377743157,0.226339666535168,0.6825556507649153,1e-08
joint,484,12060.75458326277,158147.00715895713,1.0,-9494.726259734196,0.2596814112950861,0.7521004428321739,1e-08
joint,485,5930.136192232593,46357.66503115498,1.0,-3363.6554510082588,0.23557738363250763,0.707621706265597,1e-08
joint,486,5027.722340574139,30706.3503318131,1.0,-2461.859150803771,0.23074460011069686,0.6746998205334935,1e-08
joint,487,9596.21472742127,107555.1145016494,1.0,-7030.927006117583,0.2498891649087702,0.6731714458012049,1e-08
joint,488,4583.695421054864,22808.116772115412,1.0,-2018.9827147969377,0.2240078482780897,0.6652848870692863,1e-08
joint,489,7724.3726382579225,80933.1139268663,1.0,-5159.7073850086135,0.24230944951816005,0.6840852337543231,1e-08
joint,490,7023.858143196663,62835.852082517995,1.0,-4459.617287873807,0.2430566410048372,0.6852634983182617,1e-08
joint,491,25493.40182536154,433524.0692865576,1.0,-22930.852115257,0.2725079394120678,0.7040670588963144,1e-08
joint,492,8136.010329963306,84721.21059165263,1.0,-5572.626161776638,0.24570631342555452,0.6675409830701585,1e-08
joint,493,3403.1693622345274,5334.9163266257765,1.0,-841.969547861385,0.20021255385928746,0.6741457684987584,1e-08
joint,494,5373.717310167151,36251.66759748752,1.0,-2811.018317765794,0.23395430488007843,0.6893567284213495,1e-08
joint,495,6909.706296592547,63235.53832455816,1.0,-4347.793149720168,0.2454363823649441,0.7313035252798077,1e-08
joint,496,9584.86856193693,124836.57474842464,1.0,-7023.6308197008675,0.24916977195146858,0.6931243541053493,1e-08
joint,497,3806.2464093637896,12056.486736644441,1.0,-1246.1824698062178,0.21300740285149808,0.685262121346202,1e-08
joint,498,3544.8746948471835,7600.332325753372,1.0,-986.293844395528,0.20518796606251874,0.6719001082245133,1e-08
joint,499,73447.68561697597,1612653.161569875,1.0,-70893.13100562748,0.2927660939605258,0.8124653446445647,1e-08
joint,500,3400.364821758344,5955.192793217715,1.0,-843.4180790201328,0.2071742818075355,0.7620404652641898,1e-08
joint,501,3729.7379982396674,11889.169148935769,1.0,-1172.9076065528488,0.21764352209836174,0.7403610620814889,1e-08
joint,502,3271.8380172962857,4151.9711060889285,1.0,-719.0548397439123,0.19125211116411125,0.6786413850879806,1e-08
joint,503,3472.5187963425683,7193.226615277097,1.0,-919.0065240113801,0.20819419959259539,0.7047742125243738,1e-08
joint,504,10327.041751989176,120695.4629353609,1.0,-7774.735280071974,0.25277388313699956,0.6763653731850116,1e-08
joint,505,12554.491034296001,183163.11153402177,1.0,-10006.117310188474,0.26667084095156307,0.8410974046622579,1e-08
joint,506,6576.3012387106555,59498.74262927195,1.0,-4026.1807918071663,0.23955043593904818,0.7095333055305808,1e-08
joint,507,12554.968823098057,168578.89208014926,1.0,-10006.873801185768,0.26037435560028904,0.7446354084729259,1e-08
joint,508,10134.762491479043,128907.17047059078,1.0,-7589.056331602336,0.2592218765663038,0.8314327512428695,1e-08
joint,509,5072.862245779776,32619.695904625518,1.0,-2526.157445287027,0.23546477690799525,0.7797392384651322,1e-08
joint,510,4473.071505164322,21321.768333100506,1.0,-1927.2307655688892,0.2232826602812177,0.6709345790985631,1e-08
joint,511,62864.46303667871,1350713.8105036302,1.0,-60323.3764208415,0.2903386682192507,0.814223353631654,1e-08
joint,512,6883.309560651907,61758.16922048011,1.0,-4338.624912211713,0.2417528309958508,0.6814628425093427,1e-08
joint,513,3592.239204153676,9402.562816790107,1.0,-1048.4519099161894,0.2131488910458853,0.7464314443624426,1e-08
joint,514,6489.330633120428,54523.98626218547,1.0,-3945.7443499163064,0.2406717028545468,0.6972865926787458,1e-08
joint,515,10802.68734132226,140101.0858718435,1.0,-8260.1743893205,0.2546876613045081,0.7066082867697473,1e-08
joint,516,4878.01376731447,31144.960531196324,1.0,-2335.697749121591,0.2328347419153541,0.7750544635583627,1e-08
joint,517,4702.567772103666,25515.67287369844,1.0,-2160.4467768904738,0.2306099076361581,0.7264375177667844,1e-08
joint,518,5307.516271424716,37116.782010710755,1.0,-2765.888246322707,0.23230109540744867,0.729044972440002,1e-08
joint,519,5987.273550005244,50203.25055862728,1.0,-3447.2481117529355,0.24208152597275218,0.8184292670985417,1e-08
joint,520,4981.387803213456,29366.196382253234,1.0,-2440.8149873222123,0.23227167265401685,0.6972440021437495,1e-08
joint,521,9038.42516114193,110038.43861151178,1.0,-6498.582626198451,0.25044924403025753,0.7220499501492273,1e-08
joint,522,22489.431650438477,358657.88258203625,1.0,-19951.3982738117,0.27087025863202147,0.7085282668526294,1e-08
joint,523,4961.182099817632,28999.219775712816,1.0,-2421.5569206344417,0.23344087312978318,0.7243977809202594,1e-08
joint,524,3705.908045142469,10261.00730811213,1.0,-1167.3601185548976,0.2133156483616275,0.6889251400766409,1e-08
joint,525,14712.551757065907,220475.29958015637,1.0,-12177.004514357815,0.25561454081897805,0.6091275520655863,1e-08
joint,526,3545.5988422082974,9582.599970318464,1.0,-1007.913210895687,0.2165260926262337,0.7934868190336618,1e-08
joint,527,6433.667749498693,59894.14306703694,1.0,-3897.6438763743054,0.2462459095082192,0.8505394831295552,1e-08
joint,528,38054.69611057911,773148.6364286633,1.0,-35519.977237897794,0.27926007025353783,0.7445467390548053,1e-08
joint,529,4634.761049483016,25467.018562229434,1.0,-2097.6804706821968,0.23249420579426325,0.7373150915579143,1e-08
joint,530,3788.568446013851,13272.233360046277,1.0,-1252.323268059671,0.21486880582235826,0.7135742636286894,1e-08
joint,531,7705.307647935597,81625.52739669674,1.0,-5169.946563525794,0.2504947859791909,0.7872904604286126,1e-08
joint,532,3580.0347155426603,10145.055394415333,1.0,-1044.7596311844159,0.2153209364362282,0.7754071872674371,1e-08
joint,533,4323.472566916837,21050.508280881386,1.0,-1788.3256960918218,0.22642590841151625,0.7191437216147935,1e-08
joint,534,4134.031367203385,15633.338300699756,1.0,-1601.6029836201994,0.21870929581918158,0.6277410619482126,1e-08
joint,535,3546.0517827066947,9219.658056343962,1.0,-1012.7277588995348,0.21664203067562002,0.7986192914164116,1e-08
joint,536,14763.73774348556,220516.328867078,1.0,-12234.341837061856,0.2581527922247032,0.6110302285082981,1e-08
joint,537,2944.482036257717,1680.911113598255,1.0,-416.8299379615733,0.19102341782079443,0.8892616116284967,1e-08
joint,538,11775.57727191872,146963.20699196061,1.0,-9247.045568500746,0.25382850859945444,0.6379416294221522,1e-08
joint,539,3413.8933548404843,7587.358908878653,1.0,-885.0311794523163,0.2073754042047036,0.7155100926792582,1e-08
joint,540,6515.217597316859,59179.772080536815,1.0,-3987.596780659372,0.24793428328166878,0.7851073113393354,1e-08
joint,541,3254.822540409193,5160.4838595116735,1.0,-728.9060946772757,0.20278390528210163,0.7235059086206207,1e-08
joint,542,4120.865523688743,17476.37974657283,1.0,-1595.657506989616,0.2203538087808918,0.6976351077466817,1e-08
joint,543,4557.96476621714,25069.489504063964,1.0,-2033.7603573265912,0.23128429254508606,0.7253561806013308,1e-08
joint,544,3547.3103113437405,8936.692473734587,1.0,-1024.6168483284696,0.21464956691675066,0.7676657712557832,1e-08
joint,545,4135.220807803281,19682.441680384207,1.0,-1614.034048104832,0.22874298483002933,0.8129671455439027,1e-08
joint,546,3185.204672466991,4545.169538687455,1.0,-666.4081980161,0.19702677631413565,0.7307747633978467,1e-08
joint,547,18395.113979913007,315084.97513644316,1.0,-15878.159453437227,0.2666170595756316,0.7734075437354498,1e-08
joint,548,5961.39168872622,50933.570290369666,1.0,-3444.152878745046,0.2396676668567746,0.7220184933831577,1e-08
joint,549,3391.2204100300364,7330.199604719888,1.0,-875.4808735615247,0.20799319078929973,0.7353912671235213,1e-08
joint,550,5018.642375476362,32306.24684312231,1.0,-2503.6780890831997,0.23518230019349315,0.7478900140809258,1e-08
joint,551,3474.4938226932704,8905.256361006283,1.0,-960.8740213569386,0.21424541014131218,0.7647477923336592,1e-08
joint,552,6363.802728279801,59795.23366990687,1.0,-3851.6876166990314,0.24351203684477946,0.7927548448020637,1e-08
joint,553,8866.44140037612,105756.23347953195,1.0,-6355.781039373892,0.25258234950862485,0.7735238943530641,1e-08
joint,554,5557.209293144788,44471.636582137224,1.0,-3046.955889060175,0.2405397232067997,0.785322370566099,1e-08
joint,555,4829.366205391975,27571.842137720974,1.0,-2320.8983112656756,0.22896207860991385,0.6647248552614023,1e-08
joint,556,4021.19107823835,16650.483147647195,1.0,-1512.3569079482793,0.22903916776984784,0.7900537331319833,1e-08
joint,557,4030.941991049127,15252.79334778486,1.0,-1524.2130446585772,0.22154014930634108,0.6616209615559451,1e-08
joint,558,4115.241400950325,20143.65885278524,1.0,-1607.8681834845704,0.2259828275984761,0.7814580434257928,1e-08
joint,559,3382.9505744680473,8258.817726326202,1.0,-876.6378767634117,0.21452340593518957,0.8006004153329042,1e-08
joint,560,4226.235300726457,20294.112328227675,1.0,-1720.4182830931666,0.2238562144630569,0.7451041609205111,1e-08
joint,561,6477.42540188818,60118.7124668559,1.0,-3972.9264548962324,0.24380988433892706,0.7873217755356682,1e-08
joint,562,5652.936220905767,45434.617079335534,1.0,-3148.9631733912333,0.24046363758664135,0.7809578792133509,1e-08
joint,563,6013.924507188124,53349.49721633864,1.0,-3511.9241966065874,0.2475433054038175,0.8591856793046313,1e-08
joint,564,4215.235483456609,21266.02487078423,1.0,-1712.0689207608714,0.22593949434032592,0.7563377185788536,1e-08
joint,565,8210.65795477663,89981.69982078146,1.0,-5709.13253798169,0.24684496052759097,0.7098003367071479,1e-08
joint,566,9477.31366352216,120381.41813020884,1.0,-6976.624746582071,0.25665837611670045,0.7993974379204577,1e-08
joint,567,3335.9822979849887,6946.404127194051,1.0,-834.4704810775747,0.21332472934524038,0.7973151821561189,1e-08
joint,568,3767.4096170460452,14252.367517058112,1.0,-1266.369608344661,0.2193682658445298,0.7312073388228075,1e-08
joint,569,2956.351832506141,2702.351312300511,1.0,-458.24631054464373,0.19583349015340304,0.8736147772683265,1e-08
joint,570,3523.0465489667367,9503.335765713953,1.0,-1023.5372304241753,0.21573154791849916,0.7722457267673283,1e-08
joint,571,3138.7612758374344,4660.5026185463275,1.0,-641.260473308764,0.19943591312636852,0.7597873592830531,1e-08
joint,572,3610.499960156897,11394.62981238519,1.0,-1113.6922143940585,0.22195023902325875,0.8255756509248823,1e-08
joint,573,4051.1245750160874,17172.12309907938,1.0,-1555.470926931504,0.22325529833823152,0.7343324336173936,1e-08
joint,574,4436.947571008259,23348.53856822918,1.0,-1942.6670957049243,0.22920770660317466,0.7276891915904785,1e-08
joint,575,3051.504701904201,3550.604661070784,1.0,-560.0010845355705,0.19204669072787353,0.7276564910383484,1e-08
joint,576,3270.7423339543448,6103.31304230558,1.0,-779.4076736098946,0.20722146381903883,0.7299181975653858,1e-08
joint,577,3214.004165517802,5601.497790334572,1.0,-724.2896609723468,0.20494290310937027,0.7354024257764906,1e-08
joint,578,3895.578117969103,17856.95323705209,1.0,-1410.7073137983227,0.23354790253260688,0.9714454749085761,1e-08
joint,579,3962.5668918756355,16055.796158672474,1.0,-1475.466668611026,0.22553784011119682,0.7403275846725129,1e-08
joint,580,4088.349102946174,19551.883427902085,1.0,-1602.4966086277407,0.2273192639457593,0.7787129916997703,1e-08
joint,581,3001.1476169434613,3347.459425105033,1.0,-517.63307295776,0.1994482913755565,0.8237017285647192,1e-08
joint,582,13003.998473975913,195414.12745386126,1.0,-10522.469212858205,0.2546126374576192,0.7554374599369154,1e-08
joint,583,3665.4947134514096,13142.755771419537,1.0,-1183.8374809068384,0.22138931632897402,0.793725972321833,1e-08
joint,584,3366.5752201337423,8190.2867236021075,1.0,-886.3846962470799,0.2131165920426913,0.7598579299215029,1e-08
joint,585,3340.7866150897908,8311.812484053458,1.0,-861.8368025003954,0.2161085931308779,0.8066186153281097,1e-08
joint,586,3620.1128976550526,13013.676700436721,1.0,-1142.4569340263263,0.2219382735254555,0.8130181988853838,1e-08
joint,587,3299.412360840937,7705.125794124805,1.0,-823.1357472051922,0.21327011708945104,0.8196818290955471,1e-08
joint,588,10121.990447286244,138441.92196592185,1.0,-7648.401112971072,0.2534529509510199,0.7455913017240935,1e-08
joint,589,6547.699885508348,63516.4856279331,1.0,-4074.3911093142037,0.2444131345211487,0.8009531680810237,1e-08
joint,590,3088.070191076844,4995.380626344624,1.0,-615.6728959205755,0.21017661078439615,0.8599897189625398,1e-08
joint,591,3186.376640398131,5780.292188614016,1.0,-714.7649565308091,0.20499249165792294,0.777740810909354,1e-08
joint,592,3988.7089921348966,19839.773950480587,1.0,-1519.27707565351,0.23389510130944374,0.8889995069963355,1e-08
joint,593,3016.04881567832,3669.8073206013178,1.0,-547.3717173084856,0.20467029253535757,0.8616953151978611,1e-08
joint,594,4046.9839940191664,19289.83924446288,1.0,-1580.117552359282,0.23395789730074948,0.8924914962109936,1e-08
joint,595,4456.339059672862,27309.75910302342,1.0,-1990.07359179229,0.23529224740345084,0.8491334587548189,1e-08
joint,596,3145.1116078537143,4932.56891788715,1.0,-681.2617761122763,0.2014030983487674,0.6903650076744948,1e-08
joint,597,5143.2268376060765,35634.02993626873,1.0,-2679.4726942961297,0.23777508743008394,0.7433935784129008,1e-08
joint,598,2996.962528749231,3627.852243081788,1.0,-534.7167483964806,0.2037569408432517,0.8806823804583307,1e-08
joint,599,7046.628666146889,80877.37344210048,1.0,-4585.65652121078,0.2446609037379937,0.7605279432033724,1e-08
joint,600,3894.380598653848,17823.98871204637,1.0,-1434.6331615015874,0.23049567099082308,0.8867474926516523,1e-08
joint,601,3913.70948815891,15979.545001256207,1.0,-1454.8446857611154,0.21926344298455783,0.7190032897954332,1e-08
joint,602,3033.0420843317997,3665.4449120466625,1.0,-575.4393058648378,0.19803849002384216,0.7534564141493134,1e-08
joint,603,3032.962988191368,4650.876491005793,1.0,-576.6667098241787,0.20808021342515617,0.8861967264184742,1e-08
joint,604,4766.261612251117,31060.64067167518,1.0,-2310.949200702635,0.2369407341420803,0.7900186423443303,1e-08
joint,605,4244.90961052737,22624.948594906542,1.0,-1790.6092822529567,0.23113845228504148,0.7998513412566739,1e-08
joint,606,3383.6614299748726,10056.940622822684,1.0,-932.7950766359197,0.22302556063963505,0.9616876446995648,1e-08
joint,607,4370.785899837188,24461.690972617755,1.0,-1919.0748463028726,0.2349149930222473,0.8310767754584465,1e-08
joint,608,3426.5552931324987,9645.131914737396,1.0,-975.3533277104389,0.21855736011291332,0.8040652176613919,1e-08
joint,609,3165.762370693199,5566.325911706907,1.0,-715.7111383026452,0.20964543738437025,0.7914744022074461,1e-08
joint,610,10047.75040431461,133047.9285991689,1.0,-7601.631017375174,0.26169434802720193,0.8550810808025907,1e-08
joint,611,2936.719653937715,2634.6633983705015,1.0,-489.76582623372235,0.1925692528921236,0.8090508309189471,1e-08
joint,612,2935.5358164275217,2640.0335796565173,1.0,-489.84962543571686,0.19485898813481084,0.779330028930483,1e-08
joint,613,2980.2225896099617,4122.8779869089685,1.0,-537.8110844513494,0.21131790572465442,0.9685006587798589,1e-08
joint,614,4048.8676776132006,19796.91139098674,1.0,-1606.8201925635738,0.22063003701973352,0.7182818482652019,1e-08
joint,615,3014.327579455835,3989.5487964477175,1.0,-573.552414477956,0.20104132223575902,0.7596683034726582,1e-08
joint,616,3201.59533503303,6742.024000538886,1.0,-762.3308934599766,0.20739640498492473,0.7569573438457321,1e-08
joint,617,3138.469979385485,5845.966548133057,1.0,-701.0030712826722,0.21120454617260248,0.883869182819019,1e-08
joint,618,3592.2370216870095,13699.980127212059,1.0,-1156.850216805593,0.22737377872585343,0.8986909929649619,1e-08
joint,619,3195.8765685025255,6063.366523935884,1.0,-761.7314483548242,0.20890075504291558,0.7471271322414265,1e-08
joint,620,3304.0361780884145,8263.95434628539,1.0,-870.9020011889708,0.21369640869700865,0.7996659071387947,1e-08
joint,621,2956.9022778733506,3777.6735776557707,1.0,-525.6824807410047,0.20106655595350775,0.8304711767828147,1e-08
joint,622,4334.866716138504,24318.316990042804,1.0,-1905.5046185675574,0.2319121798606138,0.7843313158431956,1e-08
joint,623,6058.454276873506,56700.837671839785,1.0,-3631.5140673683354,0.2460486984632018,0.8390893737903332,1e-08
joint,624,2779.3256960117246,1800.336137887611,1.0,-354.9066038001291,0.1789872999891273,0.7957972521128408,1e-08
joint,625,3254.7837548345933,8095.393291997981,1.0,-829.9021654912729,0.21060259251546637,0.776927582917937,1e-08
joint,626,3055.339263289409,5484.712293635695,1.0,-632.1445564140037,0.20959250441532948,0.8484996152281407,1e-08
joint,627,3394.248737307754,9990.15995408663,1.0,-972.7861682939601,0.21772515270518492,0.8003228722216791,1e-08
joint,628,3483.5684669001193,11197.492514171663,1.0,-1064.0925680293228,0.22285664564310814,0.868965274751885,1e-08
joint,629,3928.784166820893,19673.98738937386,1.0,-1510.8641620896767,0.22751445166159992,0.8368264079210982,1e-08
joint,630,2813.5541311396273,1843.8959344846362,1.0,-398.24569222794963,0.1892251842484922,0.7721294137841884,1e-08
joint,631,3110.2476134541894,6026.924909738385,1.0,-695.4300110290467,0.20959572578713756,0.849801222435,1e-08
joint,632,2945.737429709822,3606.5663632114033,1.0,-533.2166444876846,0.19898804181613505,0.7817779078548365,1e-08
joint,633,3053.3574848127564,5517.571079582254,1.0,-642.2310917413877,0.20894455585299254,0.8540351573172373,1e-08
joint,634,3021.894581985347,5270.254069853973,1.0,-612.6090457302441,0.20880582778876586,0.8518922744070108,1e-08
joint,635,3809.321364392958,16158.037461918857,1.0,-1402.0466211258563,0.2248325941368005,0.8075798042187368,1e-08
joint,636,2845.5218586774417,2850.131963776955,1.0,-442.01969234014064,0.2024386672919902,0.9817355153893413,1e-08
joint,637,2976.957321537415,5062.827552729113,1.0,-574.555666967924,0.2111792090378589,0.9597577751141494,1e-08
joint,638,7289.067294325971,83556.60960726286,1.0,-4889.679588447472,0.25539722449607294,0.8815391199093524,1e-08
joint,639,2800.8522290659766,2097.409490910859,1.0,-401.2066922120021,0.1913006759265006,0.8054585347859052,1e-08
joint,640,3057.163272698427,5996.694432403676,1.0,-659.035044281192,0.21483116010259104,0.906800878080924,1e-08
joint,641,2792.4915036390803,2166.97400774189,1.0,-396.4994064437985,0.19246230903296674,0.8715480845014345,1e-08
joint,642,4639.579116326407,28373.00867281038,1.0,-2248.159625341395,0.23016423445068795,0.6851338537906704,1e-08
joint,643,2958.0879377143033,4237.367572466906,1.0,-565.2442182359391,0.20332871462465202,0.8105628338266938,1e-08
joint,644,3039.076079535111,5423.0211578815115,1.0,-647.8962200620477,0.20941762991686827,0.8420294377297012,1e-08
joint,645,3271.0646657754723,8958.56025860897,1.0,-881.8070040707884,0.2157848975883891,0.862724898772428,1e-08
joint,646,3155.3129934969347,7451.404391628439,1.0,-768.9474256413489,0.2189178865499778,0.9494842667404594,1e-08
joint,647,5216.77239853965,42589.000008824565,1.0,-2832.3209126659353,0.24183633487089423,0.8749883209086919,1e-08
joint,648,3149.231657557176,6741.623689214611,1.0,-764.8332449374936,0.21373207443545825,0.8643268266567748,1e-08
joint,649,4161.3413186527905,23185.66201331083,1.0,-1778.983127457921,0.2313230133356803,0.8541442444094303,1e-08
joint,650,2826.9930437067237,2569.8657629423833,1.0,-445.63356673553113,0.1971614571943895,0.8440983552534489,1e-08
joint,651,2831.5373786208147,2776.79334881897,1.0,-451.6498538037282,0.19894619422054347,0.8510908237054611,1e-08
joint,652,2926.3771830652745,3822.9283759365053,1.0,-548.0502539890299,0.20338355584745377,0.8535965083901418,1e-08
joint,653,2849.7744508911437,3120.3714107662468,1.0,-473.2884530994434,0.20249448375805643,0.8662220213961633,1e-08
joint,654,4286.678334741437,27151.970027058847,1.0,-1913.696034020304,0.23800636900078243,0.9268099161655613,1e-08
joint,655,2759.200072933667,1973.846176200414,1.0,-386.675606700779,0.19521568837412445,0.8871926249498738,1e-08
joint,656,3006.148852489816,5727.291496957766,1.0,-637.1780815765756,0.2171138777139013,1.00234073286733,1e-08
joint,657,3019.0394488838006,5475.7755841575645,1.0,-649.7902604925544,0.2099881481431803,0.8614040622020777,1e-08
joint,658,5665.59777490609,51168.31460772411,1.0,-3300.4656778467483,0.2459531295147614,0.9129929489509869,1e-08
joint,659,2913.941366233834,4568.027648186332,1.0,-549.052317157167,0.210404195545428,0.9516022507250128,1e-08
joint,660,3613.0428420604494,14864.19191229805,1.0,-1249.2809560729825,0.22568183056331917,0.8558950775574433,1e-08
joint,661,3066.6120697679953,6299.768065386748,1.0,-703.970438855881,0.20914770778945874,0.8269904671733572,1e-08
joint,662,2951.523739239993,4869.608900925215,1.0,-590.8883696755996,0.2120934537164166,0.9356175705046818,1e-08
joint,663,3129.9638719451655,6995.561083687722,1.0,-771.0616788065635,0.20944955863782877,0.763209247507253,1e-08
joint,664,2786.3799296292814,2603.673425383282,1.0,-428.26006743889076,0.1953205953963143,0.8465380574662198,1e-08
joint,665,2761.0999992993266,2050.016676209263,1.0,-404.9809522263158,0.18971415366820055,0.8261557661779166,1e-08
joint,666,2995.508125233093,6195.974835115346,1.0,-642.6587609609761,0.21814912852927543,1.0141192148849707,1e-08
joint,667,3079.736855639847,6519.062693507468,1.0,-726.3861419920282,0.2132945866508601,0.848305617713675,1e-08
joint,668,3627.2792250189905,14712.432124131103,1.0,-1276.2124156034743,0.2245751705855326,0.807561013623391,1e-08
joint,669,2753.6351081272187,2298.3913636380566,1.0,-403.9079250328133,0.1983936024602041,0.9269878320569145,1e-08
joint,670,2771.2363116351,2436.5059413642566,1.0,-422.9667008721156,0.19413475291546184,0.8628679856989354,1e-08
joint,671,3409.1081127231027,11663.869492659867,1.0,-1062.7880233363728,0.22036411543255177,0.8230108053254498,1e-08
joint,672,5606.787692556465,52689.2195258052,1.0,-3264.3127607288575,0.24038507977186763,0.7724919828000366,1e-08
joint,673,2753.3400231009473,2396.3569701571537,1.0,-410.8287460981867,0.1899210204742291,0.8022729706464944,1e-08
joint,674,3751.921364639048,16476.358867709205,1.0,-1411.6717037753338,0.2244583870833106,0.7703239802697358,1e-08
joint,675,7289.338174758862,79641.42328579398,1.0,-4952.805531789244,0.24884655693119576,0.7695417695578898,1e-08
joint,676,2964.4230709727963,5563.784235425347,1.0,-625.953243235019,0.2079713053018034,0.9148266345722033,1e-08
joint,677,2646.6951140659953,1226.3517904929568,1.0,-313.2788437083215,0.192511154633866,1.0778259714801501,1e-08
joint,678,3060.5932000514363,7251.162390364708,1.0,-725.4230598746807,0.21615089637767157,0.8942934973186305,1e-08
joint,679,3120.513316659846,7766.760509225107,1.0,-787.1245572268442,0.21377311687972908,0.8328081539002252,1e-08
joint,680,2689.55689910011,1714.0807224999805,1.0,-358.0783207995201,0.1943284372694515,0.9178295199555212,1e-08
joint,681,2792.1282624210153,2853.7301532077486,1.0,-462.42341024338015,0.19675127533377768,0.8318713483470644,1e-08
joint,682,2678.9285147899755,1735.4394215329103,1.0,-351.26946820563046,0.19406268163683543,0.9000148080918501,1e-08
joint,683,2845.9328368737038,3812.800424058933,1.0,-520.4901972441385,0.20629010478890622,0.9333660937364618,1e-08
joint,684,3034.553124214511,6492.378663457964,1.0,-711.1983346275659,0.21484193918875308,0.9092832636764159,1e-08
joint,685,2675.7318698427744,1792.704720884989,1.0,-354.956676845762,0.1940748967685541,0.956293162000468,1e-08
joint,686,3349.5768084498645,11345.35404197573,1.0,-1030.7839575239768,0.2243517485120188,0.890352033893154,1e-08
joint,687,2701.76111734067,2086.720807780688,1.0,-384.63069364396927,0.1937370476102818,0.8909813864462678,1e-08
joint,688,3086.8849955119426,7516.719061108929,1.0,-771.7960009688908,0.21407207374898815,0.8620277038910941,1e-08
joint,689,3537.9436379286185,13973.582282006473,1.0,-1225.7130994831155,0.22307113281455418,0.810104254496341,1e-08
joint,690,4617.853234254999,32957.17328323054,1.0,-2308.219275706708,0.23877696360599043,0.8713183717907005,1e-08
joint,691,3129.8632325839476,7623.426491668612,1.0,-820.5451049969142,0.21586934293722598,0.828520029625448,1e-08
joint,692,3540.2870167291458,14524.671855239001,1.0,-1233.0808917948773,0.2288636812215314,0.9142669078019907,1e-08
joint,693,3160.8536718431055,9449.95017478117,1.0,-855.7208333960084,0.22307760299741344,0.9998608943574495,1e-08
joint,694,3459.878677793152,13412.964563666397,1.0,-1155.2919632348433,0.222299256947887,0.816015033467847,1e-08
joint,695,2805.3140263400305,3837.5392791580903,1.0,-501.261644947146,0.20784006230061292,0.9447379391872297,1e-08
joint,696,2700.955811998868,2434.190369563009,1.0,-398.16453906242475,0.19824369111158643,0.9454373225193983,1e-08
joint,697,3362.994550996609,11599.606175038127,1.0,-1062.633727710614,0.22060443207718608,0.7918559728733473,1e-08
joint,698,2610.033982427468,1084.4078836626275,1.0,-311.1696972990355,0.17796528580657656,0.8376990424243145,1e-08
joint,699,3174.8956383322343,8778.98804437688,1.0,-877.7564994591913,0.21458426685294088,0.7784625425262912,1e-08
joint,700,2867.794645649674,4526.346175826344,1.0,-570.9354246301014,0.20618401667128458,0.8662533675650921,1e-08
joint,701,3337.4236634351655,11358.290188350093,1.0,-1042.7741719022213,0.21802950655943545,0.8412607015860071,1e-08
joint,702,2791.700898167871,3376.6008980634915,1.0,-498.425788716631,0.19985875608593387,0.8234094787329346,1e-08
joint,703,2633.474558782958,1479.130213371337,1.0,-343.7106301210516,0.18132659172445326,0.7742609905553144,1e-08
joint,704,3434.843612741177,12360.676106719795,1.0,-1145.6962701979107,0.22093286938321274,0.8188997510289252,1e-08
joint,705,2933.697263195154,5552.973728999259,1.0,-645.3610467193791,0.21301939289904276,0.898661951935298,1e-08
joint,706,2585.64713630682,950.2300798756631,1.0,-300.05757325927505,0.17948961155639295,0.9453112600826766,1e-08
joint,707,3621.3250759136436,16452.759277862904,1.0,-1337.8952096329551,0.23000895038715813,0.9231597231172045,1e-08
joint,708,4107.684354643763,24711.86910669356,1.0,-1826.4807783727656,0.23373393908460965,0.8778874322503348,1e-08
joint,709,5627.445091779646,52863.156314363885,1.0,-3349.1646290059243,0.24495104711480503,0.9012784648328201,1e-08
joint,710,2688.546384191519,2469.89832093523,1.0,-410.30024290423194,0.18674565945654611,0.8015991337741522,1e-08
joint,711,2734.354702270032,3231.512886258439,1.0,-456.49917922628094,0.20405377481811707,0.9433995672748002,1e-08
joint,712,3463.3115774928983,14318.684369273544,1.0,-1188.2611506400315,0.2262735982687976,0.9627327768275428,1e-08
joint,713,2633.0875294388816,1760.2350830615826,1.0,-358.3334110898236,0.19340572339054188,0.9345712080025061,1e-08
joint,714,2788.10385641654,3812.0363897888287,1.0,-514.8675055429867,0.20243970138130107,0.8700063959032699,1e-08
joint,715,2724.3245860598745,2995.254936673766,1.0,-452.6186904422135,0.203204269732703,0.9041362798380285,1e-08
joint,716,2561.361951155121,1187.4432588931102,1.0,-292.62448182231674,0.17634625789933192,0.9270556937065693,1e-08
joint,717,2902.217086407089,5670.391376727656,1.0,-634.5994498227834,0.20890370697180835,0.848426961716623,1e-08
joint,718,2839.9864596646416,4742.35381327892,1.0,-573.9870097660443,0.2064670255038736,0.8802716984786441,1e-08
joint,719,2613.0246611959515,1616.0745579861584,1.0,-349.1351278212618,0.191162562098205,0.9587659132547164,1e-08
joint,720,3145.174214619521,9597.959219814738,1.0,-883.568941455858,0.2196291425348978,0.8917837877578233,1e-08
joint,721,2759.0259459229196,3692.370700758887,1.0,-498.61541394911006,0.2007654919518346,0.8900856414049746,1e-08
joint,722,2704.354339344975,2811.752150932173,1.0,-447.5619946705898,0.19552094412706789,0.7777452692840869,1e-08
joint,723,2811.619704233106,4264.662246654139,1.0,-555.0092014760487,0.20376552228831352,0.8694991379794191,1e-08
joint,724,2607.697972691839,1727.680107182916,1.0,-354.76846436731716,0.18456742522206795,0.7850810129798027,1e-08
joint,725,2659.1305697206462,2585.325533981423,1.0,-407.1258550522921,0.20419780573194757,1.026973979892954,1e-08
joint,726,2552.4508613313537,1068.9330772451112,1.0,-301.8863980888264,0.18653823872590852,0.9700271109514456,1e-08
joint,727,2549.5570984769424,982.3247203210448,1.0,-301.2760551345283,0.18253091524243417,0.9380296716917694,1e-08
joint,728,2533.7591421176458,883.3101345625782,1.0,-288.6392027253783,0.18248108768473206,1.0024224651164495,1e-08
joint,729,2804.6892687445606,4369.290035024557,1.0,-561.4278338194226,0.20603080216981107,0.8817118203737723,1e-08
joint,730,2841.469506632941,5290.466672373229,1.0,-600.9789897429322,0.21087337888726873,0.9329884454958124,1e-08
joint,731,3412.341144105097,14064.651704026825,1.0,-1176.0743259047754,0.23033555042516757,0.9818786648820164,1e-08
joint,732,3153.1685918343646,10048.757016087102,1.0,-918.6786604098636,0.225284297644162,0.9825411309943595,1e-08
joint,733,2548.8022662774165,1275.5495483286254,1.0,-315.3040777069057,0.18459822696715653,0.8778536721269138,1e-08
joint,734,2482.6952967710345,486.6015748035556,1.0,-252.65598144822965,0.17018266090434386,0.9252380543985059,1e-08
joint,735,2927.1513303727625,6723.357513088019,1.0,-699.0315050765546,0.21237951085583626,0.8535739326651866,1e-08
joint,736,2625.7578237071366,2451.233283404814,1.0,-399.5653844193754,0.19596435029166948,0.8936487386799628,1e-08
joint,737,2601.690456499189,2123.074210067357,1.0,-378.04975179698215,0.19434241457110624,0.9068951158836043,1e-08
joint,738,2648.616933347215,2559.896777607042,1.0,-427.8218365476044,0.18564308531321544,0.9053648523238691,1e-08
joint,739,2567.2163769678086,1772.442740632363,1.0,-349.4511964798175,0.19494330794982007,1.0260260078330175,1e-08
joint,740,3387.2310505163796,13655.19317224736,1.0,-1173.3984540102465,0.22193146894291493,0.8160739728366281,1e-08
joint,741,2590.33101729367,2179.900166420769,1.0,-377.5997554021676,0.1994129814265653,1.0432579338704076,1e-08
joint,742,2489.6783268970253,912.8385863053992,1.0,-279.0671915363023,0.17667775619110693,0.9450632274046125,1e-08
joint,743,2630.9829930115857,2889.982889330371,1.0,-423.4700012872817,0.20482480497350308,1.0619724997962892,1e-08
joint,744,2484.2311631961475,778.5540159185886,1.0,-278.76370723302193,0.17489645255731937,0.9144868528798334,1e-08
joint,745,2508.9529320291826,1121.6437916782968,1.0,-305.65897994590347,0.18861231853153854,0.9980931696618061,1e-08
joint,746,2484.7418464500024,936.7721451151414,1.0,-284.72943224393805,0.18223710202457052,1.009705437742636,1e-08
joint,747,2628.8698799085887,2634.6896577478083,1.0,-431.08127632224773,0.20041373685501412,0.9698556641729005,1e-08
joint,748,2652.706682837027,3441.654734572178,1.0,-457.7539385926731,0.20396427704046782,0.9346838694596391,1e-08
joint,749,2457.11918150063,569.6982284085751,1.0,-266.8709908701438,0.17626397571694974,1.0617582664196994,1e-08
joint,750,2784.8426802736008,5098.728554164513,1.0,-596.2438284876458,0.21163697161499687,0.9813425059739707,1e-08
joint,751,2476.862088228001,1016.2030213219014,1.0,-291.7057211648658,0.18450787304916302,1.0451510414815042,1e-08
joint,752,2679.262313415808,3818.703606360276,1.0,-496.2504977657432,0.2074140043253575,0.9679167688907778,1e-08
joint,753,2513.8337590079955,1669.1949909819166,1.0,-333.5200255931609,0.18937754616076968,0.9832105184088958,1e-08
joint,754,2865.169196370505,6721.326190671879,1.0,-688.0214250978378,0.21460926248170772,0.9549771237580669,1e-08
joint,755,2597.5202519096024,2625.2955756061315,1.0,-422.53700307431507,0.1968399774637883,0.8737470639300062,1e-08
joint,756,2485.0740628295534,1264.6221732114577,1.0,-312.327806343402,0.19008818327551263,0.9871149728766143,1e-08
joint,757,2461.0717454187106,988.5552425869345,1.0,-291.00735610744795,0.18078392825412337,0.9232674098280237,1e-08
joint,758,2795.840744223065,5876.6590849929125,1.0,-629.6438408361106,0.21301021004048087,1.062851903206944,1e-08
joint,759,2449.4607826817437,901.6099291528682,1.0,-284.38106767796904,0.18113176401753348,0.953362966677808,1e-08
joint,760,2439.5073563798896,1482.3837621927437,1.0,-280.71541239734864,0.16012330043819528,0.8306985529027398,1e-08
joint,761,2509.956353193834,1741.1008190961415,1.0,-349.687022136673,0.1891054834886312,0.9506819506964572,1e-08
joint,762,2443.1843742005176,1130.7365364408017,1.0,-287.0710770313201,0.17541667211027237,0.845274443973001,1e-08
joint,763,2958.884620625624,8700.402190269071,1.0,-805.3753486214225,0.2213064896007062,1.0225352328900892,1e-08
joint,764,2737.7040712871017,4897.247006968932,1.0,-585.6129053802894,0.20684333872966168,0.8671538051450635,1e-08
joint,765,2951.2527397374947,8084.524662051241,1.0,-801.4191290160107,0.21699571087417707,0.9322048654364431,1e-08
joint,766,2504.242877649832,1843.1333093669484,1.0,-356.5595900200454,0.19526450203180967,1.0751128935974654,1e-08
joint,767,2650.667916549059,3955.6442909594252,1.0,-504.06733159003176,0.2031449580192384,0.9129499296168326,1e-08
joint,768,2427.1887693275617,1192.127050113308,1.0,-283.54354693061805,0.173090619164465,0.8822179117578378,1e-08
joint,769,2483.807909407594,1632.3159581580067,1.0,-341.7455507313438,0.1972312981599343,1.058755252739797,1e-08
joint,770,2471.865244622218,1975.2195519239708,1.0,-332.02900711596567,0.17220497691895845,0.9479708379670232,1e-08
joint,771,2580.621965904161,2927.5972924635043,1.0,-442.1584086777755,0.20222915050410692,0.9946917114822617,1e-08
joint,772,2443.7441489513944,1264.653893512198,1.0,-307.26796537548836,0.18587779901646168,0.9081367916380013,1e-08
joint,773,2793.669897219688,6272.9069207077955,1.0,-659.9719235971129,0.2143221729550845,0.9939224253704605,1e-08
joint,774,2548.067987318522,2636.691634923282,1.0,-415.42553124762264,0.20004376632403462,0.9432599356059774,1e-08
joint,775,2386.3224018345127,532.5000106874845,1.0,-256.26098943492843,0.17455317636164897,0.9928609750154987,1e-08
joint,776,2594.114470647208,3529.224858191281,1.0,-465.99197764981386,0.20569829359367758,0.9977845994745023,1e-08
joint,777,2637.6986034726624,3880.268517530273,1.0,-512.0090418914018,0.20529990098885048,0.8894184106969941,1e-08
joint,778,2443.0010473778516,1415.485333113914,1.0,-318.9039341545561,0.19136259916203074,1.0175930727302995,1e-08
joint,779,2399.5751864966383,838.1824153171958,1.0,-279.2838676977737,0.18027043390518493,1.1159045956388722,1e-08
joint,780,2389.741508055315,663.7299639097556,1.0,-270.9475560268632,0.17935932825267895,1.0719472755675383,1e-08
joint,781,2717.8071366474774,5100.167196671568,1.0,-601.3135911425394,0.21174256106433761,1.0266039652224366,1e-08
joint,782,2420.301308621478,1302.1073155773136,1.0,-305.17342041752113,0.1835493344569048,0.9668546972151223,1e-08
joint,783,2390.6277485544233,871.6734462599862,1.0,-278.15350753640297,0.1776828285038759,0.980287421545891,1e-08
joint,784,3672.7188508187483,20476.527000865422,1.0,-1564.9026712244138,0.2303419024710144,0.9402605377200466,1e-08
joint,785,2531.64941944769,2878.618747850533,1.0,-423.9594195716566,0.203645767380736,1.0253390453167857,1e-08
joint,786,2398.682193604399,1017.0752327847831,1.0,-292.68715818629545,0.18448846256151905,0.9986174642502821,1e-08
joint,787,2400.881231269404,1087.5571498181175,1.0,-297.1376418907427,0.18593879041396966,1.0152669303075361,1e-08
joint,788,2438.447041658777,1604.3955788289672,1.0,-336.7519660459365,0.19119414444721927,0.9629448966304225,1e-08
joint,789,2923.1803062408626,8478.140601122106,1.0,-825.6220595986832,0.221070891294011,1.017934361004319,1e-08
joint,790,2364.245119178968,632.4978182431512,1.0,-267.4715954425515,0.17961493650420837,1.0314875281625482,1e-08
joint,791,2405.9110684907064,1326.7886115245751,1.0,-311.0191167899601,0.18527001527346526,0.950068589066752,1e-08
joint,792,2416.95148759712,1352.8112344805443,1.0,-325.0510237404597,0.19296777779557517,1.0701565947197427,1e-08
joint,793,2425.530869798318,1547.8393487905541,1.0,-336.4650138509292,0.1846316757540301,0.8550820690660891,1e-08
joint,794,2455.3716337545757,2027.9594451079838,1.0,-368.1897126733778,0.19190965491012124,0.8739677242516947,1e-08
joint,795,2438.3648794340643,1740.8030850218336,1.0,-352.82958563412666,0.19606172383979037,1.019283682910465,1e-08
joint,796,2440.783644280531,1899.9233397165378,1.0,-357.20624756509096,0.19426580848675729,0.9703844865915419,1e-08
joint,797,2357.9238469720076,856.3823227946959,1.0,-276.66258275692286,0.1792109241323145,0.9611159616152792,1e-08
joint,798,2385.001553672435,1109.8172905975357,1.0,-307.8472045462095,0.19321311074736358,1.1555298439633153,1e-08
joint,799,2402.154790707413,1445.1510184683127,1.0,-325.6565258626744,0.1930972815637227,1.0578462227826935,1e-08
joint,800,2385.373610664941,1191.3197308552283,1.0,-310.7316665706221,0.18737245847323047,1.00699567056854,1e-08
joint,801,2620.0957617856975,4604.641809855106,1.0,-548.3436858353123,0.20782556637185623,0.9705777174751343,1e-08
joint,802,2342.2454119445956,779.0561635500748,1.0,-273.18675324137746,0.17328888317254876,0.8880920345483192,1e-08
joint,803,2327.8670467489487,862.2062990759541,1.0,-262.1105281384485,0.16059893561469743,0.924013325922352,1e-08
joint,804,2766.3460128353536,7031.472461812921,1.0,-701.984601382298,0.21448622219818902,0.984793038291322,1e-08
joint,805,4315.16304808677,31713.19645924862,1.0,-2256.0604399286112,0.23875412455782258,0.9609225576329172,1e-08
joint,806,2407.5276059028406,1813.5319719329664,1.0,-346.2017979430687,0.19146491635498433,0.9486656357955268,1e-08
joint,807,2326.1266750927157,750.5336096067675,1.0,-267.64942335713073,0.1772222258641393,1.0839114202441462,1e-08
joint,808,2302.5860929984856,670.669732298757,1.0,-246.84741210313004,0.16560042522838248,0.9236112532396727,1e-08
joint,809,2296.6298074442716,437.85507728545565,1.0,-243.98145076965977,0.16040126467180713,0.9269334657209857,1e-08
joint,810,2369.1580649819502,1312.4937543445226,1.0,-317.3998873747309,0.18478723703973077,0.924801611845022,1e-08
joint,811,2387.3424103009615,1599.475432105159,1.0,-338.0659047988783,0.19173804753960622,0.9754568731759121,1e-08
joint,812,2318.166132950355,836.0503581312331,1.0,-272.10427178357594,0.17625065296585465,0.9251674803826921,1e-08
joint,813,2317.1708433448416,627.9077573165831,1.0,-276.77543015517494,0.1764850705512032,1.2202219709674176,1e-08
joint,814,2320.1575142746788,848.2489612579304,1.0,-279.2548425644504,0.1802108704069136,0.9469615526296814,1e-08
joint,815,3423.98454655762,18389.87766631393,1.0,-1390.8171224943592,0.23477431493023904,1.1235294520609653,1e-08
joint,816,2490.971274834563,3115.66789490847,1.0,-455.5516946999688,0.19842955251119307,0.9648354597238351,1e-08
joint,817,2342.610092722596,1265.7095448536331,1.0,-309.2876311148629,0.18571176803333808,1.0017186714442263,1e-08
joint,818,2531.3540867747183,3727.8610926513597,1.0,-501.3173555931924,0.20362246512104942,0.9174314006796697,1e-08
joint,819,2314.3734751264274,1058.662759745097,1.0,-287.26180441943075,0.17790455273909817,0.855746913305217,1e-08
joint,820,2598.171028441092,4551.159707636,1.0,-573.7135708134958,0.20279864435442005,0.8509468019752846,1e-08
joint,821,2331.2633862748503,1181.392172067352,1.0,-307.4862985938879,0.19010541860588573,1.106646540025328,1e-08
joint,822,2282.3379621446747,588.2268853805651,1.0,-260.26336181413575,0.17515801074429221,1.055144297859335,1e-08
joint,823,2451.3754642184012,2635.4793800307516,1.0,-431.37365061926704,0.19996414843320615,1.0002867352705895,1e-08
joint,824,2345.1344731422514,1512.2456817436403,1.0,-327.15798467595107,0.18754621664457977,0.9365022153931507,1e-08
joint,825,2471.67738088889,3103.603204167673,1.0,-456.9162108792168,0.20019489660492773,0.8857854357406434,1e-08
joint,826,2332.330936939056,1379.4013982444858,1.0,-318.1854924901324,0.18891764757161292,0.971165936264984,1e-08
joint,827,2302.9662013993357,966.0032476962505,1.0,-291.2759680718547,0.1871354809333532,1.0897383387644246,1e-08
joint,828,2350.966211608865,1672.9508431344043,1.0,-342.062729295061,0.19700904344524106,1.1272576834706174,1e-08
joint,829,2259.486342237827,488.16923048467305,1.0,-251.7382580168884,0.17182698541038857,1.0302172195402168,1e-08
joint,830,2260.656560255662,495.9570033115922,1.0,-255.51434614927243,0.17116511221186692,1.0681944368761482,1e-08
joint,831,2373.8669184684945,2003.6514615292895,1.0,-370.9046788668876,0.1911654980576635,0.9335050630780946,1e-08
joint,832,2400.407629254987,2548.9363518078467,1.0,-399.96414310857256,0.19915320236281203,0.9692918543714594,1e-08
joint,833,2262.2427561483405,780.8585366656878,1.0,-264.0626124542943,0.1715626919186604,0.9986626464062249,1e-08
joint,834,2237.42593680869,562.3079494672726,1.0,-242.4009289868147,0.1636018590432299,1.0103115469518098,1e-08
joint,835,2311.4154129524386,1290.6613651050438,1.0,-318.7963746586506,0.18323174444008486,0.8960626176169673,1e-08
joint,836,2412.143514009695,2651.806761312646,1.0,-423.2057707225555,0.19374396377261402,0.8553023797528952,1e-08
joint,837,2926.6826611505276,10684.638253566418,1.0,-940.9851400000181,0.2236245379350313,1.0319840312001975,1e-08
joint,838,2701.99667438132,6917.132738455428,1.0,-718.0124136144296,0.20990247625564715,0.8853513331718483,1e-08
joint,839,2450.7483568313583,3361.4701038837184,1.0,-467.1324147029464,0.20282058062402547,0.9565223701518791,1e-08
joint,840,2277.615091136989,1119.248517041543,1.0,-295.36465282460887,0.17080239154374485,1.0016223412737242,1e-08
joint,841,2268.0869253930923,896.6478122238352,1.0,-287.221418643318,0.18365286113413115,0.9895543901348255,1e-08
joint,842,2262.336651332627,874.1772905405626,1.0,-283.3816315624998,0.18191866642133142,0.9853916638107848,1e-08
joint,843,2252.897054449309,659.6351010427732,1.0,-277.03326357279894,0.1815913385638837,1.1447272229873597,1e-08
joint,844,2284.4998174041384,1180.8838468976544,1.0,-309.71808600255315,0.18315604854368425,0.9609969252169075,1e-08
joint,845,2278.317540431147,1199.5933233218816,1.0,-305.5732580034781,0.19009283176820982,1.041170541406775,1e-08
joint,846,2222.18349345313,535.842388723074,1.0,-251.99401040754594,0.16785088611890897,0.9873310000928823,1e-08
joint,847,2212.1118776862277,421.25907921527573,1.0,-244.5084499740909,0.16391915288665176,1.0314412045629986,1e-08
joint,848,2231.1346530211945,571.3191074262625,1.0,-265.2805883014892,0.17530786737978823,1.008902513434671,1e-08
joint,849,2227.812528494889,672.0182140256123,1.0,-267.89944254774355,0.1627889228633614,1.2080692461397629,1e-08
joint,850,2322.760426139869,1856.5209866507669,1.0,-362.85046630650953,0.19611867313337963,1.0667022557767543,1e-08
joint,851,2208.6160102768627,547.024478878954,1.0,-253.57324235422368,0.1584273251650697,1.1501808608245556,1e-08
joint,852,2401.42549356851,3041.6309532059836,1.0,-447.38511609138044,0.20425456846641582,1.05164691852621,1e-08
joint,853,2200.2217329731593,676.6403557890382,1.0,-249.971761944759,0.15585203568799638,1.0850727718656978,1e-08
joint,854,2236.7799168166553,939.1157734970737,1.0,-287.32821356332806,0.17613430313041667,0.9446807102163576,1e-08
joint,855,2194.107714357104,377.7494945614847,1.0,-247.26962161604044,0.16914008480372997,1.0448568656507426,1e-08
joint,856,2207.326207716122,668.0977268129404,1.0,-263.23845590037786,0.17043709165804896,1.0320089914475163,1e-08
joint,857,2215.9675911197173,768.2960480525915,1.0,-274.5275067822556,0.17840637437512083,1.0455739125344217,1e-08
joint,858,2217.6256013900775,717.7669941774209,1.0,-279.3511386003647,0.18276986205358028,1.0892284362402676,1e-08
joint,859,2173.7240591598465,431.11162045341086,1.0,-240.92841288778456,0.15119769039131178,1.0721758351832964,1e-08
joint,860,2226.465888227232,945.094924684605,1.0,-294.05205216983416,0.1842604388836168,1.078587478519798,1e-08
joint,861,2279.130076203166,1688.4748718584613,1.0,-350.59488769906955,0.18819242763759955,0.9019011437513991,1e-08
joint,862,2236.3053817519803,1239.958423587726,1.0,-309.4664475257068,0.18596708054382047,0.9877896655006524,1e-08
joint,863,2176.0784591346846,478.48633309479135,1.0,-252.77298787851487,0.1642638831450137,1.0747101552252174,1e-08
joint,864,2190.855794635526,602.2559435017471,1.0,-269.68144224362476,0.17971641219576887,1.0959025031723382,1e-08
joint,865,2176.6189695786325,587.7157660620677,1.0,-258.2741499058751,0.16967049700940157,0.9865367706618697,1e-08
joint,866,2212.080625011974,1015.272588452123,1.0,-296.2029215472137,0.18531133534671415,1.037232135778805,1e-08
joint,867,2763.173092544659,9031.692282695507,1.0,-852.8270799895179,0.21935659540637747,1.0331506737103162,1e-08
joint,868,2194.9623800715067,811.4813894583011,1.0,-285.3580971352668,0.17436528492774983,1.1449908671130882,1e-08
joint,869,2280.7357547235515,2046.5848625059757,1.0,-373.0021654801424,0.19579374703928726,1.0194379966431601,1e-08
joint,870,2528.1066522783476,5257.282401207119,1.0,-624.4509679815006,0.2076868308936518,0.9244273622284711,1e-08
joint,871,2177.930351431679,668.9261127660791,1.0,-274.3078334496606,0.18090395427271164,1.0670062099429776,1e-08
joint,872,2176.7469899182,811.3991388867303,1.0,-275.3533375667291,0.17929525984398825,0.9766796821400404,1e-08
joint,873,2661.78479568292,7502.276624698842,1.0,-765.3129076552876,0.21771912400762222,1.0725743021305438,1e-08
joint,874,2232.7079975409297,1544.9355876928753,1.0,-335.5778994155026,0.19023140652981396,1.016362951972458,1e-08
joint,875,2153.0733621226746,547.1484057729923,1.0,-257.9344464695609,0.17007605653713093,1.0337566138843017,1e-08
joint,876,2170.2485219993823,841.294166284244,1.0,-276.95291052093427,0.17828656500357737,1.0434312197891324,1e-08
joint,877,2272.7590589531374,2097.623106024597,1.0,-381.9665760336964,0.1943822027479195,1.021044157395931,1e-08
joint,878,2214.642344120949,1407.208346437576,1.0,-325.89183368228123,0.18405029953895263,0.9458931921496975,1e-08
joint,879,2164.238917444606,679.9963128447744,1.0,-276.90232814858365,0.1791937075716695,1.0589845653341377,1e-08
joint,880,2197.760795116121,1136.0394204115207,1.0,-312.9177181542549,0.18972312788390772,1.1066474615303323,1e-08
joint,881,2174.53879040399,972.7840915534138,1.0,-290.9883667885863,0.17612476285587889,1.0234053297595413,1e-08
joint,882,2127.634027957446,375.6972574322932,1.0,-246.40474163580754,0.16578541705784,1.03425643712859,1e-08
joint,883,2153.274837535484,593.2079626339569,1.0,-276.2888644953387,0.17930212822011649,1.2429025626383596,1e-08
joint,884,2117.459288677751,400.53276962523097,1.0,-241.22910540992595,0.1615481226506581,0.9682012878111469,1e-08
joint,885,2192.04870910787,1254.780241130293,1.0,-317.63250769492333,0.18630624695476494,0.9585034189321573,1e-08
joint,886,2204.4156527204345,1484.1334073916544,1.0,-332.0283987175863,0.1867991219079311,1.0619249618748154,1e-08
joint,887,2174.0825392536744,1103.4987054738979,1.0,-303.9085321557441,0.18464944174933792,0.9956602234967779,1e-08
joint,888,2147.5453953200895,789.0054745319648,1.0,-279.38718198399664,0.17640340430070003,1.0214052561904186,1e-08
joint,889,2111.053190810214,535.5581120330941,1.0,-246.1467490772162,0.1601539050502113,0.9934899447256246,1e-08
joint,890,2233.0066952535053,1907.359443074803,1.0,-370.143319530365,0.196093200349387,1.0704487010389727,1e-08
joint,891,2153.3188333510275,854.3177601672492,1.0,-292.92009258238005,0.1863927419462371,1.1539412542449932,1e-08
joint,892,2130.6256020918177,820.8912334217677,1.0,-271.82136887783366,0.1774987576820752,0.9593340805497917,1e-08
joint,893,2097.657314339311,307.64583514101133,1.0,-242.12119595099705,0.15639692830324767,1.0879603508649236,1e-08
joint,894,2237.163075945088,2094.5625378668096,1.0,-383.48426415515337,0.197186583812975,1.075790627215719,1e-08
joint,895,2110.315083947973,394.189540522009,1.0,-258.690227830165,0.1731309719179659,1.1335884536091652,1e-08
joint,896,2185.0279257584953,1461.9931146665751,1.0,-336.22612882066807,0.19354855612697794,1.1176970904814005,1e-08
joint,897,2124.6815142360106,714.5399504488046,1.0,-278.1519050733872,0.179594524879579,1.1560046964064674,1e-08
joint,898,2085.8159240849286,608.9495282158349,1.0,-243.39612932003493,0.15936697082989884,0.8928336067720384,1e-08
joint,899,2112.5103950572807,556.9545353978748,1.0,-270.37432789291466,0.18048300981651696,1.130346690752869,1e-08
joint,900,2108.0649283677753,552.2878818304658,1.0,-268.9784195225596,0.17734665223689908,1.1788087386773043,1e-08
