Scenario,Replication,Model,RMSE,MAE,CRPS,Coverage,AIW,FitSeconds,IterationsUsed,EarlyStopped,final_negELBO,tail_negELBO_mean,tail_negELBO_sd,tail_slope,tail_relative_slope,tail_cv,tail_grad_median,tail_grad_p90,tail_n,Alpha_RMSE,Alpha_R2,Delta_RMSE,Delta_R2,Phi_RMSE,Phi_R2,Corr_Frobenius_RelErr,Corr_OffDiag_R
1,1001,Gaussian Neural Model,0.33745278882546936,0.1647432204911975,0.11380941750344464,1.0,0.9231263079784675,3.602528250999967,600,1,1583.9512477236503,1598.7840426107368,24.58623573264843,-0.13996586790971458,-8.754519946368555e-05,0.015378084267403797,142.52573770540164,435.40184569041924,300,,,,,,,,
1,1001,Proposed Adaptive NSST-BNF,0.17686395817412245,0.10118083991898319,0.07963475357942516,1.0,1.200333758430835,11.504016357001092,800,1,2134.51812067531,2167.775206232793,28.522376537483193,-0.26920890727725005,-0.00012418672678939208,0.013157441996511247,105.07595560640627,246.97574141576672,300,,,,,,,,
1,1001,Sparse Variational GP,0.2084555341832036,0.1236053346390813,0.1283933935272571,1.0,1.65930007662315,2.4808629819999624,900,1,60.22745283598864,61.31292648650083,1.0036864294900545,-0.0111207145059985,-0.0001813763449775,0.0163698992529906,3.698558804760929,6.749708659250396,300,,,,,,,,
1,1001,Stationary Skew-t Neural Model,0.34903245817661416,0.17040098880666157,0.11642794727371183,1.0,0.983778170286358,5.597853137000129,600,1,1579.893078464266,1593.9992669691242,16.285057056005527,-0.13240757916355797,-8.306627355941101e-05,0.010216477129861165,127.19378382728567,412.6961455854174,300,,,,,,,,
1,1002,Gaussian Neural Model,0.10748710873385518,0.08793858968137676,0.06836186940305407,1.0,0.8274428621483814,3.1388404150002316,500,1,1592.35620807272,1625.4216721046619,32.67137094745605,-0.2913466305929312,-0.00017924372216329785,0.020100243221903038,222.97947252097433,1163.8486997373957,300,,,,,,,,
1,1002,Proposed Adaptive NSST-BNF,0.07581391525995824,0.060864924066717604,0.06635266703897089,1.0,0.9291041588330422,10.813251977999244,800,1,2184.249586629615,2213.361469801515,26.89815478293992,-0.2514175152051022,-0.00011359080684984012,0.012152626288082996,127.41312191962741,608.2765455679261,300,,,,,,,,
1,1002,Sparse Variational GP,0.263017750314362,0.198994293091526,0.1495015962112031,1.0,1.6481736336691646,2.645074831999977,900,1,66.0932803392829,66.73204659104957,0.5383534340766039,-0.0060628280175147,-9.085332051434254e-05,0.008067389831092,2.592478708615645,3.060558297567859,300,,,,,,,,
1,1002,Stationary Skew-t Neural Model,0.10691235007391861,0.08825221180324336,0.07030914489459228,1.0,0.8492250697203839,5.320276520000334,600,0,1609.3315212927535,1627.0298356492772,53.08305162881971,-0.11519415623985108,-7.080027281360947e-05,0.03262573953208211,207.51257271944925,1407.245188973637,300,,,,,,,,
1,1003,Gaussian Neural Model,0.49698552517601824,0.2567944387132139,0.19526058384750433,0.875,1.2005758309295982,2.7652908919990296,500,1,1828.200731802414,1856.6710510864389,47.04559592275267,-0.2647997859440031,-0.00014262073283743734,0.025338681235549894,746.6353536719462,3312.0908105816,300,,,,,,,,
1,1003,Proposed Adaptive NSST-BNF,0.45585441149614575,0.2407103659092782,0.1735895245157223,0.9375,1.2826577125743377,10.036998065999796,800,1,2435.563610470425,2472.0746810394626,32.075547617442,-0.20704927326905773,-8.37552663182478e-05,0.012975153163234858,546.140109119326,2283.1784807859804,300,,,,,,,,
1,1003,Sparse Variational GP,0.517033307365959,0.3865746617549274,0.2570587961866625,0.9375,1.6831905145198682,2.6041586240000925,900,1,59.61475601805259,60.24676823913818,0.5364374956698184,-0.0060336935970475,-0.0001001496640134,0.0089040045026236,2.176416439054534,2.8247077366836977,300,,,,,,,,
1,1003,Stationary Skew-t Neural Model,0.41870731032114067,0.2416602970364802,0.16890530560979683,1.0,1.2299738687415398,4.868298130999392,600,1,1834.8017058060152,1868.7189342869212,49.138608639547265,-0.13552396639879866,-7.252239163002475e-05,0.02629534476156945,761.2370602857962,3579.824313117016,300,,,,,,,,
1,1004,Gaussian Neural Model,0.30286659085741147,0.1910058783797235,0.1269830104437401,0.9375,0.7692178803732959,2.8813380610008608,500,1,1658.1822118270106,1691.7308460612683,42.19028095443759,-0.3489533876293456,-0.00020627003902056154,0.024939121404959942,201.23955115932668,958.7675315288875,300,,,,,,,,
1,1004,Proposed Adaptive NSST-BNF,0.249925011090503,0.15550014345999952,0.10506154195208466,0.9375,1.024203568814289,8.976792958999795,800,1,2235.297666082144,2257.47525744076,27.537239315474718,-0.28846834240182456,-0.00012778361200239838,0.012198246348309016,104.45229076833829,432.01176299105083,300,,,,,,,,
1,1004,Sparse Variational GP,0.2761245113775309,0.2055521923843123,0.1561383220541438,1.0,1.7215550746881667,2.0634659219999776,700,1,66.50284245395616,67.5837035882763,0.7708658514293681,-0.0087501132326283,-0.0001294707565293,0.0114060906772069,6.590048310066775,130.98387639840016,300,,,,,,,,
1,1004,Stationary Skew-t Neural Model,0.312326191801493,0.19517427114909,0.13022336222981387,0.9375,0.7925196821805067,3.8011230810006964,500,1,1681.5271772110746,1716.9131235948807,39.37504501926541,-0.33183389338125857,-0.00019327354938406145,0.022933626913411748,233.35152153758997,987.8455095354531,300,,,,,,,,
1,1005,Gaussian Neural Model,0.26629080475484035,0.14535669389239927,0.11111099609935968,0.9375,0.9176559777204594,2.4760727399989264,600,1,1540.5053314909758,1557.9749906808056,24.12981448355489,-0.12132291039762814,-7.787218095497942e-05,0.015487934419929681,97.91809172125431,327.6558235243666,300,,,,,,,,
1,1005,Proposed Adaptive NSST-BNF,0.20351774502166708,0.12122411697053034,0.0939027758201722,1.0,1.136425744527523,8.06085978199917,800,1,2149.0285532107137,2183.233386901733,23.691782297547114,-0.21962303642630376,-0.00010059530865730063,0.010851694756815968,88.02554729054805,257.1843988383907,300,,,,,,,,
1,1005,Sparse Variational GP,0.4955401323912388,0.2719630254050232,0.2125861655848501,0.9375,1.4815287227120828,2.404913972999907,900,1,56.9895826725935,57.61743855465977,0.5737622874729539,-0.0063730967649183,-0.0001106105534155,0.0099581359717793,2.384886748449856,3.147455072968528,300,,,,,,,,
1,1005,Stationary Skew-t Neural Model,0.2672020610141042,0.1476530485885462,0.11412667529809964,0.9375,1.0000145109132235,3.1889022489995114,500,1,1554.3632401014445,1578.2960034364123,31.76888017413971,-0.25918303505806395,-0.0001642170001658412,0.020128594449310866,100.72419251402744,426.32154134582004,300,,,,,,,,
1,1006,Gaussian Neural Model,0.6295893641674085,0.382087987784503,0.28753808792262925,0.75,0.8973957757831375,2.4470937749993027,600,1,1876.1001465875554,1878.8756369293892,48.372000707719835,-0.11137683125902817,-5.92784477428475e-05,0.025745184916428666,875.1845438881162,3715.549203622483,300,,,,,,,,
1,1006,Proposed Adaptive NSST-BNF,0.6108002228495313,0.3266644479102795,0.23706608537811885,0.9375,1.0786746304905828,7.418937332999121,700,1,2534.1308241089932,2582.980737006689,46.60801785175967,-0.2667027937039556,-0.00010325388412033861,0.018044276205393533,1040.6926226472508,3990.3410460286836,300,,,,,,,,
1,1006,Sparse Variational GP,0.5074534662683224,0.303237214073614,0.2248093793715457,1.0,1.913582933812886,2.480213956000057,900,1,71.22428941009632,72.11653731804228,0.7864765580459049,-0.0086644551739909,-0.000120145191328,0.0109056339543514,5.3328514961925535,101.1091526642424,300,,,,,,,,
1,1006,Stationary Skew-t Neural Model,0.6224571122076571,0.38038739112071845,0.2842390784712139,0.75,0.9609875593993621,3.113453412999661,500,1,2064.7234107183276,1897.704590384184,39.26612185709585,-0.25209739579039975,-0.00013284332928728562,0.020691377391434,1057.9194806676524,3475.2609512703566,300,,,,,,,,
1,1007,Gaussian Neural Model,0.27685139998573643,0.16464696236454712,0.11677821328082674,1.0,1.2306695767667049,2.4129156729995884,600,1,1540.7936442920823,1561.2576866301117,41.60724557946139,-0.13183409893133557,-8.444096068208451e-05,0.026649825929291854,130.40974162137624,479.75455339039036,300,,,,,,,,
1,1007,Proposed Adaptive NSST-BNF,0.25084178901943177,0.15223792175786582,0.11562765972035863,1.0,1.5237437926523691,8.798553268001342,800,1,2152.9601932341984,2181.7532746957268,23.432914248754262,-0.2271256033674431,-0.00010410233182719461,0.010740405214710756,101.62005428609828,289.9681968599592,300,,,,,,,,
1,1007,Sparse Variational GP,0.4804621789189133,0.4282943439316633,0.2793265698831081,1.0,2.0684636797414018,1.9716811460000367,700,1,72.18878989860399,73.33466730077821,0.8416501937709544,-0.0094150976479409,-0.0001283853598097,0.0114768393278305,7.006129732424405,158.24844384856635,300,,,,,,,,
1,1007,Stationary Skew-t Neural Model,0.290001737390032,0.18104374880270846,0.12696854084082507,1.0,1.2593390920667615,3.4078773349992844,600,1,1587.823798483074,1576.7854307518096,23.031301343777244,-0.10064841211340557,-6.383139401878951e-05,0.014606490454947907,153.77859136876143,625.2790165304617,300,,,,,,,,
1,1008,Gaussian Neural Model,0.2687798984284587,0.19740462321739097,0.13851259738190946,0.8125,0.8278176732631284,2.176511671999833,500,1,1672.025782272202,1711.3805646147096,44.65375250752306,-0.3186945186916155,-0.00018622071868822725,0.02609224004923541,154.49339323610744,629.5099134047744,300,,,,,,,,
1,1008,Proposed Adaptive NSST-BNF,0.22377892322818843,0.1541431573597577,0.11564357695721116,0.9375,0.8904135965663665,8.535625376998723,800,1,2296.5331950583923,2329.5540747278096,39.81706822791713,-0.21549421804193306,-9.250449276096405e-05,0.017092141650572948,151.13203309503427,652.2196961794996,300,,,,,,,,
1,1008,Sparse Variational GP,0.3856578652488727,0.3429792425868698,0.2232388812824981,1.0,1.530966463858983,4.423137440999994,900,1,58.65486935157952,59.70296501152066,0.7998647004469764,-0.0090465632143374,-0.0001515261966066,0.0133974032996956,74.31639903942859,112.47113870071976,300,,,,,,,,
1,1008,Stationary Skew-t Neural Model,0.27592215413519494,0.2101517702188142,0.15312431016589162,0.875,0.8493192338874862,3.249623427000188,500,1,1732.4377661237882,1745.1430491036433,41.50485849732508,-0.30332096775118295,-0.00017380865591905335,0.02378306954185972,204.98138100634088,675.411958706886,300,,,,,,,,
1,1009,Gaussian Neural Model,0.4513393577097225,0.2960346517734731,0.21372009390554011,0.8125,1.0582611524791312,1.7039086029999453,400,1,1861.9952510644823,1873.0505157097023,83.25262575470904,-0.7760751414827769,-0.0004143375392033782,0.04444761369565328,481.4766423189552,3417.689035310162,251,,,,,,,,
1,1009,Proposed Adaptive NSST-BNF,0.4562972913704676,0.2728888026595806,0.19701462929266317,0.9375,1.1501641153295488,9.140621144999386,800,1,2338.331671138185,2383.0826900400593,33.169042268608386,-0.27551216647685584,-0.00011561166871310891,0.013918544416119612,234.7615700953587,1113.159123781713,300,,,,,,,,
1,1009,Sparse Variational GP,0.4375598037830863,0.3067650641280299,0.2136271982588597,0.9375,1.383178189710779,4.119053797000106,900,1,47.81501429358463,48.47214626199198,0.5619155394886451,-0.0063064421256506,-0.0001301044540417,0.0115925450557002,2.651724700164806,3.75904225015012,300,,,,,,,,
1,1009,Stationary Skew-t Neural Model,0.4819283653980381,0.3146250564730926,0.22952144084634774,0.875,1.069267259450349,4.179975008000838,600,1,1776.6031621145637,1795.4320881051601,49.176020752597914,-0.10015470385023649,-5.578306442987572e-05,0.02738951870047986,432.8360665971448,2078.622424099927,300,,,,,,,,
1,1010,Gaussian Neural Model,0.4119651514532337,0.28116894147195237,0.20076157192801783,0.9375,1.0642754258561153,2.5516250540003966,500,1,1751.0350794164792,1807.2802854226288,79.93041398290327,-0.39843105207440055,-0.00022045891569122498,0.04422690527175848,711.4484836606284,4540.283233390283,300,,,,,,,,
1,1010,Proposed Adaptive NSST-BNF,0.4110549978603233,0.28057097537559894,0.1891764770755086,1.0,1.3678629930226658,6.569701454000096,600,1,2500.9860211493747,2571.4049873835133,73.31710982679795,-0.6774727916725023,-0.0002634640575858306,0.028512470881298407,492.692518553383,2324.829983060846,300,,,,,,,,
1,1010,Sparse Variational GP,0.510584597350038,0.3925298193731336,0.2744928086160832,0.9375,1.89459533457798,2.604913279000016,700,1,71.57011356117474,73.08603283864683,1.3639647267290391,-0.0146217084331133,-0.000200061596795,0.0186624540114287,3.718594491911228,71.30849785851818,300,,,,,,,,
1,1010,Stationary Skew-t Neural Model,0.4118170090677259,0.28015332566163587,0.19737986524510542,0.8125,1.0409704947561904,3.4750532580001163,500,1,1734.6307794862362,1803.4841769986813,262.0922875271175,-0.5854921495611568,-0.00032464501603530544,0.1453255264835678,679.6900569164723,3645.940840381462,300,,,,,,,,
1,1011,Gaussian Neural Model,0.31815794155118504,0.19991879570731586,0.12283184567277869,1.0,0.8904867715040631,2.0306599369996547,400,1,1424.8848978071344,1475.780853503059,42.70508054585769,-0.4530171279893423,-0.0003069677499298191,0.028937277810922042,77.5880213067833,234.21415384448704,251,,,,,,,,
1,1011,Proposed Adaptive NSST-BNF,0.24503487761178624,0.1500444049622085,0.09577642919973839,1.0,1.119871161082619,8.13682931600124,800,1,2067.983421429528,2095.6653238562053,21.41315755879699,-0.20803882954766104,-9.927101774287677e-05,0.010217832644859018,77.92706251893594,180.0517282633513,300,,,,,,,,
1,1011,Sparse Variational GP,0.3828904726422986,0.2953628465144192,0.2119933369546391,0.9375,1.6105591068070222,4.1994006700000455,900,1,60.24688783575455,61.35918101551536,0.9326664061217972,-0.0105087977484253,-0.0001712669167759,0.0152001117141043,3.0758752442133384,3.49408670217344,300,,,,,,,,
1,1011,Stationary Skew-t Neural Model,0.3029094167442733,0.19316595736956702,0.11857882660916873,1.0,0.9336808231264226,3.2678955270002916,500,1,1448.2658644605056,1457.512075166195,23.55440557218453,-0.20830879612300357,-0.00014292080297122116,0.016160693261837084,79.03290510603013,222.43818355963558,300,,,,,,,,
1,1012,Gaussian Neural Model,0.3308582356724447,0.2318211697230778,0.15994235378715016,1.0,1.0806355900472093,2.1925351219997538,500,1,1698.3894664700495,1742.119614683517,49.06826117520905,-0.29340627697603533,-0.00016841913408416389,0.02816583933826096,526.8800982797491,2188.468181212194,300,,,,,,,,
1,1012,Proposed Adaptive NSST-BNF,0.28527472081281124,0.17561722609626484,0.13104224537861278,1.0,1.1998042329370022,8.86279999100043,800,1,2316.9498461630706,2361.679488560956,36.17234633255333,-0.22900999457337437,-9.696912543916665e-05,0.01531636553891326,272.8437947814151,1035.0526982136023,300,,,,,,,,
1,1012,Sparse Variational GP,0.3922923621235081,0.2819958958015893,0.1945784274707619,0.9375,1.213525622381077,4.015295230999982,1000,0,45.76973398994913,47.12788405238571,0.960980902559086,-0.0108337905190027,-0.000229880690314,0.0203909197682389,9.837200121632378,138.1929549196158,300,,,,,,,,
1,1012,Stationary Skew-t Neural Model,0.28343426381446307,0.20292184328031487,0.13942333235353,1.0,1.1393293709509997,3.1464290839994646,500,1,1707.162626588036,1749.7789658093754,54.59300921934287,-0.2936703906587819,-0.00016783284997539215,0.031199945985229266,494.09562348278484,2299.6505454311464,300,,,,,,,,
1,1013,Gaussian Neural Model,0.5168046979710633,0.38856896610809,0.268308341640905,0.75,1.1606077471810665,2.2266212869999435,500,1,1785.8141577266622,1828.7042519042195,44.01252214367594,-0.24003331542523268,-0.0001312586850362967,0.024067599830779593,885.3935170254508,3110.9880136374527,300,,,,,,,,
1,1013,Proposed Adaptive NSST-BNF,0.5009544948054007,0.3359316257979649,0.2253290038870924,0.9375,1.3314665831948687,9.098968897000304,800,1,2466.031009570091,2500.9659674810496,40.30825623752302,-0.23776405673163942,-9.506888931044238e-05,0.01611707506684752,601.2743215200815,2555.310635504632,300,,,,,,,,
1,1013,Sparse Variational GP,0.6382462585981963,0.3832881083966689,0.2855336505412291,0.875,1.5155969610556457,3.2622948050000105,900,1,50.21663525466922,50.84637174125928,0.5773056836563026,-0.0064169791519775,-0.0001262032851553,0.0113539209167964,2.713569768399234,3.704778294719549,300,,,,,,,,
1,1013,Stationary Skew-t Neural Model,0.4090072780033699,0.290602184968373,0.19621822551147514,0.9375,1.248797913618857,3.809436014998937,600,0,1845.2095361670513,1844.690996253551,67.1577530052757,-0.12406488441578747,-6.7255103791234e-05,0.03640596346036748,812.5862978921923,4712.112148953215,300,,,,,,,,
1,1014,Gaussian Neural Model,0.19875203400082186,0.1343146176416234,0.08872419782768215,1.0,0.7171273951001237,2.6716426679995493,600,1,1683.872476829301,1705.1369516825446,32.21611366406964,-0.1487324597112475,-8.72261078879826e-05,0.01889356372945901,243.49338758715228,1151.883200367238,300,,,,,,,,
1,1014,Proposed Adaptive NSST-BNF,0.13393547502091177,0.09182813584103504,0.05930349832749189,1.0,0.8212430994628082,9.637301382999794,800,1,2174.729077917209,2216.290201456466,29.717653761868778,-0.2721575187903892,-0.00012279868340866958,0.013408737602295672,104.42766598469441,268.68517325952723,300,,,,,,,,
1,1014,Sparse Variational GP,0.3147191517130391,0.2302600866865722,0.176532733766338,1.0,1.6618567404861808,3.176184393000085,900,1,71.4366538075885,72.11212629042713,0.555730568426749,-0.0062755223102291,-8.702450798572789e-05,0.0077064787437908,2.528347672588443,2.9587457369989263,300,,,,,,,,
1,1014,Stationary Skew-t Neural Model,0.1847505145319314,0.12313258820065143,0.08190551068823293,1.0,0.734691579550941,3.8184557630011113,500,1,1908.4874308010963,1696.7751731846743,43.421926666444065,-0.34274839160856946,-0.00020199988603396727,0.02559085455319664,197.68606373186424,973.7265965996851,300,,,,,,,,
1,1015,Gaussian Neural Model,0.5199651711595102,0.39099585109204893,0.2836368035296726,0.8125,1.1716069357885357,3.0610584469995956,600,0,1794.0256137387676,1819.8264878338148,85.19458776530993,0.0032143341564606974,1.7662860596598957e-06,0.04681467619845404,833.6407384529658,4278.407093632232,300,,,,,,,,
1,1015,Proposed Adaptive NSST-BNF,0.42931218081326783,0.2986397876064493,0.2251306941720546,0.8125,1.3565286430146064,7.5889080639990425,600,1,2460.365364851745,2545.531329679221,90.27656438941898,-0.7234357105260657,-0.00028419831337028967,0.035464723351409426,461.0178277195842,2990.1345316400407,300,,,,,,,,
1,1015,Sparse Variational GP,0.4499136393242202,0.2858615167919608,0.233529291419955,0.875,1.7504454788218118,3.096692664000102,900,1,60.02102412658894,60.83512048396442,0.6672697912414073,-0.0075420103149862,-0.0001239746096496,0.0109684962556667,2.523149467695448,2.917458482652602,300,,,,,,,,
1,1015,Stationary Skew-t Neural Model,0.46765721596886206,0.29213750206705613,0.22868141030226194,0.8125,1.2244152474209364,4.606907170000341,600,0,1848.7568995029717,1842.6859548546447,64.85209098149042,-0.13324391906968674,-7.23096188575428e-05,0.03519432641825616,780.5635873750314,4134.805730519609,300,,,,,,,,
1,1016,Gaussian Neural Model,0.2761944583455763,0.1704903930668052,0.1406186773050588,0.8125,1.073350958307777,2.4411680009998236,500,1,1817.0480055859935,1864.9421645076413,48.020149421082124,-0.27465454634578296,-0.00014727242033175526,0.025748867892511712,596.8477755530371,2792.924192711252,300,,,,,,,,
1,1016,Proposed Adaptive NSST-BNF,0.24378974483081425,0.15768594622036552,0.12808421672120102,1.0,1.2006220058472832,6.995689875999233,600,1,2526.286368209878,2564.7661362582485,74.73132092045243,-0.6763815241549556,-0.0002637205453522293,0.029137674528671977,453.415394821536,2300.7145366767313,300,,,,,,,,
1,1016,Sparse Variational GP,0.2672340437155058,0.194692268285833,0.1637363855324491,1.0,2.093196234401808,2.3211052189999464,600,1,68.43570623515524,69.59752354262316,1.0539195412487017,-0.0115224815404413,-0.0001655587864902,0.0151430609539323,18.558709464083865,75.84445401491577,300,,,,,,,,
1,1016,Stationary Skew-t Neural Model,0.27021841004976965,0.17068336039228033,0.13901406559817395,0.9375,1.0671344507661302,4.212269996000032,600,1,2228.0969910848717,1839.9117705604606,80.0082336482652,-0.07148266836736332,-3.885113922913203e-05,0.04348482080958351,517.5363184383714,2792.837265328074,300,,,,,,,,
1,1017,Gaussian Neural Model,0.20799256812420217,0.16158153945311426,0.11563537848726287,0.9375,1.077866506175606,2.291725196000698,500,1,1812.56713297711,1869.5475590772523,70.44578928736613,-0.32733330397375854,-0.00017508690933506896,0.03768066179719752,727.604279095008,3273.4737613930174,300,,,,,,,,
1,1017,Proposed Adaptive NSST-BNF,0.3981414856811164,0.2714766089584568,0.177549691755359,1.0,1.3314067989940568,7.8994245100002445,700,1,2535.8778215172088,2569.2670542163214,60.31504795054368,-0.23441072461909,-9.12364186643844e-05,0.023475585323667714,718.8754177945101,2968.004979907543,300,,,,,,,,
1,1017,Sparse Variational GP,0.290642591542774,0.2284540567244504,0.1611116695847539,1.0,1.284292913726398,3.502944456000023,800,1,48.65377457498301,49.46877304607457,0.5817485839877383,-0.0066067721096365,-0.0001335543960931,0.0117599153600574,2.507020224243361,13.179817526952943,300,,,,,,,,
1,1017,Stationary Skew-t Neural Model,0.325536632439283,0.20184304841845563,0.14732953400101637,0.9375,1.1451207861923924,3.5899519080012396,600,1,1818.9957646455991,1852.7105434881967,54.00144203683577,-0.08116990702255654,-4.381143471539467e-05,0.02914726330383178,513.5851037927969,2389.1776692685844,300,,,,,,,,
1,1018,Gaussian Neural Model,0.7180839951396085,0.4154230077291706,0.30886170532980284,0.8125,1.233896779267287,2.1946779640002205,500,1,1674.2244183048438,1687.4507479083863,57.71446051558577,-0.34338396060294546,-0.00020349273069366524,0.034202160025780574,414.7169406531949,2504.170615236253,300,,,,,,,,
1,1018,Proposed Adaptive NSST-BNF,0.6781098957641881,0.3816254269916435,0.2699541352505177,0.9375,1.4866795101453067,9.107286889000534,800,1,2259.5562284535563,2294.5738182377017,27.572019765914437,-0.27148557657861616,-0.00011831634023747587,0.012016183374344664,122.57485704996893,457.60303629074065,300,,,,,,,,
1,1018,Sparse Variational GP,0.6027795019271001,0.3493324340107411,0.2628044924851462,0.9375,1.8191555492728315,4.418924844000003,700,1,61.74041687352974,62.77189663454566,0.821250781746135,-0.0087577100394299,-0.0001395164159276,0.0130830965093725,3.9344220560246166,103.82893094097824,300,,,,,,,,
1,1018,Stationary Skew-t Neural Model,0.68489957685739,0.4006983680901286,0.2918892831315148,0.875,1.2008073651411855,3.7830247780002537,600,1,1630.9805684491828,1663.3805373670157,64.3933262834838,-0.15797055061047138,-9.496957975745268e-05,0.03871232399136563,536.7553519649294,3075.972659564133,300,,,,,,,,
1,1019,Gaussian Neural Model,0.12427555559830476,0.09338623276073658,0.06626625174912229,1.0,0.6666725916835733,2.364653934000671,500,1,1508.9078166242762,1536.3896557570442,27.394886422092423,-0.25534086149989926,-0.0001661953792406145,0.017830689187108454,92.02027510157524,288.3042537484972,300,,,,,,,,
1,1019,Proposed Adaptive NSST-BNF,0.10935807930318102,0.08663918677753639,0.05962815691999082,1.0,0.7605968000008108,8.797606905000066,800,1,2095.5849567774144,2130.025455769327,25.63872059463793,-0.2381314619316179,-0.00011179747231969535,0.012036814172898076,85.14337714842497,243.3072077243098,300,,,,,,,,
1,1019,Sparse Variational GP,0.2378052955304104,0.1811127620540197,0.1387418398324358,1.0,1.479496507865658,3.3031966510000075,900,1,63.31374876426212,63.92494873449784,0.5408559469833664,-0.0060512627251048,-9.466198792333288e-05,0.0084607959441581,2.279688632784672,3.031659694590296,300,,,,,,,,
1,1019,Stationary Skew-t Neural Model,0.12822979603185988,0.09997118744461804,0.06786620194759006,1.0,0.6676999184246899,3.456918827001573,500,1,1515.503462840138,1537.0379666487352,27.651748389911244,-0.25238263206331957,-0.00016420064926151386,0.017990283252535023,94.357142217133,283.40106087282646,300,,,,,,,,
1,1020,Gaussian Neural Model,0.18444011009406333,0.12697576865620894,0.09552395755893603,0.9375,0.7886950984389114,2.8888719449987548,600,1,1665.679794703123,1677.9290815010193,29.550706784564657,-0.12009968435265157,-7.157613851308564e-05,0.01761141582821222,386.55220642858967,1345.44510846378,300,,,,,,,,
1,1020,Proposed Adaptive NSST-BNF,0.17797521454484502,0.11225531199176503,0.0862130712227508,1.0,1.0472390572822852,8.41443600599996,800,1,2164.9175157225022,2143.368556377052,26.577388641927957,-0.27158661454477573,-0.00012671017951473545,0.012399822029138963,107.02900294978295,308.01009732793517,300,,,,,,,,
1,1020,Sparse Variational GP,0.1835018185783396,0.1467013627366876,0.1236445621393303,1.0,1.5364853542288244,3.925675435999892,900,1,65.62409879572084,66.23783306937644,0.5278130457929018,-0.0059226554790142,-8.941499449130302e-05,0.0079684527910215,2.5447481923167814,3.021418784755033,300,,,,,,,,
1,1020,Stationary Skew-t Neural Model,0.20086409014080475,0.12529276328847203,0.10193087926076409,0.9375,0.8872014391568595,4.222105818998898,600,1,1654.063702420527,1664.1640061319863,33.28387429816419,-0.15283565659742898,-9.183929951271124e-05,0.020000357041446794,282.76323058584967,1194.3224360814556,300,,,,,,,,
1,1021,Gaussian Neural Model,0.47578446750069525,0.2819855291076374,0.19705967247881578,1.0,0.9827504489559336,2.2337734599987016,500,1,1562.292116403251,1590.8832605756074,40.12535178492507,-0.2935939895066412,-0.00018454778976077348,0.025222059204021697,201.73626906683552,849.0314144048757,300,,,,,,,,
1,1021,Proposed Adaptive NSST-BNF,0.4240208892212062,0.24668276091107302,0.16413668578401197,1.0,1.058984746144439,8.165078354000798,800,1,2172.4503779944816,2206.595704754877,38.51555709109043,-0.2767798199832652,-0.00012543295511128152,0.017454741259622354,123.17261792268972,505.98766394963775,300,,,,,,,,
1,1021,Sparse Variational GP,0.407903388573442,0.2826009082831002,0.1942335783370791,1.0,1.7937825598064192,3.0073138449997714,800,1,62.25541186834698,63.27134038589861,0.6959860369225762,-0.007952473932061,-0.0001256884062129,0.0110000204306985,2.9157787020986383,41.9224807225112,300,,,,,,,,
1,1021,Stationary Skew-t Neural Model,0.48151100809991776,0.2835534323886254,0.19770526065141839,1.0,0.9522991433544211,3.407023798999944,500,1,1564.4042851702422,1599.7527282181775,32.93318092104399,-0.23351488287105296,-0.00014596936060933888,0.020586419601062545,212.23631042020497,1114.2744906158346,300,,,,,,,,
1,1022,Gaussian Neural Model,0.20476464423373178,0.15783515243817453,0.11811019414239626,1.0,0.9960114112885194,2.2706944439996732,500,1,1882.520941647275,1730.4171382145519,37.534626650356934,-0.31806960063875855,-0.00018381093992570098,0.021691085820546845,276.80224508050884,961.9621928708514,300,,,,,,,,
1,1022,Proposed Adaptive NSST-BNF,0.1845719559923033,0.11887236470362054,0.10060163143206934,1.0,1.1211512764467098,8.86878247400091,800,1,2213.1821290878656,2257.002991855957,41.52416068947427,-0.29619079964374506,-0.00013123190386211413,0.018397920091071083,132.9306826939545,436.4828287086941,300,,,,,,,,
1,1022,Sparse Variational GP,0.5959746359782659,0.4539857612635783,0.3201475736208602,0.875,1.8147281107985576,4.376110787000016,900,1,72.84542379629028,73.64343963071897,0.6966198257237377,-0.0078188638584218,-0.000106171899325,0.0094593602528194,2.675589817739838,2.8953620984944948,300,,,,,,,,
1,1022,Stationary Skew-t Neural Model,0.21730821177797705,0.16702931872269633,0.1249003004365545,1.0,0.9527798900051925,3.7596490340001765,600,1,1678.3159190002402,1696.2438986178638,31.02465058635992,-0.12940937299331454,-7.629172496877367e-05,0.018290206149976108,267.3405126759375,1080.6318663849713,300,,,,,,,,
1,1023,Gaussian Neural Model,0.15014798536786042,0.1134642059451596,0.08485565709422854,1.0,0.9080600534616755,2.30763481699978,500,1,1501.1099574933864,1522.5158441893886,27.949010946955145,-0.24822343353379406,-0.00016303504129768314,0.018357123213936483,82.03875339851771,246.902673804547,300,,,,,,,,
1,1023,Proposed Adaptive NSST-BNF,0.1629201444191713,0.12704977162293546,0.09062190751329141,1.0,1.2307578927100433,8.926635107000038,800,1,2088.0870603748317,2118.2429786871867,23.332372645541046,-0.21922064681389178,-0.00010349173773716791,0.011014965176469807,79.72403996171273,190.66277714545865,300,,,,,,,,
1,1023,Sparse Variational GP,0.3014840870953335,0.2614950187976197,0.1731700258028025,1.0,1.7068568697893962,2.8516482189997987,800,1,70.9177661977661,72.03539298215027,0.7071518259202214,-0.0081317499551969,-0.0001128854805749,0.0098167275369128,2.884742059594536,10.170886851857093,300,,,,,,,,
1,1023,Stationary Skew-t Neural Model,0.1584801386576881,0.1259627341057911,0.08913032228467976,1.0,0.9428176796855223,3.317807082999934,500,1,1514.5647590391843,1546.0086867279092,30.33863140472407,-0.2726317768473929,-0.00017634556596471103,0.019623842779910278,86.15932715948875,235.50767752647138,300,,,,,,,,
1,1024,Gaussian Neural Model,0.14926214644244706,0.11627078447401447,0.08110781958781291,1.0,0.8868762864308917,2.1244511889999558,500,1,1774.4815386046432,1809.8109754668199,37.057499868922854,-0.32682296383298326,-0.00018058403240077758,0.02047589520190874,245.1500802896636,1176.7806488688504,300,,,,,,,,
1,1024,Proposed Adaptive NSST-BNF,0.13285064259250154,0.09638532162100184,0.07676746234504739,1.0,1.0567418164427873,10.898113681001632,800,1,2371.5087792351383,2349.7610915794953,29.599218829864583,-0.25524138320878703,-0.00010862439765619543,0.012596692887602524,160.87310047136222,554.7703790070694,300,,,,,,,,
1,1024,Sparse Variational GP,0.4606916520373384,0.3182977819738292,0.2379388450850434,0.9375,1.6352148517991885,3.172656494999956,700,1,61.961267832383456,62.74265177027182,0.6947387916219008,-0.007434997584907,-0.0001184998940135,0.0110728311924977,3.0474786001214325,42.9080320678012,300,,,,,,,,
1,1024,Stationary Skew-t Neural Model,0.16454312160227158,0.12445380192623183,0.08542757020467623,1.0,0.8546004909359355,3.262480936000429,500,1,1757.3946278504477,1801.148251554623,42.82591150415211,-0.3627446191038666,-0.00020139631415169243,0.023777005289369053,214.0750383661975,837.4798106655345,300,,,,,,,,
1,1025,Gaussian Neural Model,0.2310423040911344,0.15424121720918238,0.10561814126379418,1.0,0.8957454886731049,2.5576197749996936,600,1,1820.7472320715378,1798.291468454228,31.567621671978365,-0.14934180870193497,-8.304649792411342e-05,0.017554229792967425,474.8315810750786,2350.540493732332,300,,,,,,,,
1,1025,Proposed Adaptive NSST-BNF,0.17182914402147573,0.11546777069157971,0.08598691583337527,1.0,1.0537110347513718,11.130948158001047,800,1,2480.616702397507,2486.0702812582026,33.629534417497446,-0.25235511128685373,-0.00010150763362938254,0.013527185724000326,389.4794106706495,1537.7979916371667,300,,,,,,,,
1,1025,Sparse Variational GP,0.2971812014184097,0.228827605398655,0.1725104103077133,1.0,1.709237545813485,5.106540647999736,900,1,61.16172904103417,61.85627101475037,0.5768857302714714,-0.0064997534004682,-0.0001050783258324,0.0093262287041825,2.998130626876396,52.07743077717714,300,,,,,,,,
1,1025,Stationary Skew-t Neural Model,0.2480659594809154,0.16022404633891035,0.1106974998770637,1.0,0.9531417796896271,4.48438392999924,500,1,1883.88412589054,1838.6715811151178,63.3690947837941,-0.27078627926152865,-0.00014727278217750123,0.034464607728021755,731.0509361704007,2957.018248284215,300,,,,,,,,
1,1026,Gaussian Neural Model,0.19537860932403237,0.11394576052501074,0.0767771899345688,1.0,0.6057686510341846,2.835334622001028,500,1,1491.112139625345,1525.7385221226366,33.91714843342218,-0.2446398541487159,-0.0001603419266155567,0.022229987603797255,85.93680529313602,245.01721496036404,300,,,,,,,,
1,1026,Proposed Adaptive NSST-BNF,0.18495250910994673,0.10290821961133932,0.06956520705714203,1.0,0.7216999079649791,11.992558646001271,800,1,2099.2626194217037,2134.8882745936025,30.994458460496322,-0.24679156592759344,-0.00011559928866749367,0.014518070490783137,82.63062958743795,304.2080123055403,300,,,,,,,,
1,1026,Sparse Variational GP,0.2664996102121264,0.2262883465364276,0.1637717923215311,1.0,1.5700213920747084,3.87005396099994,900,1,56.883459198611774,57.82264175174175,0.7818828127571736,-0.008808130652189,-0.0001523301320269,0.0135220873531536,2.7002584986229383,3.406767659831664,300,,,,,,,,
1,1026,Stationary Skew-t Neural Model,0.19678618504005788,0.11350069037574692,0.07602685382443565,1.0,0.6586243484166194,5.184369175000029,600,1,1499.89809683628,1517.7532359892352,16.365265610509148,-0.11754181302206956,-7.744461367954755e-05,0.010782560183337477,94.69028294953213,261.19195366670385,300,,,,,,,,
1,1027,Gaussian Neural Model,0.197697633694378,0.15484768366290994,0.10560819743634588,1.0,1.0100731425300409,2.904522952998377,500,1,1688.1012981886922,1728.135330813883,40.959364299644314,-0.30580673022591215,-0.00017695762870717374,0.023701479605971635,392.5989243787441,1693.6233804842109,300,,,,,,,,
1,1027,Proposed Adaptive NSST-BNF,0.19185780712730408,0.15114710551588822,0.10668418750001059,1.0,1.1180319448922709,9.601879833000567,800,1,2303.6193356304443,2345.4103137195684,31.706828238192067,-0.2726698610286317,-0.0001162567843390296,0.013518670082041396,215.63026768562844,951.7632261348557,300,,,,,,,,
1,1027,Sparse Variational GP,0.2382135054387211,0.1833499317859699,0.1519727470532778,1.0,1.823864942487355,3.194596810999883,900,1,65.55632495145488,66.73465279552266,0.9810380754761412,-0.0110632333879719,-0.0001657794402837,0.014700579599658,3.392219524090831,4.537271916321635,300,,,,,,,,
1,1027,Stationary Skew-t Neural Model,0.2032450365609281,0.14919625312998575,0.10655358451929499,1.0,1.0608170846654308,3.9722649440009263,500,1,1651.477038627329,1689.4070984330588,74.93046513624816,-0.31079953089878615,-0.00018396958979695037,0.04435311370820381,431.9767503920706,2200.0561989039693,300,,,,,,,,
1,1028,Gaussian Neural Model,0.32771438640890355,0.231742620053059,0.16644162081659908,0.8125,0.8301693188675063,2.44859560200166,500,1,1707.9498015297518,1747.9006231336784,33.7854196314524,-0.2980990789554538,-0.00017054692641565308,0.0193291421630602,240.12719850411378,926.6391952509942,300,,,,,,,,
1,1028,Proposed Adaptive NSST-BNF,0.27127479664816134,0.186877568494316,0.12812502617588084,0.875,0.9669038642047794,9.462317677000101,800,1,2329.4811433329924,2368.2584301690486,31.483049675120956,-0.2509310099169515,-0.00010595592386386637,0.01329375598290329,224.4419045437326,1168.8988622495733,300,,,,,,,,
1,1028,Sparse Variational GP,0.3356838013029206,0.2410487435365293,0.1786147680032713,0.9375,1.486448798134073,3.504816139000013,900,1,57.788217555087925,58.53542976637287,0.6225875876727156,-0.0070261008712796,-0.0001200315928203,0.0106360812615125,2.9162769583006414,3.170059157894233,300,,,,,,,,
1,1028,Stationary Skew-t Neural Model,0.3296172431306616,0.2317275005130813,0.17236464037989271,0.8125,0.8503305664624683,3.4597258789999614,500,1,1714.922564913431,1759.4797678532564,52.67270348899017,-0.36989854774707415,-0.0002102317710640047,0.02993652126688344,233.67964604678835,1099.9718974534794,300,,,,,,,,
1,1029,Gaussian Neural Model,0.463843846799146,0.24035107646748574,0.17829698339134814,0.8125,0.7793330477646594,2.746617716999026,600,1,1718.5513770949533,1724.2420516460768,36.24471314267506,-0.11784106410534805,-6.834368990876253e-05,0.021020664185793063,244.48968383858397,1090.6521079151557,300,,,,,,,,
1,1029,Proposed Adaptive NSST-BNF,0.4376729541743333,0.18279691470646928,0.144545245978396,0.9375,0.9274626537260808,9.501230030000443,800,1,2290.1524460959877,2323.9965373530868,28.61665390098785,-0.27150843056155266,-0.00011682824229625866,0.012313552727398099,182.47040683115904,802.2427160642892,300,,,,,,,,
1,1029,Sparse Variational GP,0.2824109837113463,0.1886410691895592,0.1400377294493088,1.0,1.2074130888701675,2.451501430999997,700,1,43.00228460225226,43.77810090777503,0.7360565267811022,-0.0077965160635925,-0.0001780916920086,0.0168133498602805,3.5765584086556466,76.83406796748613,300,,,,,,,,
1,1029,Stationary Skew-t Neural Model,0.47791587823328513,0.2483180745434838,0.18164240299756648,0.8125,0.8248216727044888,3.6307836680007313,500,1,1725.813959831201,1766.8135662230027,40.956896866465165,-0.33957110299761917,-0.00019219407722996802,0.02318122163507073,312.69474426378366,1273.720849597447,300,,,,,,,,
1,1030,Gaussian Neural Model,0.2088522107273806,0.15471419570613867,0.11726603669254015,0.8125,0.7664788792254564,2.8700091340015206,600,1,1822.171001197632,1856.9422811291709,51.329822627724596,-0.22067789673573351,-0.00011883939472881377,0.027642120678361578,530.5826911209136,2127.3115176417236,300,,,,,,,,
1,1030,Proposed Adaptive NSST-BNF,0.18461600111153836,0.14161954738143448,0.10241379663400786,0.9375,0.8662381914085631,9.184375768998507,800,1,2428.644781057469,2471.16091655214,32.43243805632382,-0.2623701467256534,-0.00010617282952650544,0.013124373179863499,340.69396835733494,1526.004250455335,300,,,,,,,,
1,1030,Sparse Variational GP,0.4961189472416881,0.4470716283194357,0.2856191427601122,1.0,2.163568446106594,3.3441662279997217,900,1,76.64795497535917,77.67827414523177,0.9177393983912772,-0.0102353909629014,-0.0001317664569087,0.0118146213788865,2.858985058767672,14.76495332845414,300,,,,,,,,
1,1030,Stationary Skew-t Neural Model,0.20712936016319639,0.15856596168592646,0.11869575624943776,0.875,0.8278094123360852,3.510370783000326,500,1,1856.9395218627437,1872.0292523762087,47.11978931301399,-0.3329661724223984,-0.00017786376575032513,0.025170434304487368,539.3393592438771,2499.1282845049504,300,,,,,,,,
1,1031,Gaussian Neural Model,0.5244387745574695,0.33687917318282146,0.2368757827017933,0.6875,1.0208644214754807,2.7282863190011994,600,0,1716.2599747085649,1751.5339056031196,57.970173393726164,-0.15364766936787097,-8.772177853728967e-05,0.03309680344084735,388.7411996141814,2127.6658124321993,300,,,,,,,,
1,1031,Proposed Adaptive NSST-BNF,0.44446099943627343,0.29594143834712755,0.21012173768723696,0.8125,1.1186126644615986,9.35225428800004,800,1,2401.754722798814,2432.928793727151,28.105337915003417,-0.2122608400187915,-8.724498660464952e-05,0.011552059389270961,361.6292792534259,1435.570360882641,300,,,,,,,,
1,1031,Sparse Variational GP,0.4375153556380383,0.2855803438677507,0.2056411691724115,0.9375,1.4462017774433336,3.4957512250002765,900,1,51.37298530539571,52.13098958615151,0.6662161872558766,-0.007443123715368,-0.0001427773340666,0.0127796574080926,6.287476515261279,27.86700699770809,300,,,,,,,,
1,1031,Stationary Skew-t Neural Model,0.4800362274515502,0.31074233794285644,0.22889233632876085,0.625,1.0056087011899275,3.9326507309997396,600,1,1708.6619884417116,1740.4770756277392,39.85418757786593,-0.17860748518996147,-0.00010261984354234765,0.022898427181806843,414.7712511142778,2083.457269517745,300,,,,,,,,
1,1032,Gaussian Neural Model,0.30793468805182106,0.23428411153308737,0.1694185746506083,0.875,0.8554682049430882,2.0691182059999846,500,1,1739.3403187897902,1786.4461503949572,34.93599685725293,-0.24587148425746655,-0.00013763162365857366,0.01955614326775485,733.3165935947802,3057.3537323800165,300,,,,,,,,
1,1032,Proposed Adaptive NSST-BNF,0.27202912607088325,0.20568475771346534,0.14245422279841263,0.875,0.9140278873021037,6.926968221998322,600,1,2439.16820018341,2525.5335464789173,79.70563348825003,-0.6659858696780434,-0.00026370105857693175,0.03155991873454823,633.0302058100732,3022.1476209938864,300,,,,,,,,
1,1032,Sparse Variational GP,0.5542013976168444,0.4665103594846195,0.3171514876954888,0.8125,1.5862555051705507,4.1612888659997225,900,1,63.36427243759525,64.1493233709276,0.6666596581699369,-0.0074889129529659,-0.0001167418853299,0.0103923100531416,2.694152108470421,3.4825830619008524,300,,,,,,,,
1,1032,Stationary Skew-t Neural Model,0.3094714673876089,0.22208598583859362,0.16461908934842884,0.8125,0.8898315819653039,3.467477450998558,500,1,1774.9019860717794,1807.8965339704766,53.22390089234746,-0.3423645631353709,-0.00018937176807539674,0.029439683019612774,711.5921478910718,3432.133852718331,300,,,,,,,,
1,1033,Gaussian Neural Model,0.2463772616702093,0.1687705346044274,0.11554406678081752,1.0,0.8581801165370162,2.5500324010008626,500,1,1502.891063135318,1528.1677318859258,25.5396138096535,-0.22287714458760344,-0.00014584599578774547,0.016712572368044187,99.0098794227061,291.1755446630131,300,,,,,,,,
1,1033,Proposed Adaptive NSST-BNF,0.2424500659551203,0.16760093111223176,0.10922355691876007,1.0,0.9967562439922009,8.824872965000395,800,1,2137.245581518405,2171.45808919325,28.75516914562093,-0.2041945914320557,-9.403570460248621e-05,0.013242332094147932,96.56079037455527,347.04784460019175,300,,,,,,,,
1,1033,Sparse Variational GP,0.3864184486137605,0.2715118879248261,0.2010289345474925,1.0,1.7080257728728625,3.201424478999797,800,1,63.52574405937088,64.74182368202474,0.9582633651356524,-0.0107932186484924,-0.0001667116870464,0.0148013032478369,6.22175539337523,199.1823209753384,300,,,,,,,,
1,1033,Stationary Skew-t Neural Model,0.2435542423907154,0.1615772551037491,0.11073937617700821,0.9375,0.8039936684776425,2.8125769790003687,400,1,1525.1618713877513,1567.4358509906615,48.59348269829642,-0.4815449690220426,-0.00030721829459093525,0.03100189565498582,111.47992783876549,517.3700079702318,251,,,,,,,,
1,1034,Gaussian Neural Model,0.39159993350831424,0.20528719520218827,0.14697878799963968,0.9375,0.8856790701139272,2.5920895839990408,500,1,1524.4779114660128,1551.1197094162658,26.845057852302496,-0.2651521023002071,-0.00017094238484016933,0.017306889783771172,121.86215568456426,439.6891632814919,300,,,,,,,,
1,1034,Proposed Adaptive NSST-BNF,0.4045407192813122,0.1932655354719366,0.14616782961586708,0.9375,1.0734369416248457,10.194657963998907,800,1,2120.191976009091,2148.7905339398353,22.81832992406388,-0.23362741948148036,-0.00010872507849944841,0.010619150430743088,92.7786910624275,254.4593790543448,300,,,,,,,,
1,1034,Sparse Variational GP,0.6204966708374573,0.3880633517530509,0.2948958458167537,0.9375,1.5631895832445293,4.32940861499992,900,1,56.67984351374663,57.33111067647756,0.5854385025185282,-0.0065219671140869,-0.0001137596505131,0.0102115325450814,2.6360133507267025,6.489692354056048,300,,,,,,,,
1,1034,Stationary Skew-t Neural Model,0.3868830027674854,0.20542171934907055,0.14959829826743437,0.9375,0.8419128518962962,3.875838294999994,600,1,1504.8751082777821,1525.9942164174952,19.786984235013975,-0.12009794539347093,-7.870144205095296e-05,0.012966618105189766,105.61195497222866,367.9682222568961,300,,,,,,,,
1,1035,Gaussian Neural Model,0.19586274158769904,0.14893096168241338,0.09983983871254326,1.0,0.7646230359947886,2.4142375829997036,500,1,1652.3651546045953,1686.661764012794,42.63802524486947,-0.2676746753671903,-0.00015870086171299472,0.025279535087952595,339.9002271870725,2057.2242266932785,300,,,,,,,,
1,1035,Proposed Adaptive NSST-BNF,0.17607230483055494,0.12419097209720059,0.08408869790872942,1.0,0.8573720846720956,11.145750710998982,800,1,2278.179032122779,2310.915255418998,29.602069521793382,-0.2479945430698895,-0.00010731442552397918,0.01280967333283978,207.88497863705527,902.2838682435093,300,,,,,,,,
1,1035,Sparse Variational GP,0.3096461926519891,0.2398463287626425,0.1788331908218918,1.0,1.4600475980441896,2.9162976369998432,700,1,59.07102808769165,60.11444904696594,0.8667438329260778,-0.0093484887232874,-0.0001555115096535,0.0144182280078604,4.0916680316486405,86.8472477156677,300,,,,,,,,
1,1035,Stationary Skew-t Neural Model,0.18266645559253236,0.13688332656790286,0.09395258169464242,1.0,0.781129037136143,3.2560786209996877,500,1,1659.8213385027334,1694.1304895285596,43.18335601423815,-0.28243893504177264,-0.0001667161631217494,0.025489982195087663,437.8373844571041,1579.9504823506697,300,,,,,,,,
1,1036,Gaussian Neural Model,0.14550391376842375,0.10590784815027954,0.07055947501293834,1.0,0.7336521598692406,2.2312923289991886,500,1,1570.396938462672,1596.6769821417868,27.350442734190093,-0.25682370538467925,-0.00016084888067978228,0.017129602944173542,115.54568858220668,404.22690618528384,300,,,,,,,,
1,1036,Proposed Adaptive NSST-BNF,0.11585119786232319,0.08173014227265488,0.06217521268303929,1.0,0.8336502650124538,10.137381467999148,800,1,2170.625805903597,2204.775669306358,24.38956659384315,-0.23031062296399607,-0.00010445988957981098,0.01106215336706628,107.93544854110405,356.52811069832023,300,,,,,,,,
1,1036,Sparse Variational GP,0.5122948498572304,0.3777316886083135,0.2600251239136534,1.0,1.8625275568208488,3.6999941979997857,900,1,66.34252895687038,67.17657319681258,0.6847956096276089,-0.0077464678609543,-0.0001153150196908,0.0101939646075916,2.732813478824614,3.025690789349888,300,,,,,,,,
1,1036,Stationary Skew-t Neural Model,0.15266963592729646,0.11296416008747043,0.07497832126727139,1.0,0.7141420847954119,3.991228389999378,500,1,1568.4296646158905,1598.4130004088852,25.47595985398451,-0.24299982194654096,-0.00015202567914824252,0.015938283689802053,110.76604894297884,321.23065357813425,300,,,,,,,,
1,1037,Gaussian Neural Model,0.08819277776126647,0.07232284814514633,0.055166726650148296,1.0,0.5434626179653002,2.292216264000672,400,1,1436.6510399974097,1480.3259936091529,47.14410070320197,-0.46384507713331535,-0.0003133398178075788,0.03184710726335411,77.19510950944127,316.3140184825262,251,,,,,,,,
1,1037,Proposed Adaptive NSST-BNF,0.08419784318779273,0.0677514052893811,0.054977630396090375,1.0,0.7573761516424261,9.666299045000414,800,1,2149.026197332906,2086.9705656429674,21.698183217701615,-0.18880635437679175,-9.046910267209398e-05,0.010396976160043104,83.82915964562923,234.62432339427681,300,,,,,,,,
1,1037,Sparse Variational GP,0.3414441290816029,0.2728536414613127,0.1931048508430802,1.0,1.737254390328126,3.607125805999658,900,1,65.4760137245381,66.41419809478025,0.7802615802219891,-0.0087990858685202,-0.0001324880239608,0.0117484152877741,3.336161657464987,4.658037383504442,300,,,,,,,,
1,1037,Stationary Skew-t Neural Model,0.09685601506662003,0.08201727533385401,0.05794311247681719,1.0,0.580053114270268,4.4088041900013195,500,1,1425.5495331544284,1460.1081088909223,23.78968294281417,-0.212976225627477,-0.0001458633263733126,0.016293096927517556,81.07055476075874,288.23060027697954,300,,,,,,,,
1,1038,Gaussian Neural Model,0.32050144641721245,0.26820998761269377,0.1767127788396896,0.875,1.0894946956931957,2.8307163620011124,500,1,1639.9505030972382,1662.1141777947864,36.970948745026554,-0.2850053765946334,-0.00017147159948588172,0.022243326745505426,226.91133438675286,952.3022101436275,300,,,,,,,,
1,1038,Proposed Adaptive NSST-BNF,0.22954781678807687,0.19322476305860498,0.12267634128245791,1.0,1.157764395973563,8.262567753999974,800,1,2228.940507914221,2255.8094844659463,28.85691483819772,-0.24136767371624215,-0.00010699825290139024,0.012792265941301097,144.97563289760103,684.9142345534683,300,,,,,,,,
1,1038,Sparse Variational GP,0.3544096929195406,0.2931479473872613,0.198629164047711,1.0,1.6409282648533834,3.4363194879997536,900,1,62.55880241473453,63.51515733049343,0.7680531347916844,-0.0086613176521729,-0.0001363661528397,0.0120924385150335,51.81161641939088,193.50420777362703,300,,,,,,,,
1,1038,Stationary Skew-t Neural Model,0.27907230814916995,0.22608903055819018,0.15145504573984947,0.9375,1.0761332769462335,3.2689222799999698,500,1,1644.0782565214004,1670.4848793016895,33.06231063353972,-0.2726955887255009,-0.0001632433744862721,0.019792044240089554,246.5979536849817,1017.7601473352358,300,,,,,,,,
1,1039,Gaussian Neural Model,0.39316195130536197,0.26667635756299274,0.18916530933419995,0.875,0.8380223111314666,2.57260209100059,600,1,1855.6796720224315,1885.63854175149,42.56625788452637,-0.19225826902836413,-0.00010195923808906846,0.02257392227727184,481.46866002731207,2155.4717478226553,300,,,,,,,,
1,1039,Proposed Adaptive NSST-BNF,0.3744415896507443,0.2429914772987487,0.1685866985169498,0.875,0.9658387659516408,7.806201537001471,800,1,2375.768586905289,2404.733048513235,30.686070524620714,-0.3016377635765477,-0.0001254350306213989,0.012760697302177828,220.38916164069178,867.6963302462739,300,,,,,,,,
1,1039,Sparse Variational GP,0.3692110956318152,0.2883662647158528,0.2080349028108266,1.0,1.9586496811598395,4.496735448000436,900,1,71.15403845970029,72.02375380299183,0.7090099212560957,-0.0080231047901034,-0.0001113952601255,0.0098441123076625,2.8304788204666287,3.154128434220287,300,,,,,,,,
1,1039,Stationary Skew-t Neural Model,0.385406143594633,0.2566036756805644,0.1808407146318805,0.875,0.9001725559057842,3.137156106000475,500,1,2032.7629305596083,1875.0180397848012,64.18676852466488,-0.37187309739069174,-0.0001983304104281429,0.0342326138536948,573.1325090482558,2858.5179663363897,300,,,,,,,,
1,1040,Gaussian Neural Model,0.2083863239564529,0.16041228468214394,0.1058095266480762,1.0,0.9155084388959718,2.2303284350000467,500,1,2136.700154576583,1970.305374529652,54.96854474839849,-0.3367138724457626,-0.00017089425669670227,0.027898489979767967,967.7611795426062,3476.3927326008716,300,,,,,,,,
1,1040,Proposed Adaptive NSST-BNF,0.16430032275215922,0.12137516241902481,0.08468673445254868,1.0,0.9584055020431492,8.716371825999886,800,1,2512.6602331736867,2547.1950259905066,38.435669932870496,-0.2771006494260216,-0.00010878658547877294,0.015089409935513016,361.4691979215146,1850.0966717674023,300,,,,,,,,
1,1040,Sparse Variational GP,0.2106412565359768,0.1392342562549681,0.1200223408979191,1.0,1.3060111291183394,3.597284665999723,900,1,53.71428041187609,54.19448787087244,0.4108644392260965,-0.0046162309782719,-8.517897593701377e-05,0.0075812957252228,2.129365094751664,2.6487127763969283,300,,,,,,,,
1,1040,Stationary Skew-t Neural Model,0.18827157944062126,0.15317497933042262,0.09650446484475715,1.0,0.866570175863896,3.0112510159997328,500,1,1944.271955731576,1980.1090447554127,64.29652327312394,-0.40263226075510006,-0.00020333842816461348,0.03247120326197286,714.6984334091746,3635.369835330644,300,,,,,,,,
2,1001,Gaussian Neural Model,0.21648306969150813,0.14836737033901537,0.10315710238372816,1.0,0.850563923842329,2.1821693889996823,500,1,1710.3423715986244,1727.7759340492119,55.04359131745865,-0.2697361305132693,-0.00015611754116815144,0.031858061125124355,909.8262143132987,4104.96118159819,300,,,,,,,,
2,1001,Proposed Adaptive NSST-BNF,0.1903168224327222,0.14464660545967653,0.09578070291483312,1.0,1.0551334305952031,6.375146243999552,600,1,2457.501673653161,2510.866919779136,101.46628042370769,-0.5836280447518372,-0.00023244085146622377,0.04041085555925559,613.3164631012593,3714.7075482162504,300,,,,,,,,
2,1001,Sparse Variational GP,0.2337948435692321,0.1936803026168,0.1294608351825815,1.0,1.0587660057131856,2.7435134940000125,1000,1,36.685556519707305,37.11318227456324,0.3347149998134345,-0.0036817044614742,-9.92020688023157e-05,0.0090187631267295,2.110951322691212,2.276134400967415,300,,,,,,,,
2,1001,Stationary Skew-t Neural Model,0.21871615395979682,0.15473417103261994,0.1077657526010182,1.0,0.8530799709788411,3.6468644729993684,600,1,1686.839866062614,1722.8278055795704,71.20081868516036,-0.14491345359076002,-8.411371880662799e-05,0.04132787876685558,914.0153861665224,3734.1967678882415,300,,,,,,,,
2,1002,Gaussian Neural Model,0.2032317607623217,0.13324523449967163,0.0992721197113142,0.875,0.7860167510870227,2.221293399001297,500,1,1776.434822311095,1814.500633308815,46.567112299730624,-0.31699447986803647,-0.0001747006719363796,0.02566387216675345,336.05992620328556,1581.9864994214472,300,,,,,,,,
2,1002,Proposed Adaptive NSST-BNF,0.22207784354950233,0.16194306787060658,0.10330017191673788,1.0,0.9701973233654002,8.42047871899922,800,1,2431.6962942814603,2428.916076185575,39.095009748042976,-0.2670607296801251,-0.00010995057931335497,0.01609566099518706,235.9401114509031,986.3072064996855,300,,,,,,,,
2,1002,Sparse Variational GP,0.2826227447561237,0.2161455019563274,0.1654809023457335,1.0,1.6338526130718762,3.253050465000001,1000,1,61.4652162674106,62.43799198933098,0.6654677604259099,-0.0075265913794943,-0.00012054505822,0.0106580583267253,7.749662287008322,190.1634350131274,300,,,,,,,,
2,1002,Stationary Skew-t Neural Model,0.2354641633785786,0.160280950407894,0.11442564400335556,0.9375,0.830253128799888,3.0823675169995113,500,1,1883.1982648475905,1823.8250655405952,48.0966574121106,-0.3070693466135225,-0.00016836556993063626,0.026371310670551824,317.632835046316,1755.7506239207191,300,,,,,,,,
2,1003,Gaussian Neural Model,0.4032148136649814,0.28502561674460397,0.19877905336437324,0.8125,0.9419746931016437,2.5154682390002563,600,1,1661.836691218256,1686.089820473965,36.3996637193142,-0.12423809926566041,-7.368415238444216e-05,0.021588211539692544,345.71219340609866,1350.6582201163624,300,,,,,,,,
2,1003,Proposed Adaptive NSST-BNF,0.3657045683929589,0.2603928457671446,0.17053846899311642,1.0,1.1444436346303686,18.074432704999708,600,1,2296.070741167512,2375.7517858426077,74.95637297887784,-0.6896767881034065,-0.0002902983351262845,0.0315505910278809,214.24501373069867,868.440838150385,300,,,,,,,,
2,1003,Sparse Variational GP,0.3815813393140966,0.2589459965681734,0.2199023805708803,1.0,2.2263338767352456,3.194208666999998,900,1,83.62564814510134,84.4860312109684,0.7277282407644254,-0.0081949791867008,-9.699803706292286e-05,0.0086135924523099,2.879667581843353,3.0596347418702705,300,,,,,,,,
2,1003,Stationary Skew-t Neural Model,0.3772792535331473,0.25859626679866077,0.17929709013349288,0.9375,0.9200401813221485,3.366481028000635,500,1,1653.7846391657395,1684.6612565993603,33.809213450571036,-0.2253906203261393,-0.00013378987582412285,0.020068849638542732,281.2643618563577,1090.6141383382244,300,,,,,,,,
2,1004,Gaussian Neural Model,0.14093130161154285,0.10367872390962284,0.08244703326800154,1.0,0.8945824783376571,2.367665911999211,500,1,1797.0036812229523,1848.7231357738872,54.20328525168955,-0.30697133529740767,-0.0001660450552910441,0.029319309204728316,879.5214237029469,3354.8974442886074,300,,,,,,,,
2,1004,Proposed Adaptive NSST-BNF,0.11731666149331203,0.09092536203107893,0.07867484165317076,1.0,1.024307550338214,50.63174619900019,800,1,2442.974012567192,2475.8159660187875,43.719450136524095,-0.2623864876344698,-0.00010597980271384946,0.017658602552283693,535.661627507273,2010.2075062656959,300,,,,,,,,
2,1004,Sparse Variational GP,0.2822315822739877,0.2106841277593765,0.1520364161004432,1.0,1.2770515364103852,3.1266609349999044,900,1,46.92482048634341,47.591894960445934,0.5751396496559996,-0.006451236797131,-0.0001355532660023,0.0120848234795859,2.6627430034100112,3.553133278617296,300,,,,,,,,
2,1004,Stationary Skew-t Neural Model,0.1553601127354808,0.1282913023799082,0.09275114411085929,1.0,0.9145874138269022,3.2780256969999755,500,1,1802.8741574026371,1844.7743993954248,40.750518782990916,-0.26632117377850256,-0.00014436517216727531,0.0220897031075159,989.2848269812755,3207.8510149112926,300,,,,,,,,
2,1005,Gaussian Neural Model,0.20071799890726982,0.13877437562269745,0.10412471703121547,1.0,0.7128911300810301,2.605626898000992,600,1,1674.241259976039,1693.8658782781463,22.436555355960127,-0.14663414030752098,-8.65677396232681e-05,0.01324576853674353,169.88158404835252,789.0040742593625,300,,,,,,,,
2,1005,Proposed Adaptive NSST-BNF,0.13588436407036752,0.08997748144551988,0.07673961371953172,1.0,0.8791112873735287,51.337209478999284,800,1,2250.9641930231624,2274.800340652329,28.279116746750436,-0.2788971904127067,-0.0001226029315314456,0.012431472002787294,109.46347438612236,363.42647294382976,300,,,,,,,,
2,1005,Sparse Variational GP,0.3287233239288212,0.2762856736401163,0.1925404227485362,1.0,2.007902769937062,2.532452594999995,700,1,75.49972700011162,76.59210237327399,0.7992963904280684,-0.0088445916682674,-0.0001154765490724,0.0104357546752361,4.312900317345151,77.03934052385281,300,,,,,,,,
2,1005,Stationary Skew-t Neural Model,0.19079750101948428,0.13092174467989562,0.10109902148147065,1.0,0.7374336449163152,18.243503091000093,500,1,1680.313250017449,1719.683861169696,41.53668933161494,-0.3205860030482918,-0.00018642147564857368,0.02415367746916137,211.300682613452,969.5792351667955,300,,,,,,,,
2,1006,Gaussian Neural Model,0.19498184486829886,0.12250795943666348,0.0845401500552672,0.9375,0.6576450005479992,22.721890868999253,500,1,1631.0398218669081,1664.1010986115516,38.89570647769436,-0.28806687829072336,-0.0001731065970277123,0.023373403521064377,234.14163801945512,1011.717721790564,300,,,,,,,,
2,1006,Proposed Adaptive NSST-BNF,0.17903723181456732,0.10584452126268526,0.07937942893014996,1.0,0.8482702585176486,36.067630772000484,800,1,2235.231368617712,2256.8644339738858,29.716186381157076,-0.26453212323273184,-0.00011721223448363875,0.013167023208759074,144.8943918106279,525.7274558735539,300,,,,,,,,
2,1006,Sparse Variational GP,0.4868288238479902,0.3519885899350478,0.258276079769343,0.8125,1.490828268647334,4.435982813999999,900,1,54.66460058274222,55.49331553703912,0.6460293235099053,-0.0072343102416619,-0.0001303636333791,0.0116415701108847,4.107756520390167,180.3554009975621,300,,,,,,,,
2,1006,Stationary Skew-t Neural Model,0.20170217560659767,0.1266635496214712,0.08700192281297214,0.9375,0.65546005695556,28.861337667000043,600,1,1832.4366508782582,1658.6567302331384,32.08698113411389,-0.15423274261317188,-9.298653531010787e-05,0.019345160785380695,247.05275559753932,1286.4671202137097,300,,,,,,,,
2,1007,Gaussian Neural Model,0.27686472165992787,0.22122336189644504,0.15766362668071077,0.75,0.7198049542667205,17.22422250999989,600,1,1830.0459052406563,1853.264538082579,34.57917926426517,-0.1660882796363961,-8.961930486633816e-05,0.01865852313779305,419.45640970725697,1782.4959111960036,300,,,,,,,,
2,1007,Proposed Adaptive NSST-BNF,0.27389782106611144,0.2001745064711103,0.1328538630699948,0.875,0.8566584520639892,14.081751607000115,800,1,2423.1925771200545,2462.955602168885,39.63154419988524,-0.2675412085813216,-0.00010862607849923238,0.01609105099782781,237.91172752218813,1119.9370224238348,300,,,,,,,,
2,1007,Sparse Variational GP,0.3867158202454901,0.2337074103147357,0.1711481711589952,1.0,1.4076686881859497,3.751765930000033,900,1,54.52395336268654,55.32457603509671,0.666497669224701,-0.0073762202185754,-0.000133326285481,0.0120470452191423,3.762757639125665,123.01696003372795,300,,,,,,,,
2,1007,Stationary Skew-t Neural Model,0.2792335579510927,0.22087057380714392,0.15918425004763628,0.75,0.7435887672815117,11.041912914999557,600,1,1833.5167735922837,1862.552767477789,32.32319109994822,-0.13938794493796083,-7.483704481925394e-05,0.01735424180423047,461.3029574127588,1800.175665213469,300,,,,,,,,
2,1008,Gaussian Neural Model,0.5264701360578485,0.41095846831027183,0.26789401961233417,0.8125,1.411293958661995,3.099616679999599,600,0,1875.0286484656137,1887.4601897484017,69.61925835769362,-0.11416181429966299,-6.048435613091299e-05,0.03688515325294031,521.3283572254635,2526.591786909368,300,,,,,,,,
2,1008,Proposed Adaptive NSST-BNF,0.5412291210782617,0.3610760014904659,0.2300898515677425,1.0,1.8060863531487996,8.4176731080006,800,1,2413.988170474749,2456.6854691906806,38.01907034157999,-0.24832565279911376,-0.00010108158163239389,0.015475758219103566,257.52608190597334,1126.1178634872488,300,,,,,,,,
2,1008,Sparse Variational GP,0.7432832449868145,0.5819240658999572,0.4110420874541294,0.9375,2.4988907748997846,2.495642038999904,700,1,82.72303343526025,84.28889599068454,1.413225505105013,-0.0155349418554793,-0.0001843059121001,0.0167664493465566,188.571085271536,258.4597676283334,300,,,,,,,,
2,1008,Stationary Skew-t Neural Model,0.4664793602625682,0.34819171052639,0.22310947510952353,0.9375,1.4165618757354603,3.182512911998856,500,1,1837.9908017255693,1878.641450752931,54.15422097998358,-0.3346885335490148,-0.00017815455600368903,0.028826267491478676,458.62227589472366,2155.4960250759136,300,,,,,,,,
2,1009,Gaussian Neural Model,0.38807578410336974,0.29643436515496974,0.19661893892571203,0.9375,1.0389503329650358,2.193746803999602,500,1,1976.1253920103316,1954.6494010952977,59.03287782745542,-0.3480730917179125,-0.00017807443704373165,0.03020126156351928,587.215674600405,3510.4026428021725,300,,,,,,,,
2,1009,Proposed Adaptive NSST-BNF,0.3609592938411318,0.2688137112602239,0.16913685799779737,1.0,1.149603847405501,8.431753049999315,800,1,2533.6404087359574,2569.551650556221,41.27837769765656,-0.22966836822142375,-8.938071673776562e-05,0.01606442808367801,389.9554113912803,1434.801367819239,300,,,,,,,,
2,1009,Sparse Variational GP,0.4615463613615913,0.3868863220851751,0.262250250222829,1.0,2.118164715372802,3.379122827999936,700,1,74.45350051133894,75.75983676827656,1.116731953863222,-0.0125580012737682,-0.0001657606696299,0.0147404218580738,124.7965876380644,262.97446615131065,300,,,,,,,,
2,1009,Stationary Skew-t Neural Model,0.3958032926427769,0.29790617953511866,0.20025726098496044,0.9375,1.0334083098202491,3.5854360059984174,600,1,1933.0597354705615,1948.7643245000804,35.37539416537833,-0.13830561175871,-7.097092758724927e-05,0.01815273079491191,635.3519575961627,2741.812575514666,300,,,,,,,,
2,1010,Gaussian Neural Model,0.12509874939562918,0.08440786121566785,0.05836885640305904,1.0,0.5225840393268943,2.141588189999311,500,1,1574.7887892856138,1607.6723208442986,30.368864384927292,-0.2696358612827072,-0.00016771817103942104,0.018889959098741284,132.4245295492541,497.0245667634553,300,,,,,,,,
2,1010,Proposed Adaptive NSST-BNF,0.10955149270416678,0.07300482222342193,0.05174687463079762,1.0,0.6461328623189333,8.91040931200041,800,1,2167.224040371549,2203.86854224037,24.99663277477127,-0.24951273935737844,-0.00011321579966096028,0.011342161429175181,93.88541106810659,312.5231490417735,300,,,,,,,,
2,1010,Sparse Variational GP,0.3374618340432777,0.271334948879756,0.2088707855714595,1.0,2.234789786663785,1.3732776040001229,400,1,75.05512370306243,77.54601531165426,3.7680500052221655,-0.0316055574131974,-0.0004075716500219,0.048591149268966,4.15121774221493,21.137295766855683,300,,,,,,,,
2,1010,Stationary Skew-t Neural Model,0.1291913345039794,0.08562827321921915,0.05816649418958859,1.0,0.5383954568123442,3.2091175710011157,500,1,1582.5114792738416,1616.1839506653607,41.12628182133991,-0.2986607105920439,-0.0001847937609262171,0.025446535219217317,132.6655236880002,455.0710898555358,300,,,,,,,,
2,1011,Gaussian Neural Model,0.2689668103277896,0.1921107466641244,0.12552307551022146,1.0,0.9874903814958949,1.7785339479996765,400,1,2109.1559170530204,1970.7828880532736,79.1032847415641,-0.7389326095934184,-0.00037494369068899865,0.04013800059919424,1601.1258545089256,6689.647644740243,251,,,,,,,,
2,1011,Proposed Adaptive NSST-BNF,0.2183155225716384,0.15766262019449484,0.11175492707500115,1.0,1.0967372818779793,7.9949143400008325,800,1,2480.654641163642,2509.9306626213875,32.56177185976558,-0.21739256205367694,-8.661297512761993e-05,0.01297317585090492,588.0716369350523,2534.715105402153,300,,,,,,,,
2,1011,Sparse Variational GP,0.5445061117398505,0.4238579031813327,0.3049595823628833,0.875,1.3604985541150278,5.889260856999954,1000,0,53.1106794006027,54.024936026126326,0.6137103393736834,-0.0069924549887342,-0.0001294301391741,0.0113597605941982,5.425862953021086,121.71864354775862,300,,,,,,,,
2,1011,Stationary Skew-t Neural Model,0.262389233209849,0.1827817468335791,0.1234464542324797,1.0,1.0151169377927234,3.596617054001399,600,1,1938.57728619225,1860.2788736131702,34.280008001022196,-0.09494071143521031,-5.1035741351407944e-05,0.01842734897829648,752.9005034500469,3536.0869325735407,300,,,,,,,,
2,1012,Gaussian Neural Model,0.1853682081795325,0.14235322782798465,0.09555062395593752,0.9375,0.8119322970382541,2.2414420540007995,500,1,1676.976454156705,1722.3133268698991,59.827324437538266,-0.3541626578341654,-0.00020563195575906852,0.03473660889930366,382.4324943685265,2066.901090102515,300,,,,,,,,
2,1012,Proposed Adaptive NSST-BNF,0.18688144940755838,0.1487643118106347,0.09501251029503224,1.0,0.8810813558813626,7.953195971000241,800,1,2252.6201078377358,2289.677233630518,41.73739660624013,-0.2830222708490673,-0.0001236079333331652,0.01822850661796606,173.755478781423,1053.3823723381206,300,,,,,,,,
2,1012,Sparse Variational GP,0.1667573334546675,0.1483578610728413,0.1035441598385644,1.0,1.1107921185921146,3.540007064000065,1000,1,41.38910996957064,41.93198905513993,0.387024818813109,-0.0043513167975016,-0.0001037708178302,0.0092298225658737,6.092749874301405,132.89134237948568,300,,,,,,,,
2,1012,Stationary Skew-t Neural Model,0.1931875061993904,0.15081576515564088,0.10350600160249593,0.9375,0.7956354872837985,3.2522977129992796,500,1,1669.3687772127032,1716.262945762881,55.346340497682974,-0.3186061619906595,-0.0001856394806968454,0.03224817073300002,334.7346271228171,1884.7335349251164,300,,,,,,,,
2,1013,Gaussian Neural Model,0.2426342315179541,0.13680170195240926,0.10314352429236645,0.875,0.715658709563417,2.6732042740004545,600,1,1510.2699727337886,1522.829887557398,17.960548855989252,-0.11513985642204017,-7.560913885576749e-05,0.011794192511415546,118.45031313089942,432.09231972712473,300,,,,,,,,
2,1013,Proposed Adaptive NSST-BNF,0.2204675105232434,0.13427736263930334,0.09687482732875626,1.0,0.8658535061694597,8.044234353999855,800,1,2102.2890863752014,2119.9245524078,28.66534852733644,-0.23350723879053648,-0.00011014884398849005,0.013521872037747034,97.23916340505127,293.26363707583744,300,,,,,,,,
2,1013,Sparse Variational GP,0.3096093726070558,0.2249242053837528,0.1621805765800696,1.0,1.4620018368366612,4.9689794460000485,900,1,47.80888299090456,48.55107973899817,0.6511778338663846,-0.0072479119336272,-0.0001492842584055,0.0134122214658661,7.906661079995064,109.03870614967347,300,,,,,,,,
2,1013,Stationary Skew-t Neural Model,0.23777857556519397,0.13302959272073833,0.10215876855116378,0.9375,0.7414238820919956,3.6972178490013903,600,1,1514.5405768203714,1525.143711136497,21.717935617070058,-0.12611694087578434,-8.269184074581749e-05,0.014239927331757092,114.41457543658782,366.98899960560317,300,,,,,,,,
2,1014,Gaussian Neural Model,0.29230367232480536,0.20568500372189064,0.1538504713372551,0.875,0.932010412494255,2.108325732000594,500,1,1627.9281967000138,1660.6653023058113,34.59733159428933,-0.29249433322344465,-0.00017613081505184701,0.02083341630986773,240.41986460016253,915.149401368348,300,,,,,,,,
2,1014,Proposed Adaptive NSST-BNF,0.24342628028247987,0.15943890657292126,0.12130168595721028,0.9375,1.0216820511166724,8.578867256999729,800,1,2229.584384017934,2238.5006722024023,28.268916077279417,-0.24359229578519817,-0.00010881939809539301,0.012628504618435678,136.3891048095665,533.8034577538834,300,,,,,,,,
2,1014,Sparse Variational GP,0.508496542331636,0.3661299301680845,0.2636397631481836,0.9375,1.5841001205493523,3.299969391000104,900,1,55.25215572835421,55.990940053054366,0.6426627096981594,-0.0072013882032448,-0.0001286170261906,0.0114779767778356,2.672107037083075,3.627680201699849,300,,,,,,,,
2,1014,Stationary Skew-t Neural Model,0.26912910674978857,0.17075164542762764,0.12983102475928188,0.875,0.9018723092034486,3.412858232999497,600,1,1617.1341648329515,1635.544105706797,26.950286069985726,-0.13352407480396164,-8.163893247394843e-05,0.01647787178343271,214.58082745201088,995.0860133066041,300,,,,,,,,
2,1015,Gaussian Neural Model,0.24850483583011243,0.18592138224290933,0.14718947805656496,0.875,0.9887650676787187,2.1889125790003163,500,1,1741.6671523155485,1786.2164080773277,49.95695008143717,-0.30354751887805853,-0.00016993882572425534,0.027968027757180047,355.12147038263083,1651.1719043731057,300,,,,,,,,
2,1015,Proposed Adaptive NSST-BNF,0.18099803796962582,0.14425065440119175,0.11552565841032954,0.9375,1.1558789014956843,8.212591493000218,800,1,2298.1756387250475,2332.585822043898,27.343910680967927,-0.26404202853186304,-0.00011319713342872827,0.01172257433040906,159.8793199201823,527.3916207936694,300,,,,,,,,
2,1015,Sparse Variational GP,0.4430654358709563,0.3697218869597384,0.2621164535410366,1.0,2.573275966596327,2.456695393000018,700,1,90.46257720989053,92.15957190725632,1.576310008829611,-0.0159431751697964,-0.0001729953258229,0.0171041377060203,333.50521532514654,639.6484894718967,300,,,,,,,,
2,1015,Stationary Skew-t Neural Model,0.24661652262484152,0.17518861786115403,0.14906956524566575,0.875,1.0273530921170435,3.180013189999954,500,1,1729.327560601604,1768.2591091077006,45.98966875277599,-0.3343626162510888,-0.0001890914145607398,0.026008444416261645,319.18032712275897,1244.2565807090107,300,,,,,,,,
2,1016,Gaussian Neural Model,0.143304675579463,0.1051769469274224,0.07649065207895099,1.0,0.7078067146379456,2.0987755580008525,500,1,1727.12892301548,1766.5944738819167,39.777323033251555,-0.3145834401312163,-0.00017807337494945863,0.0225163859738816,214.67426156371357,1036.068971335607,300,,,,,,,,
2,1016,Proposed Adaptive NSST-BNF,0.12892032581401597,0.09573894355359329,0.06783059235458574,1.0,0.7520078779819521,8.948276895000163,800,1,2295.787605069716,2332.6134632469016,29.014866127902526,-0.26758768215420514,-0.00011471582684845437,0.012438780185858577,144.2564483556114,667.0512803808881,300,,,,,,,,
2,1016,Sparse Variational GP,0.272488921226039,0.2211538695083447,0.1553427021713947,1.0,1.3715251170203535,2.168583720000015,800,1,50.58853290335263,51.39154059310252,0.5449725072375848,-0.0062255172677201,-0.000121138950027,0.0106043232202834,2.1432821980087,17.678211669394052,300,,,,,,,,
2,1016,Stationary Skew-t Neural Model,0.1438784020915946,0.1099383096888745,0.07778411519322856,1.0,0.6757841252635943,3.2890281550007785,500,1,1725.0629886295194,1759.1681865351043,34.77786363475355,-0.3035165643567533,-0.00017253413669023082,0.019769493275826437,208.01699113723942,894.2502362624797,300,,,,,,,,
2,1017,Gaussian Neural Model,0.41706348780080343,0.33515243916936743,0.22071835718045607,0.9375,1.3368390722857608,2.183406828000443,500,1,1939.7533030145967,1998.9771061610895,61.18255341950111,-0.3621525584189976,-0.00018116893750448637,0.030606930530084134,501.10633351659544,2096.7156030903825,300,,,,,,,,
2,1017,Proposed Adaptive NSST-BNF,0.4368453259363664,0.3270177301401824,0.20885987628923866,1.0,1.887798765988152,10.775912712999343,800,1,2463.6283384766625,2496.189315098416,40.568453765392434,-0.302506291696204,-0.00012118723923160338,0.01625215424167175,174.44267593110817,603.6868035938245,300,,,,,,,,
2,1017,Sparse Variational GP,0.858724690115109,0.6234373540052908,0.4578590860549458,0.9375,3.9544971385747534,1.94672912499982,700,1,116.36970055158164,118.151020803274,1.3979057853137284,-0.0155772141376482,-0.000131841553562,0.0118315167808942,96.40338527077424,290.1801870566468,300,,,,,,,,
2,1017,Stationary Skew-t Neural Model,0.38482061683384244,0.3050720472766697,0.20302990499981854,1.0,1.3113345768805835,3.0717379470006563,500,1,1963.0356782866604,2022.1742334382786,81.9694196979228,-0.4722954778733453,-0.00023355825134331118,0.040535290353567184,427.87270519900324,2395.8056009972443,300,,,,,,,,
2,1018,Gaussian Neural Model,0.2635737077328081,0.17854745705078795,0.12268022677406847,0.9375,0.7373289546174724,2.2433861619992967,500,1,1762.2591083718391,1803.9871909956082,45.839112615174294,-0.26338210095385994,-0.00014599998396246983,0.02540988807679725,498.14261055574076,1787.4832000622353,300,,,,,,,,
2,1018,Proposed Adaptive NSST-BNF,0.22571323090972717,0.16001636317771936,0.10619901231991752,1.0,0.8158645018776638,12.679209314001127,800,1,2374.122377072125,2411.5220323996455,30.291399355964245,-0.25479832226794774,-0.00010565871629810663,0.012561112421528249,273.65125380977605,1071.1092382707873,300,,,,,,,,
2,1018,Sparse Variational GP,0.1744433313852134,0.1280865558936731,0.0979068391328731,1.0,0.920081464901442,4.470753889999969,1000,1,40.88447957856639,41.55042206747729,0.5520677221839347,-0.0059811699962411,-0.0001439496808607,0.0132866934850233,3.6088573068064536,5.019806700997679,300,,,,,,,,
2,1018,Stationary Skew-t Neural Model,0.2587003980899828,0.17315171253260442,0.12423211488200474,0.875,0.7317777556521765,4.785208532000979,600,1,1791.0216515697252,1784.8549842308412,28.375017546474577,-0.11706980588116364,-6.559065409541561e-05,0.01589765992036736,433.42241933320236,2035.938814697358,300,,,,,,,,
2,1019,Gaussian Neural Model,0.2510749576293736,0.17346100364617612,0.1153650163859461,1.0,0.9286734160901846,3.0415414670005703,500,1,1911.4382988278069,1946.5316422160772,64.47733610305,-0.2906568319980589,-0.0001493203735784913,0.033124216788813235,807.0524396548537,3353.659923246981,300,,,,,,,,
2,1019,Proposed Adaptive NSST-BNF,0.27585081836435443,0.1845904872033456,0.12831204775066343,1.0,1.0877056787957764,10.394346806000613,800,1,2589.540787171756,2614.628272848866,40.12831957465983,-0.20732397386558135,-7.92938621594892e-05,0.01534761938871582,569.9980868506705,2585.2844883371645,300,,,,,,,,
2,1019,Sparse Variational GP,0.4266381264964835,0.3097772409523796,0.2288351038049711,0.9375,1.7734905355721522,1.9840398310000185,700,1,57.4623575847172,58.13639754686018,0.5586660482232559,-0.0061298297591746,-0.0001054387615647,0.0096095745831677,5.000437781577193,99.41985815019544,300,,,,,,,,
2,1019,Stationary Skew-t Neural Model,0.2530877997744477,0.1752189099246518,0.12189948544568383,1.0,0.9584388885039326,3.6894796619999397,400,1,1940.8261398066763,2008.750908693916,75.45104563186959,-0.6292333546219131,-0.000313246083373791,0.037561175606848934,1002.2965572813441,3526.6425568730724,251,,,,,,,,
2,1020,Gaussian Neural Model,0.3706891520151629,0.2624863715601393,0.17764826431792058,0.9375,1.2030519277424796,3.352518401001362,500,1,1608.6552875588998,1641.1494176729987,28.464786271573725,-0.23984990420609945,-0.00014614751199569918,0.017344420907106802,135.385887205163,549.1069281460097,300,,,,,,,,
2,1020,Proposed Adaptive NSST-BNF,0.27904958947944136,0.22834685785688325,0.14943818606801063,1.0,1.4529544042866456,9.290213231000962,800,1,2208.8387093337083,2239.35242800986,23.206819204479935,-0.2168031947069153,-9.681512922894004e-05,0.010363183085524466,106.1494859387544,336.2373916173315,300,,,,,,,,
2,1020,Sparse Variational GP,0.5205487566328539,0.3548219089141845,0.253539005338621,1.0,2.280400994099667,2.367259555999908,700,1,77.41194763866899,78.5532145069545,0.9958921153297716,-0.010724684679799,-0.0001365276360377,0.0126779294976094,2.4105855304724058,51.34545310044725,300,,,,,,,,
2,1020,Stationary Skew-t Neural Model,0.3200210626115304,0.2426679473962768,0.16049738936101154,0.9375,1.3577886640364798,4.699450740999964,600,1,1606.8912620425083,1622.5945393280729,31.15606952880058,-0.1268745486518231,-7.819239223149526e-05,0.019201389363545186,139.65056062578753,647.8382483158086,300,,,,,,,,
2,1021,Gaussian Neural Model,0.23765568277792265,0.1821685242954275,0.12941620368725698,0.9375,0.9256383758455005,2.6136007639997842,500,1,1592.5086779905873,1624.2194365123842,30.06116333533351,-0.286698145977954,-0.0001765144164224314,0.018508067727524873,135.27752470303795,624.3729273853775,300,,,,,,,,
2,1021,Proposed Adaptive NSST-BNF,0.2074775348439058,0.16909622015405118,0.10587574791151547,1.0,1.0083075898306537,9.185761647999243,800,1,2204.346338452533,2237.251609636019,29.58516541061078,-0.2648487661542586,-0.00011838130544348878,0.013223888311527023,119.48476767303748,359.7782241163524,300,,,,,,,,
2,1021,Sparse Variational GP,0.1549982800323553,0.1336687270547376,0.1067014206047006,1.0,1.287490339207939,3.3085337739998977,900,1,47.27241526481298,48.002871484968985,0.6321396039750988,-0.0070858015965915,-0.0001476120360593,0.0131687872916732,2.296458086275336,3.009475605900056,300,,,,,,,,
2,1021,Stationary Skew-t Neural Model,0.26494828628427924,0.20255067941462268,0.1349149828318864,1.0,0.9006471896322898,4.264789425000345,500,1,1607.9139487315463,1643.2859218806002,34.45973807441179,-0.25708488528867646,-0.00015644562024511513,0.020970019651221465,144.27969607954685,786.3410916194956,300,,,,,,,,
2,1022,Gaussian Neural Model,0.48209539524321743,0.3173384762157705,0.23229124084391783,0.8125,1.1582263361775431,2.5301166589997592,500,1,1731.4914629373998,1770.9794378964486,49.33540024664913,-0.2698031838170134,-0.00015234687543153112,0.027857692297799455,737.8599395027059,3497.9855971078428,300,,,,,,,,
2,1022,Proposed Adaptive NSST-BNF,0.45722316044438166,0.287621305590104,0.21154209334114848,0.9375,1.3105681055521121,6.507683235999139,600,1,2375.033838595433,2462.922807715284,87.96679758087333,-0.7398599750745783,-0.0003003991731924822,0.0357164249343548,425.7190209380972,2284.8333882801726,300,,,,,,,,
2,1022,Sparse Variational GP,0.2960362365245396,0.2335848845477722,0.1667593311691098,1.0,1.5688761582478497,3.800481326000408,1000,0,52.819380974717525,54.50022125919367,1.1053318650959618,-0.0126261908930743,-0.0002316722868523,0.0202812362878156,11.464759209196655,233.7636815081288,300,,,,,,,,
2,1022,Stationary Skew-t Neural Model,0.48013314122411066,0.32914614153936494,0.24013092988563522,0.875,1.1367222931443588,3.289333278000413,500,1,1735.3640870391253,1741.070556987744,71.43484007414902,-0.3173945304245821,-0.00018229848822078274,0.04102926201781255,616.9207518955353,2939.0351373898843,300,,,,,,,,
2,1023,Gaussian Neural Model,0.4533658421976655,0.2593700471599562,0.18544401307023212,0.875,0.8785579925899358,2.460971521999454,500,1,1659.2852211049403,1700.3586577967867,44.74406296964743,-0.3480722229693499,-0.0002047051787417361,0.02631448533783092,512.3237781553834,1835.3462930290282,300,,,,,,,,
2,1023,Proposed Adaptive NSST-BNF,0.47799692224437423,0.23850232375180896,0.1683376261538454,0.875,0.904776755704608,8.228892499000722,800,1,2212.052597803758,2244.8856492616405,33.50841539957184,-0.29853905003160813,-0.00013298630606409717,0.014926557800658127,210.6413634068022,741.9635035696294,300,,,,,,,,
2,1023,Sparse Variational GP,0.4004719434149921,0.3019896870483525,0.2149389157859894,1.0,1.7727597245700677,2.57095090599978,700,1,65.64494591881417,66.59872027756124,0.6433393102744467,-0.0073025840309049,-0.0001096505158127,0.0096599350196702,3.974765260803411,96.1646903341371,300,,,,,,,,
2,1023,Stationary Skew-t Neural Model,0.4152826101557682,0.2389368012027738,0.17071472260660203,0.875,0.8952941169492452,3.0060802170009993,500,1,1667.5795510342161,1712.708612967507,59.077674359770704,-0.35643204851181,-0.0002081101512616565,0.0344937100873279,471.5947197668828,2650.0810419379754,300,,,,,,,,
2,1024,Gaussian Neural Model,0.2973003724560624,0.2600720934793387,0.16676923327183435,0.875,0.9612629299101256,2.1301267859998916,500,1,1621.2684025362018,1646.7493571472608,35.58668853202741,-0.30154395364828307,-0.0001831146630417766,0.021610264110669422,159.39802252985282,567.7286917450793,300,,,,,,,,
2,1024,Proposed Adaptive NSST-BNF,0.18049520292645974,0.14447518710054108,0.09759607427801908,1.0,0.9925261543527326,9.09921135300101,800,1,2227.4688851242404,2219.4730723672624,26.91875204131416,-0.2440164422879389,-0.00010994341194131897,0.012128442726544524,111.59402784501144,396.74272427948574,300,,,,,,,,
2,1024,Sparse Variational GP,0.2712172222260043,0.2034045143101476,0.1687729042645604,1.0,1.7486084655021676,3.557616935000169,900,1,67.42708897934907,68.53658910067196,0.9314949890603196,-0.0104942152656413,-0.0001531184350336,0.0135912072847986,3.3386027239812024,4.030827110954593,300,,,,,,,,
2,1024,Stationary Skew-t Neural Model,0.2901008175216891,0.2525181636491314,0.16518176218756284,0.9375,0.942655260129825,3.2370677050002996,500,1,1613.9516957315984,1643.3214716176547,31.357982773339423,-0.29438293655952535,-0.00017913898262994165,0.019082074514897684,152.22640004542149,512.0822963819289,300,,,,,,,,
2,1025,Gaussian Neural Model,0.33105270947872784,0.22608539457511223,0.15421986876493288,0.9375,1.039012073420844,2.387401783000314,500,1,1720.3783169146127,1766.7202164531132,52.033805858244484,-0.26021216303037964,-0.00014728543920371518,0.02945220492393985,449.0167422880875,2978.548642349674,300,,,,,,,,
2,1025,Proposed Adaptive NSST-BNF,0.32027680453212837,0.14395876704533167,0.1214630825748661,1.0,1.3003338851555257,7.536839423999481,600,1,2510.918125671264,2589.84727266704,97.28203246984972,-0.6801768132807091,-0.0002626320171305927,0.03756284530618984,992.6179157370811,4867.683249176055,300,,,,,,,,
2,1025,Sparse Variational GP,0.3327280657317822,0.2426020736067206,0.1849014577522644,0.875,1.528405609063751,3.7902589509999416,900,1,54.741152751830064,55.64793699495977,0.7350732904281764,-0.0083178354170565,-0.0001494724848076,0.0132093538435169,2.7303291514512424,4.757314760770736,300,,,,,,,,
2,1025,Stationary Skew-t Neural Model,0.3146007747764955,0.2215693460659386,0.14913483723445886,0.875,1.01239774116654,3.010816691999935,500,1,1710.7873018793514,1757.4248218163468,55.4467916925241,-0.3075878692525863,-0.00017502192152645576,0.03155002194359489,504.6079559929135,2822.62492843729,300,,,,,,,,
2,1026,Gaussian Neural Model,0.30520330097400283,0.2371182370015925,0.1702723559765168,0.9375,1.18337821087142,2.603601984001216,600,1,1751.5789383457025,1740.3331859260702,31.330731919628093,-0.16278064016529276,-9.353418154735322e-05,0.018002720498004117,258.62897539347637,1309.2433113729612,300,,,,,,,,
2,1026,Proposed Adaptive NSST-BNF,0.24995320434135695,0.1438410223232119,0.10783828439003522,1.0,1.2185828900277644,9.184327046001272,800,1,2210.015297689889,2245.053321934436,27.1068898307209,-0.27064240824745844,-0.00012055054799957313,0.012074051678810198,109.54781042551949,239.20622551203454,300,,,,,,,,
2,1026,Sparse Variational GP,0.6393490473197724,0.3998214695497666,0.2964353266211813,0.9375,1.8527772217318188,3.883769031000156,1000,1,63.86367326255439,64.74038832653375,0.5796304888394748,-0.0066218937546521,-0.0001022838127144,0.0089531512525992,9.350004204271812,188.3887720972573,300,,,,,,,,
2,1026,Stationary Skew-t Neural Model,0.35739353989853617,0.27152909994658886,0.196982042137457,0.9375,1.2239663270714443,3.9012208149997605,500,1,1784.9756376445982,1781.5245425711278,58.23190741701478,-0.3840406844440438,-0.00021556856235603093,0.03268655919439282,396.23197923093767,1896.4192517330434,300,,,,,,,,
2,1027,Gaussian Neural Model,0.20745392534933382,0.14284682764675607,0.10255396983687964,0.9375,0.7617405493646623,3.384792581999136,600,1,1751.4201360378158,1777.2338625227244,44.58882034019034,-0.11180022821152534,-6.290687487398455e-05,0.025088887444952218,469.6662091779232,2234.077285998471,300,,,,,,,,
2,1027,Proposed Adaptive NSST-BNF,0.14300617893428044,0.1069854029508836,0.08225445481017324,0.9375,0.8333649003868926,6.618090541000129,600,1,2462.811296128918,2530.762018476573,82.10018904893583,-0.5888380388200454,-0.00023267222857031194,0.03244089663490254,385.05037720950156,2122.5068116034886,300,,,,,,,,
2,1027,Sparse Variational GP,0.2680167414614015,0.2111085912039226,0.1635971522731649,1.0,1.802708115741374,3.3035430969998743,900,1,68.1287388750553,68.96925292294179,0.5790652164140065,-0.0066032372878378,-9.574175459338984e-05,0.0083959908491538,90.18859426123528,183.33882681790016,300,,,,,,,,
2,1027,Stationary Skew-t Neural Model,0.21188153143935878,0.15158907179932432,0.10568223047764902,0.9375,0.7288182685227063,3.0736379049994866,500,1,1801.349561872434,1798.6832112364548,49.14424051785321,-0.2515538548773925,-0.00013985445202686285,0.027322343484859873,507.14553665262326,2291.469321705913,300,,,,,,,,
2,1028,Gaussian Neural Model,0.3798474264328153,0.24365518382753623,0.17670567029404655,0.9375,1.0881106153645868,2.348833129999548,500,1,1570.2141381241154,1605.5620989730294,45.82404437415752,-0.3749585978246178,-0.0002335372752411467,0.028540810974217734,136.8630349351061,608.2280347342129,300,,,,,,,,
2,1028,Proposed Adaptive NSST-BNF,0.31206886259854183,0.21698152492000092,0.13900862719646806,1.0,1.322964018737455,9.15450559599958,800,1,2169.139067421234,2191.9160022449055,24.64353285277162,-0.25536632319658925,-0.00011650369947345124,0.011242918445566491,113.60558294517355,379.0483057599848,300,,,,,,,,
2,1028,Sparse Variational GP,0.4726550257295672,0.3953233764254178,0.2593697306368791,1.0,1.8298622899153136,3.859142009000152,900,1,61.7873290481728,62.79280464550102,0.7873994268450453,-0.0088882258961402,-0.0001415484775097,0.0125396441724545,75.50949975730191,122.14513974269606,300,,,,,,,,
2,1028,Stationary Skew-t Neural Model,0.3742073640556846,0.2507356175395689,0.17478797491398992,0.9375,1.110721923511604,3.7992640390002634,600,1,1563.7835591609862,1585.9411869960484,31.087750799293786,-0.15694115779377507,-9.895774135927401e-05,0.01960208301177768,149.18091053661544,549.9493482976346,300,,,,,,,,
2,1029,Gaussian Neural Model,0.26713389553188105,0.19549517028340843,0.13954855412630027,0.9375,0.8608183942012998,2.4130748890001996,600,0,1791.973897132418,1807.0824107214132,75.05211799719386,-0.17982823706176607,-9.95130249704417e-05,0.041532205477685956,268.2515409420764,1337.6923093101204,300,,,,,,,,
2,1029,Proposed Adaptive NSST-BNF,0.1885133011019366,0.13461337411341714,0.10039359813256954,1.0,1.0472226556835698,9.303615699000147,800,1,2360.6661019491576,2392.367559355699,29.30609982667597,-0.2651115889276626,-0.00011081557593059032,0.012249831641492638,152.1040045965466,669.8530206861117,300,,,,,,,,
2,1029,Sparse Variational GP,0.1683107814149656,0.1337153408556599,0.1165102753384135,1.0,1.4292376548479575,4.1556547690001935,1000,1,61.25177570155617,62.12691855363208,0.6070116524169055,-0.0068718643501403,-0.0001106100947885,0.0097705095721572,6.57413774786672,151.61323329821622,300,,,,,,,,
2,1029,Stationary Skew-t Neural Model,0.25450242264258144,0.18677606714101283,0.13317502528301556,1.0,0.8836027996638136,3.610711106999588,600,1,1817.9992053129204,1808.0711295341848,35.565855894145436,-0.15554345748333157,-8.602728893934848e-05,0.019670606600144257,226.80060636358493,992.8915272989002,300,,,,,,,,
2,1030,Gaussian Neural Model,0.2977825989065596,0.19153380759028538,0.12680313203787824,0.875,0.7938300372573912,2.122040799000388,500,1,1728.7853319934766,1767.2654231146994,40.611884712526596,-0.27898362746537897,-0.00015786175852050956,0.022980070894472977,440.7076709709685,1856.2984179758948,300,,,,,,,,
2,1030,Proposed Adaptive NSST-BNF,0.2831781329427229,0.17485965797376102,0.11743246183619833,1.0,0.9583521763682122,9.10820637300094,800,1,2341.982089033923,2381.256522023197,36.37220444041031,-0.20215171881292637,-8.48928777489169e-05,0.015274374727804305,282.4479988318543,1131.237649646202,300,,,,,,,,
2,1030,Sparse Variational GP,0.278410640261353,0.1951453063130078,0.1398927596564302,1.0,1.3855289442898409,4.536455772999943,900,1,48.64899102698803,49.611939197791024,0.8278528831074188,-0.0092949973573084,-0.0001873540423455,0.0166865657036091,3.931925818827025,4.376181763600974,300,,,,,,,,
2,1030,Stationary Skew-t Neural Model,0.2781219047448122,0.1880940902012442,0.1268309756583153,0.9375,0.8046286969932939,2.97611440899891,400,1,1957.6576232281834,1805.4717535957434,66.31082944024563,-0.5971059812692662,-0.00033072020101122097,0.03672770250112316,472.63639499859374,2497.076580018398,251,,,,,,,,
2,1031,Gaussian Neural Model,0.3730626474276345,0.26836904827944696,0.18128930493594086,0.875,0.7949749323341393,2.672436099001061,500,1,1651.461711253001,1684.1342406147955,34.20133134198937,-0.3131280877299141,-0.0001859282236406559,0.02030796032595603,150.6951416612738,423.9408145030088,300,,,,,,,,
2,1031,Proposed Adaptive NSST-BNF,0.3159251246969231,0.23020537188582263,0.146481082045228,1.0,0.9283426276973823,8.58454694700049,800,1,2233.090097600634,2255.5620694378845,25.739831769938963,-0.2354192240373439,-0.00010437275357091518,0.011411715119129332,125.56667398846446,446.1332567194435,300,,,,,,,,
2,1031,Sparse Variational GP,0.2604007884474506,0.2036982986872738,0.1460523504148891,1.0,1.519928834014452,3.966665304999879,900,1,62.77885632798832,63.62214268547141,0.6835363310240145,-0.0077408149661789,-0.0001216685675684,0.0107436861157474,3.13234603753544,3.1846209493619906,300,,,,,,,,
2,1031,Stationary Skew-t Neural Model,0.37488769215976625,0.2716328754807761,0.18383816004059575,1.0,0.8385172712097636,3.964226060999863,500,1,1677.2972538239908,1696.9875287590123,33.49350412585865,-0.31577922509126927,-0.00018608223085893558,0.019737036105593568,151.92200323627546,519.5763721876972,300,,,,,,,,
2,1032,Gaussian Neural Model,0.13655342867100714,0.10239271735751494,0.07332843383792421,0.9375,0.48913986652406644,2.241607378000481,500,1,1624.5900089718778,1659.6532898176063,30.686451934216546,-0.24792992376586415,-0.00014938657687540944,0.018489676200737642,251.29619945854893,907.4444347960815,300,,,,,,,,
2,1032,Proposed Adaptive NSST-BNF,0.11884691788545433,0.08439618857333588,0.06349134197500769,1.0,0.5856798190165564,8.112225610000678,800,1,2256.9023301940256,2290.0678005337554,32.23604956605276,-0.22476459588064165,-9.81475726737238e-05,0.014076460774890318,158.7634243032311,621.8554506709024,300,,,,,,,,
2,1032,Sparse Variational GP,0.2058553448844575,0.166877126219037,0.1276923484113592,1.0,1.3557936429143556,3.768098965000263,900,1,54.64159352790802,55.42720154557644,0.6057814662158724,-0.0068944210712259,-0.0001243869594526,0.0109293171822456,2.704077417560399,2.8138561378030427,300,,,,,,,,
2,1032,Stationary Skew-t Neural Model,0.12326035808261289,0.0934351138111755,0.0671485900848723,0.9375,0.5062701425490646,3.335789103000934,500,1,1630.1301585841027,1667.0972309401004,34.09638087375271,-0.21470285170016926,-0.00012878843999944447,0.020452544843185448,230.85711648302114,1217.8338140532737,300,,,,,,,,
2,1033,Gaussian Neural Model,0.177278077781916,0.14210017309758996,0.10026127609801308,0.9375,0.5592095593451485,2.195339256000807,500,1,1784.7029800786358,1823.4202995135915,33.18515507333864,-0.2459105808705382,-0.00013486225909415192,0.018199399821418556,447.53745614237437,1962.8991542468889,300,,,,,,,,
2,1033,Proposed Adaptive NSST-BNF,0.15234897224894023,0.12114831902934815,0.08536469689323167,1.0,0.6233501175189589,8.264427962998525,800,1,2405.999818826144,2427.3908179877076,33.7006456686133,-0.2355861841016966,-9.705325667211514e-05,0.013883485683014538,268.79527772164397,1228.9097826016011,300,,,,,,,,
2,1033,Sparse Variational GP,0.380586927712207,0.2144005779113187,0.1939952921182808,0.9375,1.624685712413807,3.585824374999902,900,1,67.11646050190156,67.87277107900445,0.6149134620303894,-0.0069614126125578,-0.0001025656165482,0.0090597960309387,2.306672884357832,2.4041275445664376,300,,,,,,,,
2,1033,Stationary Skew-t Neural Model,0.193629792358356,0.15880396835877642,0.11015900911887477,0.9375,0.590429027789224,2.58183199099949,400,1,1804.040892579098,1876.8335576642605,64.85753009493224,-0.5957520376849395,-0.0003174240119759788,0.03455688962405814,512.9987361398674,2608.283902385326,251,,,,,,,,
2,1034,Gaussian Neural Model,0.21487139549272996,0.16075230508152194,0.10605074461632066,1.0,0.76864395088392,2.171009091000087,500,1,1940.661043214053,1848.0134911532475,72.85762063084117,-0.32036999487608053,-0.0001733591212454593,0.039424831571643205,659.7685219681719,3331.3341710750597,300,,,,,,,,
2,1034,Proposed Adaptive NSST-BNF,0.16977382421269602,0.12608999025538342,0.09156383296247707,1.0,0.8893373400617961,8.21479877100137,800,1,2457.381361368803,2482.0236930883093,39.89610590503892,-0.22189832864374492,-8.940217986704359e-05,0.016074022990246864,409.7423255909617,1734.6629191817942,300,,,,,,,,
2,1034,Sparse Variational GP,0.2418485560382215,0.2049965583473791,0.1567072737424917,1.0,1.6496306060063983,3.488186436999968,800,1,63.85632734450508,64.62945614870954,0.5393327421356766,-0.006145324640613,-9.508550755050191e-05,0.0083449989257945,2.070418802639857,10.43503541296736,300,,,,,,,,
2,1034,Stationary Skew-t Neural Model,0.2066495939364377,0.15599360164911777,0.10641188762202458,1.0,0.768741699391609,3.171647977998873,500,1,1853.3029739238561,1849.2031701095705,72.19799945905538,-0.31305834391224213,-0.00016929364440452068,0.039042762107517594,769.2580046486237,3439.809589440314,300,,,,,,,,
2,1035,Gaussian Neural Model,0.3281752619825227,0.23472059449382054,0.16585903180278466,0.9375,0.886318791114773,2.464333934000024,600,1,1773.331875119125,1779.9731186611177,54.62718896470878,-0.1508190379816198,-8.473107621707493e-05,0.030689895477634465,278.5263377524428,1022.0556643744607,300,,,,,,,,
2,1035,Proposed Adaptive NSST-BNF,0.2566366268941407,0.18833062051101962,0.13063540658644454,1.0,1.0393223300249133,6.12792337800056,600,1,2513.284257804696,2496.7418410462715,81.43049376124927,-0.707785879727115,-0.0002834838060111628,0.03261470305921793,230.0604662475179,1378.8226005745364,300,,,,,,,,
2,1035,Sparse Variational GP,0.4247012225609642,0.2597866613989322,0.2106447115750229,1.0,1.7634866819925288,4.8008377679998375,900,1,69.07987261621227,70.29956433172052,1.0913752742266138,-0.0121528226734904,-0.0001728719486246,0.0155246378068113,3.3492158671322128,4.309719466130596,300,,,,,,,,
2,1035,Stationary Skew-t Neural Model,0.32396433247570455,0.23548040141076185,0.16397793757075685,0.9375,0.8715890084934517,3.1998623790004785,500,1,1771.439601758833,1800.2816036759868,43.114089815950166,-0.29983966253038513,-0.00016655153389233315,0.023948525457303835,313.03993745098484,1418.9259522927382,300,,,,,,,,
2,1036,Gaussian Neural Model,0.6674176825753404,0.5127145931392223,0.3889570956055909,0.6875,1.1994056017917374,2.595744158999878,600,0,1761.9329804689692,1780.8431775240558,58.91354652203735,-0.09821875919577508,-5.515295250889563e-05,0.033081827342004405,473.14099667772956,1993.9318117064258,300,,,,,,,,
2,1036,Proposed Adaptive NSST-BNF,0.6461070707207675,0.4861740137056909,0.3592085733801143,0.6875,1.3970098698166837,8.308189908999339,800,1,2430.955020821662,2472.436826683966,42.42721741618375,-0.2556312227703858,-0.00010339241836695924,0.017160081486525643,343.9456993007592,1893.746047238552,300,,,,,,,,
2,1036,Sparse Variational GP,0.4732734618276685,0.3831783293575984,0.2625844417288783,1.0,1.7039588115799014,2.861701941999854,700,1,60.75285540211793,61.78361139100313,0.7643851505120114,-0.0085634540016944,-0.0001386039729451,0.0123719726526589,4.377442193372236,107.34854785841904,300,,,,,,,,
2,1036,Stationary Skew-t Neural Model,0.7074943377162736,0.5495580639627617,0.41482935892623596,0.5625,1.2805504879702534,3.7314138019992242,600,0,1759.1992228716306,1804.2427202572794,105.49343355188391,-0.14024578213268282,-7.77311059970269e-05,0.05846964622190124,584.2379352000099,2703.2516274836057,300,,,,,,,,
2,1037,Gaussian Neural Model,0.33900182900392245,0.22798475630260495,0.1629312048295018,0.875,0.8137092865396496,2.164753507000569,500,1,1753.155932053477,1791.3897733820888,52.95974393436282,-0.36654503494505186,-0.00020461489754573396,0.029563495740168498,266.93828785978815,1334.747316689682,300,,,,,,,,
2,1037,Proposed Adaptive NSST-BNF,0.37467201448057663,0.24405803949473853,0.16683695786142508,0.9375,1.0527878102361974,8.021525082998778,800,1,2315.5780709219634,2348.5148298700233,34.96873450616702,-0.30042556597423115,-0.00012792151114108906,0.014889722671285972,145.62903565574328,603.2416391123403,300,,,,,,,,
2,1037,Sparse Variational GP,0.5727916729345929,0.4144587682433633,0.3043977912595172,0.875,2.13781821500668,3.013580723999894,700,1,79.28287866701085,80.48439480015969,0.9696414963084028,-0.0105357549144473,-0.0001309043192858,0.0120475714418426,139.30495313808586,351.5023201115178,300,,,,,,,,
2,1037,Stationary Skew-t Neural Model,0.3205565002215225,0.2134201564466804,0.15034047249121868,0.875,0.8890103773163656,3.6764727609988768,600,1,1805.9517451917832,1770.286755955213,35.210705286818566,-0.15954447964253662,-9.012352326866354e-05,0.01988983150236557,257.1035473708738,1201.055355547668,300,,,,,,,,
2,1038,Gaussian Neural Model,0.20255936740704225,0.12369840246678553,0.08487741121552214,1.0,0.749437335100418,2.1190422359995864,500,1,1567.2816617380013,1600.9404399862601,29.575981818345515,-0.2387312821967716,-0.00014911940271733053,0.018474130004860975,301.77358821805836,1333.6907020786753,300,,,,,,,,
2,1038,Proposed Adaptive NSST-BNF,0.15537084961486666,0.09700560866236341,0.06814918927276253,1.0,0.7733698346257923,8.05398533600055,800,1,2166.236202166699,2191.7408483090467,23.78521043421669,-0.23256300531360377,-0.00010610880638239175,0.010852200182593323,108.69667222643983,446.19478194218897,300,,,,,,,,
2,1038,Sparse Variational GP,0.2934943530228144,0.2057233031928861,0.1603246386493735,1.0,1.5424868810844532,3.484936485000162,900,1,63.3775040645174,63.97142868965,0.5181859571488783,-0.005803738453453,-9.072391491534634e-05,0.0081002717582374,2.520418226398509,5.219340810861479,300,,,,,,,,
2,1038,Stationary Skew-t Neural Model,0.21128379655808538,0.12637209448888237,0.08527809496780145,1.0,0.7694415250094373,3.294686171999274,500,1,1567.1790283267374,1599.399571801066,35.7257284073309,-0.24830276286534553,-0.00015524748614615072,0.02233696259346908,281.43487593877137,1144.7788042079505,300,,,,,,,,
2,1039,Gaussian Neural Model,0.1888107976161665,0.14078061259034882,0.09577503484211305,1.0,0.816985981513197,2.5545290659993043,600,1,1816.4091401437279,1758.265366904549,37.15066064050238,-0.138295527979847,-7.865452541064275e-05,0.021129154529106506,318.0771907871441,1307.6630816779984,300,,,,,,,,
2,1039,Proposed Adaptive NSST-BNF,0.17564826309781803,0.12772247929781547,0.08916784158489255,1.0,0.9192306683128156,8.703964079000798,800,1,2384.0015874200894,2423.082758443511,42.47763342987002,-0.23107486244212913,-9.536399928435051e-05,0.017530409674144144,224.66056281924062,1064.8774503608465,300,,,,,,,,
2,1039,Sparse Variational GP,0.3431776068815296,0.2541429028203759,0.192733492167622,1.0,1.9217059551416464,4.229548384999816,900,1,78.36324032533554,79.60482319452589,1.082312538506298,-0.0121202072211277,-0.0001522546842609,0.0135960673621684,3.8361203332409066,16.10324665063486,300,,,,,,,,
2,1039,Stationary Skew-t Neural Model,0.2105972116187149,0.14971043834502357,0.10360036581045624,0.9375,0.8051286646798865,3.274073184998997,500,1,1765.8801236691447,1801.3343914951224,62.06480395582753,-0.35428914527340805,-0.00019668149730897268,0.03445490423591657,334.4244335823821,1707.3476633194514,300,,,,,,,,
2,1040,Gaussian Neural Model,0.6078793255600661,0.2916706568793248,0.23863616093591303,0.875,0.9892036100518924,2.267779444999178,500,1,1722.1872634756853,1766.3557876501932,51.19360329133971,-0.3304277620366868,-0.00018706750041352604,0.02898261134549978,256.4341001131445,1051.1243442856928,300,,,,,,,,
2,1040,Proposed Adaptive NSST-BNF,0.42652513866417124,0.20730927249597728,0.16084786248456423,1.0,1.1518376766819343,10.302145417999782,800,1,2337.778232860352,2370.741847781814,37.77363892587993,-0.22928690372192903,-9.671525557979303e-05,0.015933256909107518,196.68550339349065,692.530552711597,300,,,,,,,,
2,1040,Sparse Variational GP,0.2241290708485391,0.1679586987554966,0.1558476331050953,1.0,2.023090682531236,3.523994170000151,900,1,74.98044272035457,76.05036336623827,0.9959644980127228,-0.0110013529870396,-0.0001446587826814,0.0130961175453746,4.360030816804419,29.05776743641877,300,,,,,,,,
2,1040,Stationary Skew-t Neural Model,0.6119331673357127,0.29963578318791617,0.2361143826972114,0.875,1.0414888731181624,3.4671604109989858,500,1,1718.6380717669872,1760.6748908475615,38.4822179009098,-0.28755766042356057,-0.00016332240660576163,0.021856515419712178,223.05674814292502,961.079814632996,300,,,,,,,,
3,1001,Gaussian Neural Model,0.2451254108494361,0.17245113173725338,0.12662593832512745,0.875,0.6899740307561765,2.2638686650007003,500,1,1794.0145284453563,1816.922113193963,45.67538857841448,-0.27279792189753277,-0.00015014288169897487,0.02513888088362896,521.6391281558549,2303.550322712618,300,,,,,,,,
3,1001,Proposed Adaptive NSST-BNF,0.19677063980598072,0.14140298742952412,0.09800799988069561,1.0,0.8313601624535711,11.125937595999858,800,1,2389.7351730140667,2422.442850150551,27.822037070753556,-0.24158823001600727,-9.972917627385632e-05,0.011485115972508682,305.75978305443664,1506.0828352391743,300,,,,,,,,
3,1001,Sparse Variational GP,0.26308831241354,0.2295784755275904,0.1522987423574661,1.0,1.4147653020550426,3.66607048700007,900,1,51.8856631460087,52.49394675372442,0.526626243178913,-0.0059049099375428,-0.0001124874447952,0.0100321327647466,2.036735767298242,2.5864619495395704,300,,,,,,,,
3,1001,Stationary Skew-t Neural Model,0.19231482310797374,0.13004200129062676,0.09254752291144998,0.9375,0.7148569598415053,3.5494213459987805,500,1,1787.739644948532,1817.0493310634058,53.14579637866162,-0.32820853374266007,-0.00018062720044622008,0.02924840590186876,431.4029185764408,1777.666904473973,300,,,,,,,,
3,1002,Gaussian Neural Model,0.4128784219191992,0.2775930471499986,0.1952089623208132,0.9375,1.1237375205255988,2.6345611960005044,500,1,1706.7901834221125,1736.6380654534978,44.161614949303996,-0.25543566537298285,-0.0001470862987828609,0.025429371742909372,510.78392579664614,2224.4624839060393,300,,,,,,,,
3,1002,Proposed Adaptive NSST-BNF,0.4034042865877693,0.24754671559233304,0.18037830311281844,1.0,1.316568794871051,8.98789779300023,600,1,2392.242887757384,2476.103676489494,68.6668143375421,-0.5887333856034213,-0.00023776604800252154,0.027731800970020263,480.4855679302351,2246.44219051097,300,,,,,,,,
3,1002,Sparse Variational GP,0.4363749420906616,0.3453028709253588,0.2479584429037288,1.0,1.5913762538318634,4.170858041999964,1000,0,56.88776017499778,57.93406573210756,0.634153233741149,-0.007273304063898,-0.0001255445129214,0.0109461199680602,8.749448441643,260.59784685615296,300,,,,,,,,
3,1002,Stationary Skew-t Neural Model,0.41147102514922745,0.26572410981277395,0.18780571822829056,1.0,1.143017532530589,4.841041530000439,500,1,1724.5536179075568,1771.761978447737,58.44813145640673,-0.29185754125599245,-0.00016472728549671913,0.032988703994886404,591.0227088509772,2390.5823470681457,300,,,,,,,,
3,1003,Gaussian Neural Model,0.34837003715087783,0.25429349229589093,0.17008962510938305,0.9375,1.3066708361244488,2.7098356680016877,500,1,1486.1567225008798,1500.4281693697797,27.11197659004043,-0.22818757732423278,-0.00015208164041606708,0.018069493191019054,80.9151246011585,317.848317822286,300,,,,,,,,
3,1003,Proposed Adaptive NSST-BNF,0.3768289020030913,0.2724920440199077,0.18176167977340163,1.0,1.7299882625069172,9.450450541000464,800,1,2132.5604870024827,2155.7886275045676,23.71491316059708,-0.2022324712894496,-9.380904449966583e-05,0.011000574387503037,84.78744893668465,262.2062256124137,300,,,,,,,,
3,1003,Sparse Variational GP,0.8576811053112392,0.6114614543173496,0.4647884454242726,0.9375,3.295646963578537,3.6063767179999786,1000,0,106.70169900582934,109.58927672515811,2.410514495015432,-0.0264080164462004,-0.0002409726319522,0.021995897473261,143.13313931843965,316.0451194082719,300,,,,,,,,
3,1003,Stationary Skew-t Neural Model,0.35800613793117547,0.2613547006268146,0.1692107735342266,0.9375,1.3609488325295733,4.036890322000545,500,1,1548.3627814754277,1513.7081708771584,25.974401696212823,-0.19643819811408705,-0.00012977283329339208,0.017159451336753537,85.7934745103471,396.7235970060721,300,,,,,,,,
3,1004,Gaussian Neural Model,0.2794369798076958,0.18912440281336002,0.12925803174364492,0.875,0.7947001843426549,3.0579624909987615,500,1,1549.9878671494855,1575.9658364534002,26.167930989778473,-0.23744058422744563,-0.00015066353517014604,0.016604377064840147,89.75640126846228,315.27014957436575,300,,,,,,,,
3,1004,Proposed Adaptive NSST-BNF,0.21928508274130087,0.15306769734686143,0.09917792489834101,1.0,0.9482211677842519,9.491269447000377,800,1,2155.933934802789,2179.107276087619,22.16623528499555,-0.21801092181380705,-0.00010004597947340387,0.010172163402984418,91.25524138121239,228.22982975791504,300,,,,,,,,
3,1004,Sparse Variational GP,0.188295829746719,0.1702312018006601,0.1428269468760297,1.0,1.8200411165176875,3.902707085000088,1000,1,65.68108018540644,66.54702866231673,0.5942807988417921,-0.0067497796323156,-0.0001014287154211,0.008930237920274,8.04685117336995,202.74117113494225,300,,,,,,,,
3,1004,Stationary Skew-t Neural Model,0.27488813138745427,0.18360490429131046,0.12644148367067873,0.875,0.7671724943782902,3.5170795379999618,500,1,1554.8272529592386,1578.8093152771833,28.465652402475722,-0.24787293102475227,-0.0001569999167260008,0.018029822934936345,95.24664276133848,345.25137711871355,300,,,,,,,,
3,1005,Gaussian Neural Model,0.5001066356638246,0.28721116796292095,0.20221545233523147,0.9375,1.0595559816655005,2.1454779889991187,500,1,1750.1189704924964,1772.3397509311321,44.58196304391447,-0.29549962039847427,-0.00016672854075705734,0.025154298446724153,591.3682459841498,2403.0403337182124,300,,,,,,,,
3,1005,Proposed Adaptive NSST-BNF,0.4548689055980287,0.2422987121550735,0.17198348317308815,1.0,1.3254281029118036,6.595016068000405,600,1,2423.542670491224,2481.381668385414,64.1608413908081,-0.5980823565413181,-0.00024102795799667463,0.0258569015030067,455.599254881476,2123.1057469987845,300,,,,,,,,
3,1005,Sparse Variational GP,0.2508305093479133,0.1971573456704018,0.1492810893777064,1.0,1.6442199497427312,4.200493119000043,900,1,68.7795805520806,69.71891577034333,0.7407778392646975,-0.0083652956426502,-0.0001199860260335,0.0106252059585211,64.24662572129407,92.19260635378598,300,,,,,,,,
3,1005,Stationary Skew-t Neural Model,0.4980705642595275,0.2649575933650821,0.18945634556237623,0.9375,1.144436604689517,2.8460049069999513,400,1,1754.5090265181366,1817.0503120488506,91.83387363230393,-0.6460389133511374,-0.0003555426666324298,0.05054008302541431,669.5515053314808,3428.099199595515,251,,,,,,,,
3,1006,Gaussian Neural Model,0.2940858461688018,0.2265466425604036,0.15471447912764813,0.875,0.7587445673494433,3.713067926999429,600,1,1609.4694449393392,1633.4252730276116,28.277225329195097,-0.16048548447381933,-9.825088856152795e-05,0.01731161247234913,102.39143199175878,391.7044956071177,300,,,,,,,,
3,1006,Proposed Adaptive NSST-BNF,0.24495871977142786,0.18098660488727175,0.11677643527017195,1.0,0.9719876930378152,9.205166529000053,800,1,2190.2471128869256,2220.8139685257875,33.22010155368839,-0.29451105306769343,-0.00013261401325892892,0.014958525128397144,89.19555615860827,273.9870920077807,300,,,,,,,,
3,1006,Sparse Variational GP,0.4137682710361823,0.348829900656802,0.2354695056919732,1.0,1.8724416251072336,2.799539015999926,800,1,77.25751967682712,78.32981037106386,0.7012050276746797,-0.0080403334910568,-0.0001026471716574,0.0089519561499373,2.442089545182588,9.144877719232085,300,,,,,,,,
3,1006,Stationary Skew-t Neural Model,0.27824612498920626,0.21929315529038487,0.1479443820168348,0.8125,0.7652662552444003,3.926224449000074,600,1,1650.0123313046315,1630.7158608944267,19.711049368492816,-0.1445905828157556,-8.86669384183517e-05,0.012087359816124894,105.35005478767289,377.6724848677139,300,,,,,,,,
3,1007,Gaussian Neural Model,0.25449191060564874,0.18704472206954936,0.13019736752580624,0.9375,0.7262979647328097,2.2038438449999376,500,1,1626.7310630934655,1662.203445332065,30.583826353761204,-0.2661145747134558,-0.00016009747510798406,0.01839956862058563,170.2933483702942,609.3780642556516,300,,,,,,,,
3,1007,Proposed Adaptive NSST-BNF,0.19791375967294386,0.13226806491942977,0.09157924937166306,1.0,0.8666743286135669,9.901588659000481,800,1,2212.2839897129334,2244.8981840628844,26.942539581245136,-0.25275626355611414,-0.00011259141521450569,0.012001675520305203,112.14457074467282,369.3535664229629,300,,,,,,,,
3,1007,Sparse Variational GP,0.319922212159359,0.228666810925404,0.1768840964872653,1.0,1.7784016858668668,3.5838112859999,800,1,73.44907467732313,74.6223631232862,0.7549094673962802,-0.0086705509778327,-0.000116192393472,0.0101163972273172,2.983493436476767,20.389823449881696,300,,,,,,,,
3,1007,Stationary Skew-t Neural Model,0.25888274062972305,0.19365017845039204,0.12806544356967642,0.9375,0.7762189722085139,3.9810526719993504,600,1,1619.513653698041,1636.5972132455242,20.378092918265217,-0.13828248405512245,-8.449390169795986e-05,0.01245150166048099,155.77803704288533,618.2608948826174,300,,,,,,,,
3,1008,Gaussian Neural Model,0.28451015071417446,0.20879284658671976,0.14651702992660073,1.0,1.1713738196979833,2.74725398100054,500,1,1791.5708951910015,1843.1043036238414,59.884760886247264,-0.3963870206588322,-0.00021506488801500325,0.03249124901314814,327.89245596589285,1334.1082071374888,300,,,,,,,,
3,1008,Proposed Adaptive NSST-BNF,0.2247917378263727,0.1718790185779991,0.12222292710916842,1.0,1.3223838764120686,8.785346030001165,800,1,2361.48700724652,2389.978395074339,28.437456070240977,-0.29268203041933066,-0.00012246220761766627,0.01189862474441173,130.25256268159964,392.34999580538806,300,,,,,,,,
3,1008,Sparse Variational GP,0.2944355043097016,0.2411459545636856,0.1647143418230804,1.0,1.2761150075112069,3.427205809000043,1000,1,48.093569352041854,48.69930638102084,0.5804155476072984,-0.0061155314509627,-0.0001255773830352,0.0119183534785104,3.1503730130827607,3.92546839104631,300,,,,,,,,
3,1008,Stationary Skew-t Neural Model,0.3054603118399926,0.23534988979140053,0.1593000653465184,1.0,1.200539588081044,4.251274940999792,500,1,1781.5030544263698,1834.3383407218412,58.96584157066571,-0.3763550454577756,-0.00020517209780921536,0.032145564567691305,257.2219682867237,1434.4617002644818,300,,,,,,,,
3,1009,Gaussian Neural Model,0.5778059653706809,0.3880906896547798,0.27689197647891256,0.8125,1.1351063888404793,2.829837753999527,600,1,1505.4801662551977,1522.9812594434252,16.784614820180188,-0.1102253180120028,-7.237470410652635e-05,0.011020893865965317,82.7607049652444,383.67455173375555,300,,,,,,,,
3,1009,Proposed Adaptive NSST-BNF,0.5190879744010757,0.3445693501274465,0.22954574029931807,1.0,1.4365232612987562,8.603828401999635,800,1,2147.8345899774854,2174.527311186427,28.895164612110626,-0.2367730626721084,-0.00010888484198569315,0.013288021016551568,83.41023091024633,296.5229147161481,300,,,,,,,,
3,1009,Sparse Variational GP,0.6726619479886675,0.4669343216522791,0.3356495959364975,0.9375,2.3146557905082217,2.759757559000036,700,1,80.83872436151152,81.99545028015231,1.1203724017986842,-0.0116856379356172,-0.0001425156870983,0.01366383620031,2.180208018790403,11.336441185741242,300,,,,,,,,
3,1009,Stationary Skew-t Neural Model,0.5637494155539118,0.38336067822778064,0.26702094009557725,0.8125,1.1868372625320596,3.302874997001709,500,1,1508.0160857508138,1541.899509617127,26.84838443623272,-0.23715391131438932,-0.00015380633422295949,0.017412538410430844,93.58282484744807,374.8971010743851,300,,,,,,,,
3,1010,Gaussian Neural Model,0.2404664906795935,0.18172062436801278,0.12330040073670907,0.9375,0.8806844789624051,2.071489448999273,500,1,1741.6388240049293,1777.2144665726332,42.558995730783344,-0.3028459214338118,-0.0001704048257146204,0.023947023013411856,383.43102327516715,1436.9503157720899,300,,,,,,,,
3,1010,Proposed Adaptive NSST-BNF,0.24740709744391812,0.18743826057099847,0.12262296524653439,0.9375,1.0587122467078443,9.139476505999482,900,1,2327.5592535883156,2358.3797825396377,73.63786765512648,-0.16479770904557767,-6.987751093596725e-05,0.03122392254220777,215.65352873663016,1041.972651605151,300,,,,,,,,
3,1010,Sparse Variational GP,0.3745256268976291,0.2528566711667088,0.1963943314112272,1.0,1.5324034302226814,3.0438302090001343,800,1,54.14200746302205,54.961594879493326,0.5445268623163706,-0.0062418671011558,-0.0001135677942905,0.0099074064992158,2.464016592173287,9.75514112210822,300,,,,,,,,
3,1010,Stationary Skew-t Neural Model,0.2343843507955343,0.17703902569175323,0.12105281383920832,0.9375,0.8550579166631562,3.243352376000985,500,1,1750.8164764391026,1774.2599932850296,36.92705110311766,-0.2709212997502981,-0.00015269537766485347,0.020812649354025884,382.65896300518307,1606.8949372545503,300,,,,,,,,
3,1011,Gaussian Neural Model,0.18612749495121722,0.11071998596207741,0.06773454620943477,0.9375,0.4819638806492505,2.0632013710001047,500,1,1423.680949960742,1448.019843735377,22.518874918584654,-0.20709528556028817,-0.00014301964607477737,0.015551496076527473,72.6286382168512,279.35553402125544,300,,,,,,,,
3,1011,Proposed Adaptive NSST-BNF,0.17719339914178336,0.10487317857129723,0.060337097621174965,1.0,0.5849262504067674,9.125200617998416,800,1,2073.588897390367,2098.211844683927,21.65035171068176,-0.20505541269619532,-9.77286508107977e-05,0.010318477500513368,78.72731799570218,231.20915488655197,300,,,,,,,,
3,1011,Sparse Variational GP,0.1723209339304792,0.1493341744128217,0.1045366302651142,1.0,1.0530189346371914,3.295031820000077,900,1,42.83503454862195,43.50620351455309,0.5771152406951872,-0.0063741750657092,-0.0001465118661428,0.0132651252941922,31.230050105037293,115.42272539826492,300,,,,,,,,
3,1011,Stationary Skew-t Neural Model,0.1891501653829089,0.11057955153946349,0.06792214138441116,0.9375,0.46983814490788933,3.39731274100086,500,1,1427.23919733473,1454.0766532703017,21.183648660189412,-0.19493304834990738,-0.00013405967829240067,0.014568453879337214,79.83130321665388,215.38241708705488,300,,,,,,,,
3,1012,Gaussian Neural Model,0.13008703649568384,0.09467048567766467,0.0689556886798131,1.0,0.943953345688924,2.6628384699997696,600,1,1531.2949177344635,1540.6236540017112,16.662592591218633,-0.1112808482189752,-7.223103963769956e-05,0.010815485370446036,77.01947074213379,237.7270217161873,300,,,,,,,,
3,1012,Proposed Adaptive NSST-BNF,0.11492469413795117,0.08624855796269373,0.07641373156394071,1.0,1.345921163679689,10.190531659000044,800,1,2125.2890802205065,2161.6245302306693,23.49772524649777,-0.23291446297385218,-0.00010774973160995612,0.010870400903523375,72.01454801961287,165.10158114111275,300,,,,,,,,
3,1012,Sparse Variational GP,0.4422017045336223,0.329382392076883,0.251128373963964,1.0,1.903617318166944,2.635855827000114,700,1,73.58930639704323,74.5601251817038,0.8226244830251686,-0.0087402650999929,-0.0001172243887559,0.0110330351648473,2.298175525348685,46.45223922064648,300,,,,,,,,
3,1012,Stationary Skew-t Neural Model,0.1468116779647494,0.108892945742881,0.07537721754619867,1.0,1.0256845697212498,4.017705664000459,600,1,1549.9309977951975,1564.8541382351393,15.256991017278333,-0.1155904366576707,-7.386658847835803e-05,0.009749784752772763,77.00520196613554,225.44069568812938,300,,,,,,,,
3,1013,Gaussian Neural Model,0.49579602550993324,0.3458137237296338,0.25360447475510584,0.875,1.6161868408519937,2.6505086479992315,500,1,1720.0031198855334,1762.548464546662,57.706190114787056,-0.3641919203092862,-0.00020662803187256377,0.03274020049691479,304.42405732092533,1949.8527109560212,300,,,,,,,,
3,1013,Proposed Adaptive NSST-BNF,0.409480695176199,0.28915637508479425,0.19591301099130187,1.0,1.9046646766782762,10.06149778299914,800,1,2222.9022391556787,2256.096750523809,28.685055404811443,-0.2853715416845232,-0.00012648905310389148,0.012714461557622243,108.51472985095677,384.465813828216,300,,,,,,,,
3,1013,Sparse Variational GP,0.5413709781686288,0.4133823191046576,0.2970764361372582,1.0,2.343010852812907,3.239604782000015,800,1,78.50905297313734,79.64626809316789,0.8072233236992745,-0.0091064865803165,-0.0001143366387193,0.0101351054233325,156.32858477481813,262.50216477014584,300,,,,,,,,
3,1013,Stationary Skew-t Neural Model,0.5160007586003679,0.36044055705595934,0.25817631615033965,0.9375,1.7444594581313688,4.643032048999885,600,0,1722.3518732269158,1754.8506153009148,79.53051325605988,-0.08544775426927463,-4.869232373641237e-05,0.045320389418117085,385.93954228370274,2248.0448479079596,300,,,,,,,,
3,1014,Gaussian Neural Model,0.08945504319002187,0.07124668837375248,0.055135574465026746,1.0,0.5541751220967758,2.526605492001181,500,1,1694.8835486898993,1732.2192957066668,31.772757171469355,-0.277859420634966,-0.0001604066074795754,0.018342225635182927,260.1410536308896,1132.145714296348,300,,,,,,,,
3,1014,Proposed Adaptive NSST-BNF,0.06258735754064279,0.05513260841311647,0.04491097584272523,1.0,0.6495152804760089,8.647988959999566,800,1,2293.188202142151,2324.2349663090704,32.87606005918068,-0.2814008006215651,-0.00012107244091092685,0.014144895217452338,214.4372466437637,764.4825355004067,300,,,,,,,,
3,1014,Sparse Variational GP,0.1725066817219188,0.1317175612814983,0.1163777353405408,1.0,1.3970037647014204,2.627083268999968,900,1,66.82333095627413,68.11488864480377,1.1359001806947568,-0.0127331366828211,-0.0001869361741046,0.0166762392671311,4.62086807537017,5.058120809973206,300,,,,,,,,
3,1014,Stationary Skew-t Neural Model,0.10416661215238066,0.08447591878636235,0.05922834447925073,1.0,0.5547409887263949,3.963620724000066,500,1,1732.0573794936822,1753.2882025117824,33.143411414431675,-0.3037610464829937,-0.0001732522046562691,0.0189035729362406,303.0642275177438,1403.8804349400928,300,,,,,,,,
3,1015,Gaussian Neural Model,0.27479991247969116,0.16617322819011504,0.1365968576440909,0.875,1.0109516330038084,2.5890905010001006,500,1,1760.3860003500952,1798.151673527599,41.212248001245925,-0.33702274240863067,-0.00018742731626607563,0.022919227898276266,240.3721512654344,1100.6338055990718,300,,,,,,,,
3,1015,Proposed Adaptive NSST-BNF,0.22441787648860406,0.14590176493497306,0.11008198401197118,0.9375,1.2918204975514602,8.08734554900002,800,1,2322.2150651791003,2352.737053504886,28.499930063995798,-0.277140400300716,-0.00011779488910070009,0.01211352115253988,136.04916635863762,466.9339378226445,300,,,,,,,,
3,1015,Sparse Variational GP,0.3405515161788763,0.256879458375382,0.1973088166580536,1.0,1.7112887157599594,2.722965022000153,800,1,69.89864812096761,70.88033403715147,0.6999371195128521,-0.0079473082964158,-0.0001121228956433,0.0098749128234352,3.370485831150631,12.835225455633624,300,,,,,,,,
3,1015,Stationary Skew-t Neural Model,0.28118817894103276,0.17796429400937086,0.137033928902364,0.9375,1.0741936288667078,3.378385874999367,500,1,1768.2292758292294,1805.4808886171897,41.095039751179115,-0.32689176478518844,-0.00018105523400779573,0.022761270977868734,244.4119452848343,905.1412811509922,300,,,,,,,,
3,1016,Gaussian Neural Model,0.4816484490181194,0.3206697641107418,0.24239859747014778,0.625,0.8236647672530167,2.1322187390014733,500,1,1772.378343077874,1803.2713308118498,39.29952448994337,-0.279622426975444,-0.0001550639785580993,0.021793461593076144,668.0087320644337,2403.284422137607,300,,,,,,,,
3,1016,Proposed Adaptive NSST-BNF,0.42058169705841575,0.28359460226535604,0.2019892265131771,0.75,0.9227520181914859,7.668627123999613,800,1,2419.6251015175685,2452.6770181398456,37.88050023752415,-0.2303191672267819,-9.390521683994904e-05,0.015444553015893382,455.35963081085447,2321.4938929571185,300,,,,,,,,
3,1016,Sparse Variational GP,0.1989998056084251,0.1524120504486248,0.1069482067609954,1.0,1.0650104808425824,2.165244153000004,800,1,32.106903372673045,32.63175575449571,0.3807353414833197,-0.0043012120252822,-0.0001318106220714,0.0116676327301467,2.228423921445528,16.5672012337376,300,,,,,,,,
3,1016,Stationary Skew-t Neural Model,0.3952543279078389,0.2657906695140665,0.19381790071259353,0.8125,0.7921394344958448,2.792061216001457,400,1,1762.2551271410564,1817.9155722178657,65.67304739525792,-0.5927270610545712,-0.00032604762845583695,0.03612546611014309,607.5605893335977,3887.6531669212195,251,,,,,,,,
3,1017,Gaussian Neural Model,0.2407267510515538,0.16555736535534585,0.11025996613834665,1.0,0.7143937307835909,2.1203480629992555,500,1,1645.697199532715,1662.81253356017,29.077070177673676,-0.2170201207948111,-0.0001305138832037544,0.017486679701299884,299.58209468802795,1389.4945563559363,300,,,,,,,,
3,1017,Proposed Adaptive NSST-BNF,0.18372340343874596,0.12378558710487761,0.08415782309217446,1.0,0.8139393922802536,8.3054117770007,800,1,2287.8708616940944,2322.125176023284,29.61668823898776,-0.1999047490125129,-8.608698233695408e-05,0.012754130804312326,252.75609529711568,1022.7662696251077,300,,,,,,,,
3,1017,Sparse Variational GP,0.1749366053940938,0.1352617629891196,0.116003681742756,1.0,1.4811572614982005,2.771903949000034,800,1,52.6796903717045,53.16517407588676,0.6246587302277193,-0.0066765449829258,-0.0001255811741234,0.0117493968765358,126.46640949762144,347.1368940309981,300,,,,,,,,
3,1017,Stationary Skew-t Neural Model,0.20889384199460542,0.151073828284435,0.10613176018505717,1.0,0.7875707359743184,3.1688464429989835,500,1,1648.393129815604,1681.024906247579,35.05909392132071,-0.2228995706865289,-0.00013259742307095861,0.02085578493871359,311.4295120243446,1440.9047784457252,300,,,,,,,,
3,1018,Gaussian Neural Model,0.31643700508898015,0.1689007467682508,0.1211006024207083,1.0,0.9540634006798451,2.182853263000652,500,1,1440.4559440404187,1464.1581864747006,24.3615597906775,-0.21634827555635255,-0.0001477629108349699,0.016638611876585257,78.65875541373663,293.85996177039294,300,,,,,,,,
3,1018,Proposed Adaptive NSST-BNF,0.2965541700579153,0.15833740546856653,0.1163809788850168,1.0,1.1794766688141278,8.507395513999654,800,1,2106.3906011410572,2092.3055132792865,23.445695118476177,-0.2026794025983584,-9.686893300811377e-05,0.011205674778216088,83.53145755493689,305.42227382214173,300,,,,,,,,
3,1018,Sparse Variational GP,0.2196046233048179,0.1742638893771508,0.1403292189780779,1.0,1.588760104059111,2.777046708999933,1000,0,56.05835428698219,58.87426745621028,1.732351002126519,-0.0199337930886215,-0.000338582439322,0.0294245869541389,59.34590960323224,354.7776498198839,300,,,,,,,,
3,1018,Stationary Skew-t Neural Model,0.33119727281564665,0.17178683340058193,0.1266584330090096,1.0,0.9908915588908755,3.163281689998257,500,1,1448.090056625196,1475.330451356219,24.240883019968823,-0.21663056955925775,-0.00014683528653537708,0.016430815887847377,86.03084228177144,212.39152230854606,300,,,,,,,,
3,1019,Gaussian Neural Model,0.4347177476067802,0.22034454177992818,0.163837153207723,0.875,0.8117887511740374,2.367846279001242,600,1,1742.2425739522002,1735.0757628121837,27.409574854227568,-0.13756900208495218,-7.928702886263734e-05,0.015797336025144253,279.8451977234315,1323.6734066651395,300,,,,,,,,
3,1019,Proposed Adaptive NSST-BNF,0.3761321041245901,0.18425291863523166,0.13421311673603048,0.9375,0.9375148900833082,8.501691969000603,800,1,2262.720612492797,2298.2133217358232,27.9466772015987,-0.2885445445640896,-0.00012555168044459596,0.012160175444675769,124.42110719083522,426.4362591429897,300,,,,,,,,
3,1019,Sparse Variational GP,0.4158669750503101,0.318426618473917,0.2299801396612844,0.875,1.2406828738424949,2.750069381000003,1000,1,43.43736929940374,44.22182569185748,0.591001147745693,-0.0065641911779198,-0.0001484378149301,0.013364467398154,5.984235130565354,127.06720709049034,300,,,,,,,,
3,1019,Stationary Skew-t Neural Model,0.4154164496747649,0.2127021443241468,0.15396637841028932,0.875,0.8862445488095492,3.81910376399901,600,1,1731.4551608488,1754.1335682025133,29.76104539660845,-0.09377817941919875,-5.346125353230347e-05,0.016966236742795487,342.00204005563415,1492.7616024786757,300,,,,,,,,
3,1020,Gaussian Neural Model,0.3105086315544695,0.2556283820723581,0.16826613964359907,0.875,1.064404924613773,2.2505012940000597,500,1,1633.7908504020027,1675.0160793471232,43.36655737756399,-0.3287882827741059,-0.00019628962780002604,0.025890233480306113,212.04189896757953,881.9482618306423,300,,,,,,,,
3,1020,Proposed Adaptive NSST-BNF,0.24697228744878902,0.1983497010816586,0.13235259734657057,1.0,1.3086929393574993,8.764374387001226,800,1,2182.9238604836137,2213.376802358819,28.917779167352627,-0.24532921578873038,-0.0001108393363151183,0.013065005080262263,104.96046996179626,368.9490545800434,300,,,,,,,,
3,1020,Sparse Variational GP,0.3825816112257699,0.3164258985793685,0.2222627994956686,1.0,1.5116144494841768,2.4677116109999133,900,1,56.88754486509839,57.83864238796781,0.8055860006886665,-0.0090606666713705,-0.0001566542072442,0.0139281623397204,2.9577824946743263,3.8334625527723967,300,,,,,,,,
3,1020,Stationary Skew-t Neural Model,0.3169544439621575,0.25689818737530534,0.1727620016927539,0.875,1.12913530414623,3.949374269001055,600,1,1661.7710369078507,1646.5424718243119,37.40163505146669,-0.08664331515486932,-5.2621366674417754e-05,0.022715256782916117,205.11235790169545,893.8753031050328,300,,,,,,,,
3,1021,Gaussian Neural Model,0.20638496484205515,0.1600614319528321,0.11042212674720649,1.0,0.716919913550629,2.6556127579988242,600,0,1681.5594586491547,1708.667004517067,48.83279321646741,-0.1151311509014226,-6.738068365401771e-05,0.028579467554164746,237.65467073427428,942.1034874798348,300,,,,,,,,
3,1021,Proposed Adaptive NSST-BNF,0.21321912008272328,0.1570670189114164,0.10016262619919329,1.0,0.8192847861986514,8.200764170000184,800,1,2327.9919940284863,2320.2995298186147,31.279808786717886,-0.22962573708365056,-9.89638338208865e-05,0.013480935708832005,157.49218749545616,726.1545668321099,300,,,,,,,,
3,1021,Sparse Variational GP,0.3763146219780298,0.3100422598976363,0.2161904523546367,1.0,1.6615276485838084,2.1611904080000386,600,1,66.17461754813633,67.25799902917511,0.8984896875983264,-0.0099112225320151,-0.0001473612458752,0.013358852486952,82.28632039089435,119.21933927984682,300,,,,,,,,
3,1021,Stationary Skew-t Neural Model,0.19216529793525597,0.15203643700774905,0.10257374877859664,1.0,0.7691412693541191,3.3054433209999843,500,1,1895.9966064752175,1740.5814920648847,31.531300563531545,-0.2558820129407829,-0.0001470094988986842,0.018115383110345124,332.19046737430915,1447.2770234364748,300,,,,,,,,
3,1022,Gaussian Neural Model,0.34418646616626325,0.21604502231208667,0.14962075103104538,1.0,0.8728003256717718,2.184149996000997,500,1,1809.9893372944048,1827.8414697323863,51.599891599837726,-0.28786310870462894,-0.00015748800619277707,0.028229960012556465,632.4069760285106,2768.634761198752,300,,,,,,,,
3,1022,Proposed Adaptive NSST-BNF,0.3011393134727104,0.19437774788210566,0.1273879067334333,1.0,0.9382483898618883,7.761350942000718,700,1,2484.38984997908,2471.9573382480526,41.78184714295727,-0.23117266664888278,-9.351806484359533e-05,0.016902333424803056,531.245888291161,2426.37701837488,300,,,,,,,,
3,1022,Sparse Variational GP,0.274094324567295,0.2459934428604419,0.1566716998175294,1.0,1.415313933377487,4.358577442999831,900,1,48.44207949490322,49.14100453453274,0.5986204253407887,-0.0067100754058847,-0.0001365473797176,0.0121816888159074,2.7559142882808576,10.149812753921903,300,,,,,,,,
3,1022,Stationary Skew-t Neural Model,0.3312971104554398,0.2112843451721098,0.14402485514783647,1.0,0.8761676348972609,3.9961222679994535,600,1,1780.6060070595113,1806.446203527009,43.01327247916522,-0.11975506607177923,-6.629318151736959e-05,0.023810989995264525,670.3701442658902,3371.550701738932,300,,,,,,,,
3,1023,Gaussian Neural Model,0.5445112213877877,0.426908552659572,0.302959398049096,0.625,1.1196505902636307,2.3797453669994866,500,1,1744.6799415555663,1783.1719047063302,38.267355885065626,-0.3325498116618592,-0.00018649341142273464,0.021460273002320458,246.2836572848444,991.6950054207359,300,,,,,,,,
3,1023,Proposed Adaptive NSST-BNF,0.4526468139634302,0.32318638110135434,0.2087797589265573,0.875,1.3079021823070596,9.612223599000572,800,1,2300.8343472010833,2328.8640737067085,34.73384753392473,-0.26176938826536056,-0.00011240217547291987,0.01491450184923889,171.44365765987195,641.5723604091701,300,,,,,,,,
3,1023,Sparse Variational GP,0.5021570838807033,0.3786564353930587,0.274485728636471,0.875,1.83081333435068,3.451592315000198,900,1,68.21887315418914,68.89540514414311,0.5599742329681971,-0.0063251747375147,-9.180836841413646e-05,0.0081278893969287,2.5955578349354367,8.502148408502725,300,,,,,,,,
3,1023,Stationary Skew-t Neural Model,0.5676732340308006,0.4267439479350189,0.30272612524218484,0.6875,1.1353473873723772,3.196752376999939,500,1,1755.9738209928635,1782.187088752867,35.76074200494703,-0.3053634989677612,-0.0001713419993304111,0.020065649802216638,314.5832021255202,1207.9255121682909,300,,,,,,,,
3,1024,Gaussian Neural Model,0.2746491878909535,0.20368974367918807,0.14843706605848167,0.8125,0.6042815426037504,2.2019161749994964,500,1,1564.4428828729192,1596.1582175015976,42.95264642663903,-0.2597166367358565,-0.0001627135918533066,0.02691001803935894,147.3268096719442,538.8244823638521,300,,,,,,,,
3,1024,Proposed Adaptive NSST-BNF,0.2456846751707846,0.1821678818632481,0.12349130268351106,0.8125,0.6338032412737218,11.104507887999716,800,1,2136.61207820631,2157.026022976536,30.76299011083769,-0.23982823149100896,-0.00011118467229248523,0.014261761231970227,114.11077209031487,502.1266559254886,300,,,,,,,,
3,1024,Sparse Variational GP,0.2148501931443557,0.1578891407031136,0.1161198070043617,0.9375,0.980137351776838,3.9914978390002034,1000,1,36.47076640255517,36.938262848984216,0.3938144907799858,-0.0042462299445506,-0.0001149547817641,0.0106614242361645,2.8511840080924244,3.3424122672970777,300,,,,,,,,
3,1024,Stationary Skew-t Neural Model,0.27351888800501695,0.2024512265269356,0.14518031894802244,0.8125,0.6044175188753912,4.335689215000457,600,1,1570.1174034030537,1591.8943025592653,29.248789764200385,-0.1358643345032168,-8.534758512847845e-05,0.018373575253820253,153.80842058884147,534.3318356065047,300,,,,,,,,
3,1025,Gaussian Neural Model,0.2671611872208902,0.14658109210219328,0.10095890034906832,1.0,0.6798053397445216,2.4649162519999663,500,1,1506.7531826175898,1533.4841182322004,25.85448381481358,-0.25605417945194253,-0.0001669754361376246,0.016859961904671435,88.20017697230719,314.4796043024727,300,,,,,,,,
3,1025,Proposed Adaptive NSST-BNF,0.26142230874478267,0.13604526571835712,0.09477011262435214,1.0,0.8854581840356875,10.74014200000056,800,1,2101.0620577856153,2127.936171771565,26.959106296698597,-0.19928724377491738,-9.365282963774482e-05,0.012669132962881302,77.18820517938931,199.43153542725074,300,,,,,,,,
3,1025,Sparse Variational GP,0.3454161938916554,0.2410745648066368,0.1814870223686919,1.0,1.455455554012295,3.702997433999826,900,1,59.58506163128756,60.827551816848285,1.055805088809765,-0.0118867623386296,-0.0001954174051656,0.0173573497087105,3.658815905579868,4.069311430210173,300,,,,,,,,
3,1025,Stationary Skew-t Neural Model,0.27243696635449033,0.15028449831442792,0.10300323932371618,1.0,0.7285612601214846,4.035659786999531,500,1,1505.260162619582,1535.2561277290317,27.67207242234444,-0.2637425788033049,-0.00017179060486372116,0.01802440122045125,84.70193148919819,291.29072278214903,300,,,,,,,,
3,1026,Gaussian Neural Model,0.32057212458705914,0.23896747825634518,0.17418535959496492,0.8125,0.7438323136556946,3.204224548999264,600,0,1686.7039602826253,1712.0239482319164,56.81847898276991,-0.11993209432737109,-7.005281348501595e-05,0.03318789964442312,437.8707475467867,1840.8421596611695,300,,,,,,,,
3,1026,Proposed Adaptive NSST-BNF,0.2855907619897113,0.21888323107080787,0.14731236909737438,1.0,0.9431235895356821,11.605092412000886,800,1,2378.6863883356837,2409.306437362117,44.04098979432627,-0.19694227043829338,-8.174230865124819e-05,0.018279530204777735,311.599995146049,1618.6230465463846,300,,,,,,,,
3,1026,Sparse Variational GP,0.3131547032131178,0.2511932803268675,0.2010273107441187,1.0,2.275576396102356,3.919425998999941,900,1,86.91557907627977,88.4485022962305,1.0914242604961135,-0.0124527378435426,-0.0001407908276596,0.0123396579044461,117.08405514369372,194.1575061462079,300,,,,,,,,
3,1026,Stationary Skew-t Neural Model,0.32483179763191233,0.24280148124402662,0.17390405159192465,0.8125,0.7901586118884226,3.561054638999849,400,1,1699.670172712821,1785.399531050268,152.9289529854409,-0.9523730554793968,-0.0005334229335879568,0.0856553115007708,450.05732136845273,3110.585277547943,251,,,,,,,,
3,1027,Gaussian Neural Model,0.40998404664430815,0.2929349478636781,0.19868615637826187,0.9375,1.230198846271806,2.45691234700098,400,1,1930.6109810389316,2020.836455194622,109.36524771313691,-0.859264649118003,-0.00042520246846756776,0.054118801861481734,909.0938292328956,4748.907777908088,251,,,,,,,,
3,1027,Proposed Adaptive NSST-BNF,0.3320794114930044,0.2411022634931094,0.15978912930535927,0.9375,1.4851009728921887,10.932599878000474,800,1,2519.0835384906127,2543.8677307250828,45.664430873510035,-0.3195305222835403,-0.00012560815109379287,0.017950788211969736,422.0812362668497,2128.037221394685,300,,,,,,,,
3,1027,Sparse Variational GP,0.5720749095108387,0.4611225205544604,0.3071271237446731,0.9375,2.1532094040934364,2.4815931339999224,700,1,82.842930039828,84.06871975753351,1.0282707264752873,-0.0113243951699232,-0.0001347040278784,0.0122313118296669,67.17152849963378,237.62117380639395,300,,,,,,,,
3,1027,Stationary Skew-t Neural Model,0.43728894394869544,0.30752458795593096,0.2082366752997692,0.9375,1.224760340454588,4.372547676000977,600,1,1934.0931196010201,1952.6606055106677,66.86307150644336,-0.18940107449658122,-9.699641297728143e-05,0.03424203433906889,622.9814247376366,3936.867839866702,300,,,,,,,,
3,1028,Gaussian Neural Model,0.364554916841557,0.2571435875975071,0.1807457303453665,0.6875,0.7601113165116695,2.6451602960005403,500,1,1713.803946718813,1751.3782879898251,38.96135653180062,-0.35212128434566875,-0.00020105381387925156,0.022246111419206398,336.8442344261649,1313.1295720182236,300,,,,,,,,
3,1028,Proposed Adaptive NSST-BNF,0.22054711938537955,0.17372766710743467,0.1125206548164869,1.0,0.8346649850454251,10.08122976300001,800,1,2273.071568979953,2306.616937059696,31.166363395064973,-0.2703072972918723,-0.00011718777095101013,0.013511720517752518,184.5912931552694,699.5615345288668,300,,,,,,,,
3,1028,Sparse Variational GP,0.4335452606484916,0.3396168172751692,0.2316508687113044,1.0,1.867211366425471,3.429950971999915,800,1,73.53646123606951,74.63448142456876,0.7377483964949718,-0.0084491729670528,-0.0001132073648236,0.0098848197564095,3.279168325818687,34.13584126250552,300,,,,,,,,
3,1028,Stationary Skew-t Neural Model,0.3841196412868846,0.26137372483300947,0.18736949478071416,0.6875,0.7515308782313944,3.3599646239999856,400,1,1729.5874701191822,1793.4817277905843,68.08108234312476,-0.7097193615642718,-0.0003957215457324926,0.037960287684109716,449.91699100350746,1640.3270616757227,251,,,,,,,,
3,1029,Gaussian Neural Model,0.2142577186630712,0.139630082229376,0.09693210714368133,1.0,0.8389144276103366,3.0356575900004827,500,1,1612.9759181054949,1654.3279758011781,36.65186857469818,-0.31903970064363774,-0.00019285154171991146,0.022155140401919363,247.26662896635622,1259.726499170065,300,,,,,,,,
3,1029,Proposed Adaptive NSST-BNF,0.2542555835519799,0.15947326103341009,0.10604848720634025,1.0,1.0470744004330688,9.64561243999924,800,1,2185.3301866033185,2211.631538949052,27.51567389479179,-0.2578991971303721,-0.00011661038133545675,0.012441346313892316,123.88330938815048,471.9304179675825,300,,,,,,,,
3,1029,Sparse Variational GP,0.2870076473394414,0.2159381968450304,0.1600857434484393,0.9375,1.5174223321969889,3.745534708999912,1000,1,58.2049485416936,58.97960043777663,0.6168427130428075,-0.0067771973810781,-0.0001149074820916,0.010458577346477,4.863408695809781,85.05724225200329,300,,,,,,,,
3,1029,Stationary Skew-t Neural Model,0.22658146031706886,0.14999213048962529,0.0996390563897474,1.0,0.8963331568557223,4.026026429999547,500,1,1619.9562787315438,1664.315727630505,56.097953496647115,-0.33691312831887144,-0.00020243342217196746,0.03370631699582268,310.85891090993215,1490.946905784767,300,,,,,,,,
3,1030,Gaussian Neural Model,0.24294062046734025,0.1693654276757094,0.12099862628033359,0.9375,0.7577077724859671,2.6469107369994163,500,1,1676.1816810382863,1700.8467386043035,33.27984456916666,-0.31354488783414114,-0.0001843463498018831,0.019566633379604636,176.81315794421818,938.7681862983063,300,,,,,,,,
3,1030,Proposed Adaptive NSST-BNF,0.20706805925137692,0.1370113064433477,0.10232238727112675,1.0,1.0098524236613111,9.734926630999325,800,1,2233.550253062381,2268.140615633488,31.086482300416588,-0.27361865727460216,-0.00012063566755458008,0.013705712108917979,127.40557834904868,350.5233914413313,300,,,,,,,,
3,1030,Sparse Variational GP,0.3823878572315389,0.2742878290467339,0.2125541592661426,0.9375,1.92013138824157,3.2728646300001856,900,1,70.67569912659806,71.787713778829,0.987669432561099,-0.0110207573618999,-0.0001535187120717,0.0137581959442809,7.226137856919291,60.689639171311526,300,,,,,,,,
3,1030,Stationary Skew-t Neural Model,0.23625981560493095,0.16243817338306166,0.11629695069061052,0.9375,0.7812699060535298,3.582961931000682,600,1,1671.4093671990765,1689.9888854883463,28.538752874282515,-0.11882085287219585,-7.030865936012403e-05,0.01688694707955776,176.31134491430117,662.9538503313647,300,,,,,,,,
3,1031,Gaussian Neural Model,0.47741561355865747,0.3491763310468743,0.24535757297508715,0.875,1.048771898182892,2.576036570000724,600,1,1775.4077207610223,1809.736435437405,31.63791311415635,-0.1545067136510142,-8.537525720626306e-05,0.017482055671001397,517.3712125410143,2097.4020969261082,300,,,,,,,,
3,1031,Proposed Adaptive NSST-BNF,0.3719145049131475,0.2655446922093703,0.17827402329868014,0.9375,1.168409366265685,9.605555488999016,800,1,2271.1981449993377,2307.6711731908076,32.67933703033439,-0.28520409031056504,-0.00012358957100296676,0.014161175738547182,154.50418999358425,562.2725003515008,300,,,,,,,,
3,1031,Sparse Variational GP,0.4118179314502176,0.3057910384510932,0.2252941472994226,1.0,2.178966410064606,3.475203582999711,700,1,75.38701910809436,76.37876720036036,0.7600909656423521,-0.0084404063479268,-0.0001105072346321,0.0099516003400321,3.3811418524370818,112.40876769598984,300,,,,,,,,
3,1031,Stationary Skew-t Neural Model,0.47968706270324735,0.3372248503171146,0.23806646077253904,0.9375,1.0434959955145082,3.498939999000868,500,1,1764.7279400699454,1797.1676110589426,46.942469591754644,-0.36457703863275076,-0.00020286201264106433,0.026120251279230865,330.79065480421076,1412.7092911761047,300,,,,,,,,
3,1032,Gaussian Neural Model,0.3136618691255861,0.1972539860556381,0.14717645421461156,0.875,0.9536738501755018,2.1304394899998442,500,1,1724.6092134814762,1723.6035643631067,46.142477112721814,-0.24278506572212744,-0.0001408589949231391,0.026770933912388384,652.6530389717705,2664.7141686514824,300,,,,,,,,
3,1032,Proposed Adaptive NSST-BNF,0.30213887094794734,0.18316537104190742,0.13914805264928026,0.875,1.1605475888715768,9.000430305999544,800,1,2415.587857851861,2400.4757330344214,35.837776126414276,-0.23592210441525216,-9.828139529535044e-05,0.01492944737296387,359.93427817811124,1703.0367275089611,300,,,,,,,,
3,1032,Sparse Variational GP,0.3735304528750666,0.2920980734696605,0.2142706505051748,1.0,2.1896572769907507,3.806769777000227,1000,1,77.38837903628834,78.6732640219607,1.0185609639013122,-0.0111112377752637,-0.0001412327035543,0.0129467230902861,8.067401786940902,78.00261113233488,300,,,,,,,,
3,1032,Stationary Skew-t Neural Model,0.3279546017761964,0.19887079494615906,0.1473785168505941,0.875,0.9731780728332152,3.428556655999273,400,1,1763.05651959771,1830.8763605420836,89.24010354197293,-0.6746460352484595,-0.00036848257467735876,0.04874174218708618,812.1470689817068,4087.615801267944,251,,,,,,,,
3,1033,Gaussian Neural Model,0.21869461427117637,0.16520356376132295,0.11703810558146102,1.0,0.9523599114467338,3.00056079100068,500,1,1679.0227761083881,1720.0583956318665,72.71360955734164,-0.2870293308962845,-0.0001668718525052422,0.04227391915414019,143.4647065193622,1014.7373832316905,300,,,,,,,,
3,1033,Proposed Adaptive NSST-BNF,0.20222774195154863,0.1593259869422475,0.11713764696318814,1.0,1.309233108110247,8.92064448200108,800,1,2314.594676389841,2338.744998433133,27.40935604353912,-0.231904187468153,-9.91575343286761e-05,0.011719685584320778,108.08298830784221,399.1659387225622,300,,,,,,,,
3,1033,Sparse Variational GP,0.514143312597343,0.3808161098767856,0.2898848935234954,1.0,2.8182862362580146,4.379676117999679,1000,0,107.7237574912109,110.32479442157064,1.6067071651244234,-0.0184989872547619,-0.0001676775139419,0.0145634276823113,32.33022502115891,225.63008853180665,300,,,,,,,,
3,1033,Stationary Skew-t Neural Model,0.21778380540269343,0.16763334096882934,0.11602465951633813,1.0,1.0330554149930185,3.4635641370005033,500,1,1694.1153420554308,1717.5179142077106,62.17699238453245,-0.3202719205915144,-0.00018647370018219306,0.036201655814003315,132.2361838670111,865.296666321601,300,,,,,,,,
3,1034,Gaussian Neural Model,0.1620049696425522,0.1288733022157712,0.08968757878502262,1.0,0.7999951352595602,2.326961750999544,500,1,1804.0993955871259,1833.6731665653317,53.55226078345897,-0.38901769326497365,-0.00021215214377251628,0.029204910536902343,392.83242139059945,1636.679152515419,300,,,,,,,,
3,1034,Proposed Adaptive NSST-BNF,0.12201952278694912,0.09938710902396024,0.07552665742837981,1.0,0.967345774697883,9.32728482299899,800,1,2334.6889758477923,2374.643969162559,34.53597984276196,-0.29477463696301903,-0.00012413424529782207,0.014543645401690002,168.97404884383369,755.6621675056479,300,,,,,,,,
3,1034,Sparse Variational GP,0.2887929068197955,0.2235607158604606,0.198752908020162,1.0,2.4802193992076123,3.157416970999748,700,1,92.07721631379266,93.364494122637,0.9552562536749112,-0.0108277190400553,-0.0001159725561821,0.0102314724955307,12.76593004599723,164.95603824015055,300,,,,,,,,
3,1034,Stationary Skew-t Neural Model,0.1774561350398289,0.1378889156967314,0.0971532031485783,1.0,0.8026695128089196,3.1218855429997348,500,1,1821.9114244499174,1826.2528241333637,42.53011173712876,-0.35873204329834185,-0.00019643065766021504,0.02328818396615547,378.95728849384636,1567.8717601655,300,,,,,,,,
3,1035,Gaussian Neural Model,0.15184916977227375,0.11345270800237044,0.07247203754683867,1.0,0.7443454747391782,2.269327381000039,500,1,1418.7416575478028,1444.2857164315058,21.884009792642306,-0.2043699919956618,-0.0001415024670469029,0.015152133365074462,85.45969479637489,207.3440951376893,300,,,,,,,,
3,1035,Proposed Adaptive NSST-BNF,0.14908733224340254,0.10228924572042941,0.07273545945556266,1.0,0.853715794889046,9.920346830998824,800,1,2058.3571525842995,2083.691873545555,38.76637419960224,-0.18062455317632198,-8.668486711952085e-05,0.01860465776719587,85.55586159790698,320.01750676156047,300,,,,,,,,
3,1035,Sparse Variational GP,0.3823430731596148,0.3258420361921952,0.2286802303832137,1.0,2.189918685792982,4.052115171999958,1000,0,83.23681474831932,84.53859247594244,0.7951153534281105,-0.0091533971099003,-0.0001082747753637,0.0094053535804298,18.088474430040808,261.7567238915509,300,,,,,,,,
3,1035,Stationary Skew-t Neural Model,0.14486676013194008,0.10396039405328256,0.0687677537693056,1.0,0.6781595644483601,3.3873346670006867,500,1,1422.6380650250194,1450.4643629401403,27.48580148740557,-0.20295681844496782,-0.00013992540846268525,0.01894965653047201,83.20229870884886,255.4752138468398,300,,,,,,,,
3,1036,Gaussian Neural Model,0.15065545862855836,0.09493872768266014,0.06570423217221001,0.9375,0.7474797174117156,2.139068677999603,500,1,1511.6620463465124,1544.057649280827,24.697016013794148,-0.2531999712895319,-0.00016398349595785124,0.015994879482185927,94.35221897422296,315.2933146517056,300,,,,,,,,
3,1036,Proposed Adaptive NSST-BNF,0.14923375703141542,0.08524856177238449,0.06452750805061576,1.0,0.8644036081292463,9.213260079000975,800,1,2129.9133060502095,2160.3810404415485,22.634431902657614,-0.23233802173807383,-0.00010754492720903875,0.010477055426311034,85.0913869675498,208.06707513892135,300,,,,,,,,
3,1036,Sparse Variational GP,0.3297761646842032,0.2817571170613636,0.1958820015312704,0.9375,1.4593132692971138,4.567206961000011,900,1,58.10943940544215,58.95058616299436,0.6924310965858538,-0.0078244092421605,-0.0001327282687321,0.011745957786939,2.773865759737143,2.872928171120711,300,,,,,,,,
3,1036,Stationary Skew-t Neural Model,0.1668338440089904,0.09972029130938989,0.07213690748198734,1.0,0.7950934004657113,4.241212061999249,500,1,1525.7579217706357,1553.7792735329372,32.61355377834891,-0.24468816414425937,-0.00015747935907775017,0.020989824187957636,98.88328693797857,445.43003618960137,300,,,,,,,,
3,1037,Gaussian Neural Model,0.47212502769765224,0.37470161854367495,0.30078166646773935,0.4375,0.7270023914461032,2.9150187199993525,500,1,1804.9058402316045,1843.4472284977414,44.996235064867214,-0.29989299549859755,-0.0001626805426608201,0.02440874594578736,420.36092641389666,2116.605354636721,300,,,,,,,,
3,1037,Proposed Adaptive NSST-BNF,0.43963932568141784,0.3316590890321335,0.25595776726991104,0.5625,0.8077815643182624,8.675159161999545,800,1,2431.789535703243,2460.509829260212,33.14997060564871,-0.24877090742069105,-0.00010110543126563634,0.013472805599649126,293.38169807294116,1261.0857939912985,300,,,,,,,,
3,1037,Sparse Variational GP,0.42065337650118,0.2626841328314589,0.2073858308163048,0.9375,1.7363339981586647,5.32383789800042,900,1,68.7333251087243,69.57538270966764,0.6741511187842778,-0.0076326111568114,-0.0001097027549048,0.0096895064393313,3.026614398488575,23.68870800175817,300,,,,,,,,
3,1037,Stationary Skew-t Neural Model,0.46724739301321694,0.3711471953162948,0.2979268494985122,0.4375,0.7310894062751059,3.8915312590015674,600,1,1817.6705051544013,1841.0119591468285,48.454135697177506,-0.1681104325211858,-9.13141447484634e-05,0.02631929437309704,422.22965253838356,2267.3286775048405,300,,,,,,,,
3,1038,Gaussian Neural Model,0.26453093841413505,0.20600747957385115,0.1452902444739304,0.875,1.0441977383501673,1.8581143119990884,400,1,1434.0959850323054,1474.7436342636468,38.76262863420559,-0.42261207579057775,-0.00028656646889111114,0.02628431663213119,77.77308295836283,329.27489840396373,251,,,,,,,,
3,1038,Proposed Adaptive NSST-BNF,0.2547026327770079,0.19843664253848012,0.1456750645633676,0.875,1.3600559782423247,8.401065576001201,800,1,2113.298939778355,2114.861816510632,22.416516572718265,-0.19607487921995762,-9.271285607844904e-05,0.010599518322054666,82.22938223087598,195.33530374376576,300,,,,,,,,
3,1038,Sparse Variational GP,0.5995246703333033,0.4292810799327905,0.3111789731253476,1.0,2.114568515312987,3.232220231000156,900,1,66.36662093245751,67.24776786102372,0.7357901082015098,-0.008301948286709,-0.0001234531427699,0.0109414800164386,2.4290619944269904,2.820073514244708,300,,,,,,,,
3,1038,Stationary Skew-t Neural Model,0.25164750894010196,0.19903592453715185,0.1404357670186681,0.875,1.0972345479391743,3.290240732998427,500,1,1433.4150325021346,1451.2894017169353,24.407556757552893,-0.18573221232402828,-0.00012797737798146894,0.016817842622345158,80.5899458525744,205.1091256821239,300,,,,,,,,
3,1039,Gaussian Neural Model,0.11228573331277648,0.08152738062762227,0.057813390567504515,1.0,0.6526033582048357,2.1391846610003995,500,1,1427.9442598598225,1451.9206990318257,21.347529869213822,-0.20968915955500084,-0.00014442190933349616,0.014702958559271753,73.25061829697205,149.49355913202945,300,,,,,,,,
3,1039,Proposed Adaptive NSST-BNF,0.09825591652689918,0.0719822766521408,0.0548638426949605,1.0,0.7370922922273501,7.455810535999262,700,1,2082.276033269566,2125.2748599457996,32.42214645565274,-0.24183533722865652,-0.0001137901462942181,0.015255507448330508,76.05266885014144,170.80472992614503,300,,,,,,,,
3,1039,Sparse Variational GP,0.3861147660309539,0.3219355559223243,0.2241203500600437,1.0,1.292524796728221,4.130390523000187,900,1,50.26406143439573,50.84924554509648,0.4749531030425785,-0.0053781094339477,-0.0001057657665574,0.0093404159285185,2.115471972683432,8.54909163743338,300,,,,,,,,
3,1039,Stationary Skew-t Neural Model,0.10401889890924179,0.07741821216821651,0.05333937169493255,1.0,0.6216372793233255,3.296496606999426,500,1,1441.1654097982635,1460.9922038794755,21.337566859624445,-0.19686806898763387,-0.00013474956845414788,0.014604846489231967,78.72160706765435,239.1668514158683,300,,,,,,,,
3,1040,Gaussian Neural Model,0.5077958351947566,0.395096291854775,0.27037472981155647,0.75,1.2737135444847372,2.071371674001057,500,1,2008.575466070351,2067.582461764839,65.97843223570995,-0.4845331529452004,-0.00023434767991387112,0.03191090728221418,641.9649567767005,2770.141225146971,300,,,,,,,,
3,1040,Proposed Adaptive NSST-BNF,0.4471712008229054,0.3377502194330231,0.21609491659293528,1.0,1.5712862586115226,8.260024547000285,800,1,2424.049310090331,2465.958433422202,40.984077167967776,-0.32130744014065565,-0.0001302971841641111,0.016619938362501502,150.6562827064891,561.4159954223641,300,,,,,,,,
3,1040,Sparse Variational GP,0.7852310331373147,0.5923935724507973,0.4286138774916827,0.9375,2.4513455627858303,3.5275370550002663,700,1,72.83427319857452,73.86421433493514,0.8198243678825139,-0.0090284198401964,-0.0001222299583294,0.0110990738243695,4.436496886108566,93.88506989026172,300,,,,,,,,
3,1040,Stationary Skew-t Neural Model,0.41650034238007283,0.31946353411958023,0.218766440181753,0.9375,1.2683882122340178,3.5628337830003147,600,1,1995.365328303414,2033.4080758532564,73.57482629981857,-0.15396654295187404,-7.571846732597769e-05,0.036183010765778116,526.6955093874335,1960.1311037880791,300,,,,,,,,
4,1001,Gaussian Neural Model,0.45058070420362367,0.30023115471786777,0.22497471663949134,0.8125,0.9813572333871771,1.8433585069997207,400,1,1811.8340389051182,1834.0977548937985,104.90012640372498,-0.7433136306474777,-0.00040527481627636476,0.057194403146630025,730.4488302851911,2964.2169964370964,251,,,,,,,,
4,1001,Proposed Adaptive NSST-BNF,0.40259611336668494,0.2816854317718366,0.20292706490005324,0.9375,1.2206777065073016,6.39540816599947,600,1,2436.6283150103077,2514.2245352469695,79.09777373743684,-0.5822521815887921,-0.0002315832072379319,0.031460107332723614,584.5226675635558,2170.366562073477,300,1.5221604410720933,-0.03534191384864882,0.7176256322911809,-0.046579048821474345,0.9296890821991143,-3.895925571786977,0.7798232199023892,0.568377346992201
4,1001,Sparse Variational GP,0.4081597283891109,0.3327463887837366,0.2334281698977429,1.0,1.99136996709084,2.846784998000089,800,1,70.14232906847056,71.75403259296075,1.1218415327221274,-0.0120483921781835,-0.0001679124049589,0.0156345433445669,135.2811238415852,461.2219847756251,300,,,,,,,,
4,1001,Stationary Skew-t Neural Model,0.4252402042343817,0.28755358587286467,0.21778772621954526,0.75,0.9860609631435964,2.57561254599932,400,1,1968.7148485431826,1837.3648129328526,146.69558721729925,-0.905426944316514,-0.0004927856122765549,0.07984020711877007,596.4677278323643,3436.502487416947,251,,,,,,,,
4,1002,Gaussian Neural Model,0.566157438276365,0.30510278933380475,0.23594533877123575,0.8125,0.7988536868928631,2.5160274429999845,600,0,1795.6234159589521,1795.566995911578,50.03682943389073,-0.07089339099535276,-3.948245381919675e-05,0.02786686854226115,690.9563253101528,2620.573919905911,300,,,,,,,,
4,1002,Proposed Adaptive NSST-BNF,0.5739307572673337,0.2842477758624449,0.22201783988898405,0.8125,0.9128533851844396,8.57208361099947,800,1,2424.3091662586926,2452.4771501651585,37.998591766739786,-0.2613018050913571,-0.00010654607121365432,0.015493963629459631,430.3566119737918,1596.7597174620553,300,1.3975606063979193,-0.0021205937081223425,0.6647238858710043,-0.0001584244344796648,0.8535175916728938,-2.928245311640622,0.6903798673264643,0.5986693042873279
4,1002,Sparse Variational GP,0.3888326008668608,0.291982642686326,0.2135336649328421,0.8125,1.0469824930455902,3.138844175000031,900,1,33.5800900485293,34.31735911583095,0.6645933589550588,-0.0073967843376153,-0.0002155406047606,0.0193660985599691,2.67541173737773,3.661612323326764,300,,,,,,,,
4,1002,Stationary Skew-t Neural Model,0.5727316031501662,0.30595681592005575,0.238554831096079,0.8125,0.8320219159886987,3.505274148999888,600,1,1789.3828058551633,1826.548526857011,57.70412572868148,-0.12448685993835866,-6.815414871707041e-05,0.03159189305962455,747.6119154697751,3676.983962055242,300,,,,,,,,
4,1003,Gaussian Neural Model,1.074755153609449,0.9257310506619583,0.7515668058322398,0.3125,1.6139096478396535,2.6148960139998962,600,0,1710.3674016110087,1794.9533327129288,123.75703021569956,-0.2850773691859459,-0.00015882160499129747,0.06894721325631938,439.827777834816,2090.833784290649,300,,,,,,,,
4,1003,Proposed Adaptive NSST-BNF,0.9372004175411665,0.8046520216134486,0.5780332860477151,0.625,2.6032298153641946,8.386994906999462,800,1,2342.841137738548,2302.29361789085,46.349001645647654,-0.24543129498565844,-0.0001066029515429487,0.02013166404383657,100.27831889694981,649.5463837822199,300,1.3844109019402524,-0.03929570113645564,0.6686353712852475,-0.016771701097853642,1.0072543076591167,-4.410219530458868,0.8331704764753771,0.5312319340829015
4,1003,Sparse Variational GP,0.8073231259777955,0.6765983974253986,0.4700734695867046,1.0,3.9494204200826215,2.384687476999943,700,1,111.19975525131966,112.88154205247336,1.340787787246922,-0.0146383865152095,-0.0001296791862429,0.0118778301825788,88.80746225269488,181.6065980257396,300,,,,,,,,
4,1003,Stationary Skew-t Neural Model,1.1011158906266678,0.9346513409290718,0.7693293968590089,0.25,1.528169980700366,3.810246487000768,600,0,1797.5406297780437,1815.0394272596513,105.29056397216289,-0.1194894379721951,-6.583297099644845e-05,0.0580100698589951,356.9605639780766,1749.7532062862447,300,,,,,,,,
4,1004,Gaussian Neural Model,0.3458199707168488,0.22446895943899214,0.1659039625965379,0.8125,0.83981123827894,2.21221117999994,500,1,1732.0424851920955,1731.8684093799695,42.698479987886515,-0.267547293012655,-0.00015448477006889925,0.024654575230212254,540.9339037492357,2305.241526288141,300,,,,,,,,
4,1004,Proposed Adaptive NSST-BNF,0.35340607415013797,0.19960806843326867,0.1476102793712252,0.9375,0.9634058828772586,8.29574864099959,800,1,2312.1743775938044,2346.0089969243686,31.863012701005548,-0.23203035572574326,-9.890429066126188e-05,0.013581794759857328,269.1047157171219,1205.8153483675726,300,1.6010910095065447,-0.0023549536621891853,0.6878044525870759,-0.00960772342616667,0.9335513500414635,-4.217062688666037,0.7496035109665543,0.6156548680096626
4,1004,Sparse Variational GP,0.3153857539467281,0.2550320410789587,0.1738458355614591,1.0,1.46339595304383,3.589395477000039,900,1,55.347999293192814,56.31835841241625,0.7916493795731305,-0.0089551380559502,-0.0001590092166815,0.0140566842125601,2.7247432973121724,5.203158638391702,300,,,,,,,,
4,1004,Stationary Skew-t Neural Model,0.3279667545938557,0.22084418181216897,0.1628638664785218,0.75,0.8000888070655578,3.2455835309992835,500,1,1772.0531916322188,1746.9366310644534,55.3194315649099,-0.3044329069908829,-0.0001742667144173306,0.03166653591275507,595.3230788697979,2527.1887434377795,300,,,,,,,,
4,1005,Gaussian Neural Model,2.420608236923904,1.8510313144647181,1.62349197119394,0.125,2.051405257055105,2.518276677999893,600,0,1855.8576977275943,2202.8280060164234,797.1432176058088,-1.3591740819220701,-0.0006170132566908794,0.36187265434642624,1897.0281691135085,7120.269602733435,300,,,,,,,,
4,1005,Proposed Adaptive NSST-BNF,1.8496194456163109,1.4832276506212452,1.1782769647708964,0.5625,3.1447565661184167,11.65344672900028,1000,1,2353.1456196210142,2361.5860584173015,89.16430038741616,-0.07700260261713775,-3.2606308096493284e-05,0.03775610889538053,240.59499981116437,1126.212716204669,300,1.4870674764967071,-0.007801150418167202,0.6718726008284196,-0.008274368792889675,1.0235002849765071,-4.617438923003888,0.8406291071918067,0.47950661095090275
4,1005,Sparse Variational GP,1.5417796607496763,1.037349637799357,0.7997100068223011,0.9375,4.275477919243192,4.139094871999987,1000,0,162.2712115715811,167.4809589920669,3.6315510401939934,-0.0412601714935592,-0.0002463573873822,0.0216833666468675,215.34082582515632,662.6565392283302,300,,,,,,,,
4,1005,Stationary Skew-t Neural Model,2.4024807615508945,1.8539640910599102,1.619560223320937,0.125,1.9655334907527946,3.628968184999394,600,0,1973.367806914991,2207.1100383802827,576.6452694602248,-0.729807557077113,-0.0003306620623286602,0.26126711375179257,1610.3120958985105,8643.12848061863,300,,,,,,,,
4,1006,Gaussian Neural Model,0.5566445439087471,0.5159577181562117,0.39250819607675874,0.4375,1.2529944970078324,2.438953496000977,600,0,1711.8293617690663,1730.4266493093821,86.12385685491549,-0.09401855248085442,-5.433258469428763e-05,0.04977030195951253,439.6025857501977,2509.054913056645,300,,,,,,,,
4,1006,Proposed Adaptive NSST-BNF,0.5621846265899105,0.48893693913993586,0.3312788337726069,0.875,1.861176593707257,10.962255417000051,800,1,2269.016804345494,2306.7633718386774,37.94548307674803,-0.23617788563388106,-0.00010238496436920102,0.016449664295866806,153.48875142058654,654.8762847201699,300,1.5438835827610848,-0.002257287375112771,0.7136021620342086,-0.01364970754425987,0.9773867527094746,-4.410565258392627,0.7989435502455036,0.5433876849634763
4,1006,Sparse Variational GP,0.7007828651055608,0.578175971361361,0.3891311941044049,1.0,2.803277527771516,2.3891099420000046,700,1,97.63774960086435,98.89778220349557,1.045378803095425,-0.0113324401265278,-0.0001145874040249,0.0105702957114286,4.137398792157718,93.58178988775202,300,,,,,,,,
4,1006,Stationary Skew-t Neural Model,0.5452970223988548,0.5039672722203343,0.38168712884735456,0.5,1.2356340598363624,4.028494599999249,600,0,1661.3743943501086,1718.5092710906135,124.49312075978024,-0.24858060061744888,-0.00014464897268764377,0.07244250749998771,452.26811874818765,2236.027169503157,300,,,,,,,,
4,1007,Gaussian Neural Model,0.6473791510630567,0.4462984460865576,0.33888736057210767,0.8125,1.2157526769888434,2.741972341998917,600,1,1860.8344753610165,1891.0613296532515,32.93108157861582,-0.1266003996875149,-6.694674450919502e-05,0.01741407381253685,340.7874180531047,1319.1006920314453,300,,,,,,,,
4,1007,Proposed Adaptive NSST-BNF,0.5656379613566748,0.36703489937451417,0.2707239426820854,0.8125,1.3974478951059077,11.778069272000721,800,1,2459.257248105632,2501.1725442685884,35.68366078790482,-0.2730850261060202,-0.00010918280177502815,0.014266772946022278,240.98925216531535,1126.3182736727372,300,1.433460915416939,-0.008555275783768801,0.6789874991960434,-0.02175217102681981,0.9463706965325672,-5.244821996116851,0.74082576229288,0.625737523089289
4,1007,Sparse Variational GP,0.183994646502486,0.1446355820922601,0.1120811654826888,1.0,0.9254837938741344,3.501083493999886,1000,0,20.608464526153405,22.354689067639708,1.1241333573627086,-0.0128577161798665,-0.0005751686431854,0.0502862443741137,11.076344612723808,170.0326886322779,300,,,,,,,,
4,1007,Stationary Skew-t Neural Model,0.6509487714904181,0.4399478228967318,0.33850402228080023,0.75,1.2013773976924371,4.143151078000301,500,1,1890.290979187611,1936.15718209976,64.55706413383577,-0.3977793897049885,-0.0002054478806692735,0.03334288389944854,392.83648218001156,1783.2092547742166,300,,,,,,,,
4,1008,Gaussian Neural Model,0.10218162558792998,0.08161628990087011,0.061526749027298745,0.9375,0.7311100438404734,2.971007082998767,500,1,1645.4619625749324,1599.6024748924033,29.015796672376815,-0.27976763950179495,-0.00017489822871186373,0.01813937970702911,145.94507713253734,553.3876661071432,300,,,,,,,,
4,1008,Proposed Adaptive NSST-BNF,0.10818314586992402,0.08113247622256609,0.07001243676828348,1.0,0.9800189526800106,10.732369631999973,800,1,2182.1613470023217,2191.115916335786,31.524753294667583,-0.2529740759546795,-0.00011545444678149625,0.014387533338439971,95.3688685695634,311.96979712333257,300,1.3935204215251416,-0.00014489714580134816,0.6630607148443034,-0.0011775220224021776,0.9403835303769081,-4.402105662817218,0.7432256996979499,0.580426191860293
4,1008,Sparse Variational GP,0.3698347773883814,0.3188858762367558,0.2077280838372309,1.0,1.5969162020353684,2.0773963699998603,600,1,57.79114892177377,58.76210414410827,0.8309240641118921,-0.0092320767585127,-0.0001571093631343,0.0141404749917415,17.03261945856378,73.98679634606182,300,,,,,,,,
4,1008,Stationary Skew-t Neural Model,0.1042020090576935,0.08583310237104835,0.0617401472237229,1.0,0.7445284361744176,4.669854629999463,500,1,1558.7858908257626,1590.072062073836,39.07331147889854,-0.23831671675528235,-0.0001498779347424418,0.02457329602278373,145.88221968731267,538.0830169484259,300,,,,,,,,
4,1009,Gaussian Neural Model,0.3143006087807516,0.25530166995254266,0.17742849307343142,0.9375,1.33708291990974,3.5040642889998708,600,1,1722.8855932266597,1748.6251591883467,32.15181244507392,-0.18139226962388058,-0.00010373422152296877,0.018386909439183467,287.33551047920923,1035.2816048486015,300,,,,,,,,
4,1009,Proposed Adaptive NSST-BNF,0.2582568458891007,0.21045800923883515,0.15592967140233796,1.0,1.7054917189903358,9.931167638998886,800,1,2261.83407854498,2304.7969284411342,32.4095112795824,-0.29716140880981073,-0.00012893170983649212,0.014061764348802212,172.040743602674,611.6345162651112,300,1.6199855154066838,-0.05286102540501392,0.7175439632185586,-0.04138934539219585,0.918615627298201,-3.4324009982966315,0.7252229467145598,0.6312014999326534
4,1009,Sparse Variational GP,0.3132779118334574,0.2158617655172386,0.1861533976759407,1.0,2.135864611041231,2.6006114429999343,700,1,64.66958912465583,65.83718402622442,0.9453900931641812,-0.0104859025783483,-0.0001592702168757,0.0143595159353655,6.133303833725138,141.93584517135372,300,,,,,,,,
4,1009,Stationary Skew-t Neural Model,0.3182998662073645,0.24804054256816194,0.18049123514401516,0.9375,1.4367225412068603,4.665985477000504,600,1,1756.037660876812,1781.5745203797464,31.44663426508013,-0.1737557362659875,-9.7529311448028e-05,0.017651035028485477,408.83103665098065,1457.6171854699353,300,,,,,,,,
4,1010,Gaussian Neural Model,0.3330297205661315,0.26515935468262886,0.20555430908472616,0.6875,0.8438876296898161,3.078459471000315,600,0,1926.1086695395936,1583.920886848069,107.24011109816517,-0.051230219189606935,-3.234392551736137e-05,0.06770547190116805,302.83453862708586,1504.789348472094,300,,,,,,,,
4,1010,Proposed Adaptive NSST-BNF,0.30871671294597497,0.24813837158722898,0.1881266551068222,0.9375,1.4457363160486316,8.668883723999897,800,1,2121.0207811966056,2158.57268123075,60.37732810439661,-0.2509733012639796,-0.00011626817268940995,0.027970949799091937,82.46521229264962,415.61309297010195,300,1.4032357237040827,-0.08229671253787352,0.6775067348690829,-0.11230448617168354,0.949322420659142,-4.1468633576961125,0.8040712155266087,0.5740433730197141
4,1010,Sparse Variational GP,0.4520759446421392,0.3928626720653225,0.278361429240461,1.0,2.9850826191405355,2.565625290999833,700,1,99.66527228739446,101.05329522301756,1.1480865797366109,-0.012574808288006,-0.0001244373897976,0.0113611988327827,5.105192718326611,122.78895671030917,300,,,,,,,,
4,1010,Stationary Skew-t Neural Model,0.3225758773539527,0.25307401662233825,0.19752665865792843,0.75,0.8834063113151788,4.5455268590012565,600,0,1614.3568482932135,1567.8906392364538,83.76865592433599,-0.12873501485854164,-8.210713913135813e-05,0.05342761403635294,298.37463952836055,1270.9158241057692,300,,,,,,,,
4,1011,Gaussian Neural Model,0.7124512263944657,0.5187430508561299,0.38201160628259456,0.75,1.5726458743006326,2.80369787500058,600,0,1933.7859591793795,1931.2801727203603,132.23805725900854,-0.13668616353806073,-7.077490126433983e-05,0.06847171069578203,673.80665526686,3391.949533226154,300,,,,,,,,
4,1011,Proposed Adaptive NSST-BNF,0.7505211026292071,0.5095703393303076,0.37636724101854224,0.875,2.398165015980102,8.036419543999727,700,1,3061.6045264437344,2572.2834120960156,85.24957974187413,-0.4608206692852661,-0.00017914848228553785,0.03314159681666212,231.58127531879367,1359.5083841034875,300,1.5013069596923212,-0.0030455234292618982,0.7080351044464493,-0.008756109182609828,0.8963031216648346,-3.7463635039582206,0.8093540327505178,0.5279770623470894
4,1011,Sparse Variational GP,0.7392861092928825,0.5566888660249683,0.4194949722515222,1.0,4.071918998193208,3.2661526639999465,700,1,118.08368165647654,120.05142188509222,1.7541909929060528,-0.0187594235793969,-0.0001562615692911,0.0146119968040451,4.266664604476647,114.95738418008848,300,,,,,,,,
4,1011,Stationary Skew-t Neural Model,0.7134776833942158,0.5193335702809708,0.3860383596218212,0.75,1.6224823009016196,3.9860838040003728,600,0,1865.079625941029,1984.633381951848,258.6506003310434,-0.4437018455641405,-0.00022356866996148592,0.13032664001482505,695.5176692015586,4196.125715372437,300,,,,,,,,
4,1012,Gaussian Neural Model,0.2989922528719509,0.1971795454098969,0.13695788124431957,1.0,0.9546046655471292,2.2568449629998213,500,1,1829.3365350308022,1867.5695734775252,49.64029364553987,-0.3125836329957092,-0.00016737455858935408,0.026580157628669585,731.8817886778686,3685.2041309309293,300,,,,,,,,
4,1012,Proposed Adaptive NSST-BNF,0.29447656271453626,0.1957225472379281,0.1484736773337879,1.0,0.9309548173327045,6.696537829999215,600,1,2499.8411121164995,2569.576334809899,70.55158077472845,-0.6429110578962782,-0.00025020119044015147,0.027456503167067006,609.0395397355888,3229.2527612581716,300,1.4873982351523052,-0.09526656445759163,0.7105704562192229,-0.07266830682389225,0.8372505660372518,-3.470104685354724,0.6933186661137494,0.6057832468381261
4,1012,Sparse Variational GP,0.2718031224022886,0.1838615646986723,0.1363380121383618,0.9375,1.1566290585456205,3.656326684000078,1000,0,37.00735813839923,38.020507918618456,0.7895961477503592,-0.0087352782057489,-0.0002297517493571,0.0207676380715492,6.340064041895992,97.19358371130788,300,,,,,,,,
4,1012,Stationary Skew-t Neural Model,0.32221737928098976,0.22205902388519996,0.165976538470557,0.9375,0.8693124909367002,3.3776713910010585,500,1,1820.1071107523082,1874.6459469241656,73.70329221946312,-0.29327370230004063,-0.00015644218193906466,0.03931584646177702,943.0147330579232,4667.377524923817,300,,,,,,,,
4,1013,Gaussian Neural Model,0.3715791036836482,0.1899371252885439,0.13380742570626977,0.9375,0.7680298878714098,2.602534501000264,600,1,1625.57626890439,1645.3288674755279,30.719026797057456,-0.15005306180739927,-9.119943421258366e-05,0.018670447838303877,276.052267965504,1308.6642719785661,300,,,,,,,,
4,1013,Proposed Adaptive NSST-BNF,0.4191745779733851,0.18518766003858256,0.1351282563413656,0.9375,0.8932136920280749,8.232919466001476,800,1,2248.2702642092636,2278.5067622785746,30.551531618441484,-0.267098031664884,-0.00011722503355565111,0.013408576232571296,170.02288679825097,777.9447731119193,300,1.2682405856817869,-0.05847822804265257,0.6263252623673646,-0.024259659432164904,0.9752713754439932,-4.53514602706155,0.6949176919631589,0.655378922562776
4,1013,Sparse Variational GP,0.1453230111274507,0.0920604781610117,0.0755712962345482,1.0,0.8844250770139275,3.4292589690001023,1000,0,25.63661699182024,26.576778935890207,0.6906906900380941,-0.0077028288631565,-0.0002898330486827,0.025988502658813,6.491918935714814,118.47891446394604,300,,,,,,,,
4,1013,Stationary Skew-t Neural Model,0.36081999399326387,0.1890687827627725,0.13313585236435627,0.9375,0.8500454138914526,3.715399796001293,600,0,1703.0468163081528,1690.7416741549177,54.75258178001953,-0.12253590349813728,-7.247464551873914e-05,0.03238376543086421,292.69683738390506,1351.4879749845281,300,,,,,,,,
4,1014,Gaussian Neural Model,0.4466670094321208,0.358034504835652,0.2589155273003168,0.8125,1.1929743626865639,2.5304231739992247,600,0,2141.7516829906826,2007.5636573181068,116.9177757715448,-0.20250940725125977,-0.00010087321839736373,0.058238639330488055,644.6657636630041,3356.1221953555255,300,,,,,,,,
4,1014,Proposed Adaptive NSST-BNF,0.4380446653264237,0.3577830308787795,0.2373768371113227,0.9375,1.7232530438257196,8.354451907000112,800,1,2527.154918406717,2554.8972987479447,65.09802697953592,-0.3090653765714088,-0.0001209697848609686,0.025479704022325238,235.73329946477335,938.7064764049493,300,1.288112983545889,-0.016032532925083887,0.6531689597589201,-0.01770908097841173,0.9087863031356713,-4.87032070665752,0.7976752153141008,0.5560747067997044
4,1014,Sparse Variational GP,0.6495481024050958,0.5832465285966116,0.374024691592808,1.0,2.9909406340263907,1.406957723000005,500,1,96.07304609975276,97.5256923382582,1.0591748284286508,-0.0117624057415746,-0.0001206082772607,0.0108604697186357,4.7924120403219135,20.688564671827063,300,,,,,,,,
4,1014,Stationary Skew-t Neural Model,0.43073618407731784,0.34720643912508714,0.25034262192185364,0.8125,1.2005723821667262,5.18335751000086,600,0,1936.5487138957121,1997.7733229589128,108.30876296088034,-0.3055425297156372,-0.0001529415405663223,0.05421474083979838,590.434595607745,4339.013067038121,300,,,,,,,,
4,1015,Gaussian Neural Model,2.0659444378549234,1.6873964361558462,1.4108070562586235,0.25,2.143184348210867,2.7110767390004185,600,0,2522.1753548254396,2596.8836347285837,772.6021218258867,-0.04757624369363228,-1.832051427233271e-05,0.29751125983996424,6498.646696273492,22742.353363677725,300,,,,,,,,
4,1015,Proposed Adaptive NSST-BNF,1.476267946675448,1.3063600584737398,0.9457236674364053,0.75,3.6454702977548186,10.585916100999384,1000,0,2440.683453544415,2556.1611553071243,170.59619513932856,-0.13859302023558492,-5.421920286513893e-05,0.06673921743358598,1113.696309128848,3945.7532843931795,300,1.5186207716439206,-0.003582805779770215,0.69432163778561,-0.0017380855567608045,0.9562996260264717,-7.488793595311298,0.82202427017018,0.5415725147688694
4,1015,Sparse Variational GP,1.0356396519307545,0.7897684143140078,0.5882909565541146,1.0,5.58346072081828,2.593697103000068,900,1,145.45689473291793,147.61540087540172,1.61549714790232,-0.0180524872617776,-0.0001222940638627,0.0109439607135972,124.63669056383524,426.6988183787621,300,,,,,,,,
4,1015,Stationary Skew-t Neural Model,2.0495410766245588,1.6846368780900025,1.4240222179630126,0.1875,2.0818668370872766,3.7965286610015028,600,0,2157.34231678835,2610.7146791877767,1016.0602690680535,-0.409144965911207,-0.0001567176103818808,0.3891885532984252,5680.150357131872,22515.790869453213,300,,,,,,,,
4,1016,Gaussian Neural Model,0.5154592839964341,0.41564462387009593,0.288787627005916,0.9375,1.3871241003503538,2.6458252320007887,600,0,1790.5784855564639,1833.462602424443,129.97431849876628,-0.09055896289730878,-4.939231527142134e-05,0.07089008432836168,506.36648402949845,2760.138020300931,300,,,,,,,,
4,1016,Proposed Adaptive NSST-BNF,0.522173389312041,0.3943784822746733,0.27587427748013393,0.875,1.6666708375755945,8.59650369999872,800,1,2439.1293444618505,2475.405566435203,38.52904696215122,-0.22767884970442093,-9.19763826952599e-05,0.015564741182042484,284.2364663701785,1558.3955093827242,300,1.6744860618157562,-0.0010698463425826699,0.7216429154070045,-0.0028704935059045145,0.8944373588066911,-3.5003347849262383,0.7725119566975788,0.5816845137108014
4,1016,Sparse Variational GP,0.6088634876169368,0.4718610259054023,0.3383126735831141,0.875,2.047242600037793,3.4849854959998083,900,1,80.61236501899299,81.49346576521121,0.7386312271840358,-0.0083219097540253,-0.0001021175093718,0.0090636865207338,2.9301706992596284,3.5320594705847173,300,,,,,,,,
4,1016,Stationary Skew-t Neural Model,0.48109128996819417,0.3972460100105393,0.2783334963036557,0.875,1.4131066370751184,3.171568984998885,500,1,1811.1467535694974,1856.52245165446,104.86903996878715,-0.3010520558137065,-0.00016215912473636963,0.05648681483778013,620.347060876743,2521.0187007007753,300,,,,,,,,
4,1017,Gaussian Neural Model,0.3026969397277,0.182092421115226,0.1384959131615759,0.9375,0.8148279536706369,2.256715034998706,500,1,1637.4401118891603,1667.0739906839017,30.390631553869085,-0.2637540635640094,-0.00015821377157699315,0.018229923640882665,264.39122771004276,868.3697299344578,300,,,,,,,,
4,1017,Proposed Adaptive NSST-BNF,0.2975295996578185,0.18929363567810403,0.13207751889245872,0.9375,0.9629842228714646,8.989844660000017,800,1,2241.083717450375,2271.9237519226,29.554301301020946,-0.2704309183507051,-0.0001190316876267765,0.013008491713690132,154.8585280649895,578.4672920613191,300,1.559507577929585,-0.08079248501267378,0.7342169364617502,-0.08709677114602599,0.8902852526130718,-3.2555670385539193,0.7130714371885998,0.5847920732593869
4,1017,Sparse Variational GP,0.2842901971353549,0.213139903058819,0.1743390433379541,1.0,1.898030966680271,1.67866593299982,600,1,64.04844372070116,64.93399177362538,0.7187659858722637,-0.0080434833645029,-0.0001238716910019,0.0110691791192821,60.65852811421647,99.71820691336764,300,,,,,,,,
4,1017,Stationary Skew-t Neural Model,0.30353734674909855,0.18414059107631264,0.1397123835703143,0.9375,0.8322621841973598,3.2248902789997373,500,1,1662.1722819036254,1692.8138151195665,37.80726332472313,-0.26609129041546803,-0.0001571887516741901,0.022333976121321243,259.26075211852117,1204.9048352592024,300,,,,,,,,
4,1018,Gaussian Neural Model,0.548020235496961,0.4254594351078262,0.30650936049080385,0.6875,1.2127418647855173,2.5602732410006865,600,1,1581.5209886271198,1609.2936101710127,67.04671524833691,-0.10521825113592272,-6.538163730404769e-05,0.041662201865831125,215.15504312239017,870.65831208648,300,,,,,,,,
4,1018,Proposed Adaptive NSST-BNF,0.5477670939295126,0.43072359028357143,0.2867050235108196,0.9375,2.067603043690333,9.528093766999518,800,1,2406.403693302427,2249.7464067053643,32.14129989119085,-0.22283448273256784,-9.904871147628464e-05,0.014286632393497223,71.44979272672231,506.89806885757736,300,1.3815052041858888,-0.00013165994422337235,0.6732473286026865,-0.002050667276813467,0.9750560107581325,-3.455098637067058,0.8185203433954653,0.5490345186029053
4,1018,Sparse Variational GP,0.6244078817975401,0.5226597788867163,0.3453375764103665,1.0,2.846827079238345,2.6174280550001185,600,1,90.96014464103804,92.13177097987946,0.937160817704347,-0.0104386066555,-0.0001133008357972,0.0101719613954778,24.52080410390016,76.96334094606806,300,,,,,,,,
4,1018,Stationary Skew-t Neural Model,0.554165300949181,0.4343046470607854,0.3126249801074489,0.6875,1.2249246750561928,4.536224412999218,600,0,1587.1224653404167,1629.9502250109824,85.14321752096198,-0.07439817704958564,-4.564444724015073e-05,0.05223669791535398,265.9271142773231,1131.6921867830338,300,,,,,,,,
4,1019,Gaussian Neural Model,0.1029380668688876,0.08355056906070012,0.05469007311926162,1.0,0.522295593504718,2.507493291001083,500,1,1721.6999160795965,1742.6934624368794,40.23252004799407,-0.22028996317161945,-0.0001264077520917413,0.023086400973660208,367.01666551988706,1527.7825528148464,300,,,,,,,,
4,1019,Proposed Adaptive NSST-BNF,0.10878856229870235,0.08627022094726015,0.06000269607163536,1.0,0.6465363163640601,7.3517849419986305,700,1,2420.8408925892995,2412.9180656642093,67.3226492121832,-0.28483057986906896,-0.00011804403304123917,0.02790092633901811,333.04267876770876,1614.7894999087837,300,1.5269252102460373,-0.0024503329236180704,0.7034716560374085,-0.013178637117175374,0.7922288388071639,-3.3496105565366205,0.6757566983609881,0.6116950849055549
4,1019,Sparse Variational GP,0.2055377560391097,0.1803768465154215,0.1193061427576095,1.0,1.0000289732903047,2.530799510000179,900,1,30.41675393532435,31.114143748671875,0.6549913906454026,-0.0072430857578256,-0.0002327907788924,0.0210512426739476,2.483021191195287,3.575954911052155,300,,,,,,,,
4,1019,Stationary Skew-t Neural Model,0.10712345792504997,0.08602307036972127,0.057498872959914064,1.0,0.5168345711273452,3.5289537839998957,500,1,1731.2498435722894,1748.7023465088948,55.56691453977635,-0.27004159612850587,-0.00015442399140575073,0.031776085078578396,322.19771989823533,1623.7051146253807,300,,,,,,,,
4,1020,Gaussian Neural Model,0.3325092210780577,0.24968461112126966,0.17726852207661578,0.9375,1.1251873317095635,2.576631253001324,600,0,1584.926107502633,1624.0414781875131,139.42135878193582,-0.14592509332255982,-8.985305811611242e-05,0.08584839774999764,257.28338852046426,1440.685028333913,300,,,,,,,,
4,1020,Proposed Adaptive NSST-BNF,0.31649878458010133,0.22879205825953436,0.17641601722445127,0.9375,1.80243523895596,8.248135813999397,800,1,2217.602832153833,2254.8906219972228,45.48556263443645,-0.21309882475851857,-9.450517141703778e-05,0.02017195964660518,75.20658356435351,502.07225647868125,300,1.49080890713295,-2.837780060049866e-06,0.6849608144644511,-2.7617593469031476e-05,0.9223106091923022,-5.155599964664077,0.8165508584254288,0.5511645070210219
4,1020,Sparse Variational GP,0.4722783459226587,0.3766031967222448,0.2767610619560203,1.0,2.107598724477284,2.201981342999943,700,1,78.5229331326751,79.46420160821114,0.6775671370853562,-0.007662071525789,-9.64216763111253e-05,0.0085266965925865,4.872722266698682,132.6229852841791,300,,,,,,,,
4,1020,Stationary Skew-t Neural Model,0.33046619578996517,0.24770364359503594,0.17467936539018197,0.9375,1.1337880798596593,3.7795908550015156,600,0,1612.925567925795,1660.8842219059775,93.14048890357898,-0.0763985029745453,-4.599869272457341e-05,0.05607885707812547,224.50633387749434,1559.592413859873,300,,,,,,,,
4,1021,Gaussian Neural Model,0.32378887757527935,0.24534222395189031,0.1825181853609474,0.875,0.9053702839120046,2.499027453999588,600,0,1933.1324049482332,1998.5219694555442,131.5630987124288,-0.06758107444855649,-3.381552741547671e-05,0.06583019887855943,1761.773229644362,8900.586758634101,300,,,,,,,,
4,1021,Proposed Adaptive NSST-BNF,0.270293540128335,0.18872933090264105,0.14390739257167506,1.0,1.1970420076403454,8.850079448999168,800,1,2593.541558729763,2636.9580396986257,72.5248281103171,-0.3052166237907311,-0.00011574572639980794,0.02750321659217825,670.8363466264657,2942.6951864229977,300,1.4553929651889366,-0.0008234868973555631,0.6765310061833238,-4.757258334131542e-05,0.9233690725683734,-5.165353463728662,0.7731952852724304,0.6189264050319325
4,1021,Sparse Variational GP,0.2480012446209086,0.1892383290532504,0.1431967073594611,1.0,1.3375348443257062,2.609672997999951,700,1,54.37274899839549,55.36692943120898,0.8209967125393202,-0.0090021603801964,-0.0001625909269789,0.0148282868667903,4.794534636612582,83.10020399986367,300,,,,,,,,
4,1021,Stationary Skew-t Neural Model,0.3099224672050667,0.2380517056801401,0.1643428657809576,1.0,0.8698614345170091,3.655633673999546,600,0,1861.5540896868479,1877.444030477091,68.78696490619063,-0.14070073061400268,-7.494270312721287e-05,0.03663862346336399,737.6757560696612,3234.862263958796,300,,,,,,,,
4,1022,Gaussian Neural Model,0.45659333133595126,0.3768982907866314,0.27732828585498626,0.75,1.3188917149052641,2.4116122409996024,600,0,1740.5453432502031,1722.7422987404475,102.96029419392057,-0.0315811811307053,-1.8331924138505976e-05,0.05976534869388075,273.81705710339963,1524.55328201885,300,,,,,,,,
4,1022,Proposed Adaptive NSST-BNF,0.4864551278085948,0.40541949258989823,0.2984344349604796,1.0,2.3639943027998127,8.762443503001123,800,1,2276.709436151408,2311.495858194211,40.15178401778314,-0.2504849761179157,-0.00010836488208704805,0.01737047629804128,80.10486427430706,554.765148765196,300,1.4066338209801788,-8.332614306771902e-06,0.6546865879045046,-6.89498393353638e-05,0.9710552361901486,-4.1922195154055,0.8253165720694863,0.5382227208049101
4,1022,Sparse Variational GP,0.4815905774697082,0.3713960935306457,0.3028071930151543,1.0,3.477799775032879,3.0179977869997856,800,1,110.0352259229075,111.59448594430752,1.1404844008401354,-0.0130079507861192,-0.0001165644581454,0.010219899228796,2.981064483603488,84.2882570205167,300,,,,,,,,
4,1022,Stationary Skew-t Neural Model,0.46341557260018473,0.38036113309559616,0.2813979770788836,0.75,1.362346021286111,3.6156789760007086,600,0,1644.667539430322,1700.4134879418982,91.32944044749506,-0.1286248653727371,-7.564328693276752e-05,0.05371013644336351,305.69929067644176,1480.2906692729061,300,,,,,,,,
4,1023,Gaussian Neural Model,0.3468091614292651,0.22827197933356208,0.17409954485345366,1.0,1.31144560356364,2.4755319519990735,600,1,1744.2530456863942,1747.1802064203944,49.57124649330496,-0.137113332586102,-7.847692646828822e-05,0.02837214290268662,204.65640286452074,962.6483391868251,300,,,,,,,,
4,1023,Proposed Adaptive NSST-BNF,0.2714383051470879,0.19576571766290185,0.15476448214203808,1.0,1.90419853085656,7.342050003000622,700,1,2352.6875025811355,2380.48311305757,48.83146617522178,-0.31869830296005697,-0.00013387967392497499,0.020513258803378377,131.54010471305273,628.2685376709784,300,1.3059439036621898,-0.007226516915798342,0.6443420567850624,-0.010046042129224553,0.9093144747580968,-2.9667806462550423,0.7853945543126898,0.5290332902059953
4,1023,Sparse Variational GP,0.6032758944985714,0.3548800573104462,0.3000460207031238,0.875,1.874337054342912,4.233312156000011,900,1,70.67344641143814,71.59135290884633,0.7709623493876845,-0.0085324924236555,-0.0001191832822955,0.0107689311357099,10.10218627500206,63.68418923935536,300,,,,,,,,
4,1023,Stationary Skew-t Neural Model,0.34067242792149943,0.22464330251779846,0.16914926703696842,1.0,1.3444313287244154,3.760145439999178,600,1,1720.215966274053,1755.4788044746888,46.99590156059031,-0.17021061885681416,-9.695965478076397e-05,0.02677098774465317,198.4463473180283,989.5497337888085,300,,,,,,,,
4,1024,Gaussian Neural Model,0.40425410554063007,0.2608399789830159,0.20094008057837323,0.6875,0.6740010993609283,2.2533052380003937,500,1,1820.0147902817243,1812.1447486145123,41.228908691954835,-0.31580345363318096,-0.00017427054537151655,0.022751443406205083,278.9254356698506,960.9438697449375,300,,,,,,,,
4,1024,Proposed Adaptive NSST-BNF,0.36616620754730655,0.21814415702435078,0.16546107088584885,0.875,0.9488045549692498,8.645073059000424,800,1,2362.8263568011735,2391.896389434269,29.39348052494904,-0.29563032044965537,-0.000123596624734894,0.012288776660556425,154.48767657607743,521.4785646346975,300,1.440224530541889,-0.004804865744567399,0.6782302243848444,-0.010616119120488099,0.9169170069378395,-4.062473794748435,0.7746937622178073,0.5643018423495931
4,1024,Sparse Variational GP,0.5052885798737571,0.3289848923554695,0.243714295789173,1.0,1.924383711482048,2.41767905100005,600,1,75.76477409659424,77.5285666558576,1.76823981006802,-0.019358944850508,-0.0002497007965649,0.0228075906254923,5.165225520131719,46.51137528578722,300,,,,,,,,
4,1024,Stationary Skew-t Neural Model,0.45061280476949356,0.28515620719378876,0.22235950552587527,0.6875,0.6918587122011063,2.698431860999335,400,1,1789.8036200243334,1862.0687318072164,73.52946586001569,-0.6761047717284987,-0.00036309334890786233,0.03948805143656121,321.9639412192288,1739.0966641336854,251,,,,,,,,
4,1025,Gaussian Neural Model,0.6008732820371465,0.4792957347351531,0.37267117989379095,0.5625,1.2088362329537374,2.6463437660004274,600,0,1715.5142496670067,1760.0017646032716,81.18354279050617,-0.09334049987574643,-5.303432175636858e-05,0.046126966701539644,337.7130237933435,1658.3272813017911,300,,,,,,,,
4,1025,Proposed Adaptive NSST-BNF,0.5829982015326323,0.4519520539057467,0.3364201616232727,0.9375,1.9474225958899511,8.747822583000016,800,1,2366.6317371308446,2399.605743196894,41.991750100169995,-0.26612390949372,-0.00011090318076134215,0.01749943723847991,139.26987784865344,721.7138358537096,300,1.5157213939771028,-0.03873530158657901,0.6931327790844491,-0.03228926572394264,0.9708530383917927,-3.87537850615262,0.8090256128474828,0.5721102708382373
4,1025,Sparse Variational GP,0.7186471032533142,0.4899337356199856,0.3725990158586814,1.0,2.9411307483190243,2.791782864999732,700,1,97.21851253346968,98.75495797321923,1.1605177426372355,-0.0129405901688013,-0.0001310373720407,0.0117514883956706,4.996910028438782,120.96379496932344,300,,,,,,,,
4,1025,Stationary Skew-t Neural Model,0.6000772896677516,0.4733144158072926,0.3666023886237044,0.625,1.24044473862712,3.83737712599941,600,0,1734.3541434621723,1773.8437964915588,58.31364090249531,-0.1291736997680257,-7.282134989761503e-05,0.03287416908852536,290.18095747980834,1498.7649391094903,300,,,,,,,,
4,1026,Gaussian Neural Model,0.23039222423805664,0.1736169038413502,0.13356435751539136,0.9375,1.4135027718740036,2.694152457999735,600,1,1773.3791246944008,1798.8648463791858,48.7232697717801,-0.11994330633218706,-6.66772195663353e-05,0.027085564471311937,475.5993448669412,1818.8869684045906,300,,,,,,,,
4,1026,Proposed Adaptive NSST-BNF,0.2095673692088712,0.15814719786161324,0.1496725031642959,1.0,2.046490803348825,8.691703169000903,800,1,2382.5418973366095,2422.489934317697,41.5257904341426,-0.22382409463546485,-9.239423102020261e-05,0.01714178038301673,339.04837843012683,1327.1715978360655,300,1.5142084116651577,-0.0004205233057212876,0.670281422606698,-0.0008194897615079189,0.9709108322021874,-3.6945361507013574,0.7804382357055052,0.5285468047014307
4,1026,Sparse Variational GP,0.5469310184333225,0.4565153192209581,0.3126746705875072,0.9375,2.267170811051621,3.674020430999917,900,1,76.67809966266897,77.50842740382416,0.7346798856961166,-0.0081804527949442,-0.0001055427528199,0.0094787097391148,2.537212477957915,53.60362462010593,300,,,,,,,,
4,1026,Stationary Skew-t Neural Model,0.2543507836694802,0.1874004782106361,0.14495374461206806,0.9375,1.439559166514948,3.294571566000741,500,1,1779.2183862386491,1836.2338085521676,58.831236235585955,-0.27248358999229033,-0.0001483926440757225,0.032039076920151656,667.1411339152934,2745.622863829477,300,,,,,,,,
4,1027,Gaussian Neural Model,0.8007939828604336,0.505118487412861,0.37743540111420626,0.875,1.4231918831998722,2.5887252789998456,600,0,1628.1262854409988,1693.4030379196383,105.89229851532082,-0.25566083127053024,-0.0001509745911313658,0.06253224787255045,266.68151292405986,1537.5810478236488,300,,,,,,,,
4,1027,Proposed Adaptive NSST-BNF,0.680052874308027,0.4514912885218152,0.3188212802972596,1.0,2.17749397924325,9.056522523998865,800,1,2211.8524704276874,2244.666353201947,44.02310973102711,-0.29676052319025464,-0.00013220696375073064,0.0196123177363217,88.38290124122622,518.9308393228991,300,1.5306857264660667,-0.014323839534428062,0.6972258575626344,-0.006542259898468572,0.9059150934596467,-4.344936583164582,0.7960229290155649,0.5646700577719171
4,1027,Sparse Variational GP,0.6264759289664492,0.4339515601065273,0.3420986812848627,1.0,3.126316593217893,2.545347003000188,700,1,98.51879238226702,99.7532439484892,1.0087741920559092,-0.0110553707204243,-0.0001108271799775,0.0101126956089449,4.606793198583082,96.49807917547224,300,,,,,,,,
4,1027,Stationary Skew-t Neural Model,0.7999748356630043,0.5150706016329598,0.3843358528395091,0.8125,1.443965873211583,3.6821327750003547,600,0,1879.3866793210418,1735.3121043311555,118.82127196666997,-0.017475486290698235,-1.0070514835389703e-05,0.06847256563825295,359.07969975395054,2005.4572437045836,300,,,,,,,,
4,1028,Gaussian Neural Model,0.2596014926341604,0.20363167506234944,0.14403627107352576,0.8125,0.6873473247886981,2.4235223190007673,600,0,1759.9249633659124,1766.689919537115,67.35927048650406,-0.1550539971883511,-8.776525833632211e-05,0.03812738712187401,457.1506244429613,1902.075986169644,300,,,,,,,,
4,1028,Proposed Adaptive NSST-BNF,0.24370414559830847,0.19303575639214876,0.12779676540772833,0.875,0.7518002368671017,10.981776754999373,800,1,2373.1581051927283,2408.74592872506,36.19022987629041,-0.24170528468134647,-0.00010034486485225948,0.015024511072218293,308.87211973270206,1235.8626299492769,300,1.5570276250759645,-0.04538477512568817,0.6847132450585635,-0.014739692428048956,0.8804863375968841,-3.633193948405447,0.6999373905001776,0.6676955643162861
4,1028,Sparse Variational GP,0.1913346203611808,0.1384504880010513,0.1056414511585067,1.0,1.2241109503668894,4.313268573999721,1000,0,46.21851750164311,47.352406825477495,0.7696879657091404,-0.0087304917347839,-0.0001843727134496,0.0162544634435561,6.107302943985663,151.34764112116585,300,,,,,,,,
4,1028,Stationary Skew-t Neural Model,0.25953822011130606,0.20311477572563524,0.14337640198120466,0.75,0.6541321394287589,3.6844366430013906,600,1,1774.8013129671115,1773.31538234997,67.01128150510998,-0.16745620741167727,-9.443114805092753e-05,0.037788699163206735,511.0927346654755,1976.049131888982,300,,,,,,,,
4,1029,Gaussian Neural Model,0.6837376191715407,0.4727895161484283,0.3646356286319139,0.875,1.165656671171786,2.678050301999974,600,0,2277.6393300459895,2078.6728278173327,157.21026681528542,-0.3121193034646172,-0.0001501531646961256,0.07563011586597816,1160.3460963619705,5656.43644937777,300,,,,,,,,
4,1029,Proposed Adaptive NSST-BNF,0.6516578311118462,0.4818852971272102,0.33959186832807303,0.9375,1.562473654968767,9.558047513000929,600,1,2561.804989473195,2680.5355668393104,134.02972696196844,-1.0180307399398856,-0.0003797863205151469,0.05000110001151984,448.5001846440283,2183.7142047380867,300,1.4358575332679868,-0.00795334220971422,0.6607254606957985,-0.013556302891859717,0.9120870030086411,-3.963622193605887,0.7935236197279231,0.5610060967250233
4,1029,Sparse Variational GP,0.5561212129497818,0.4606895260683727,0.3182340316919282,1.0,2.8690333499007923,2.35016861899976,600,1,93.65731372103832,95.30933490784928,1.5102958168247202,-0.0166553986163254,-0.0001747509688576,0.0158462528175749,74.18110701339211,121.34559394927136,300,,,,,,,,
4,1029,Stationary Skew-t Neural Model,0.7173304983282973,0.48817529623903133,0.3795493440168947,0.875,1.2012459980891173,4.976197822001268,600,0,1997.7786387807348,2071.897169682787,117.59496481968715,-0.18527795817852366,-8.942430198255936e-05,0.0567571434241069,1119.9486069729687,4909.303827418035,300,,,,,,,,
4,1030,Gaussian Neural Model,0.5067403380553176,0.3807126211307619,0.270166560652354,0.9375,1.4469805860491476,2.9951235260014073,500,1,1590.4889531685626,1607.8540754105888,58.872598612156104,-0.31454336857209064,-0.00019562930080689521,0.036615635406541544,204.9755342827936,745.6550010853382,300,,,,,,,,
4,1030,Proposed Adaptive NSST-BNF,0.4712307770432478,0.36449258858532485,0.24861778606547483,1.0,1.7746480049864637,9.507378162999885,700,1,2201.1725157575884,2245.063021150498,38.50035948838614,-0.29119449996513863,-0.00012970437676885965,0.017148899218275105,111.84340508254166,471.9657431831338,300,1.5382387263842328,-0.015361608800438686,0.7053015379995337,-0.032977775275769616,0.8876280765562707,-3.8725920501372224,0.760692478811887,0.593881205899972
4,1030,Sparse Variational GP,0.4328034345701833,0.3500230197233833,0.2374949139462939,1.0,1.910782590169944,3.690761440000188,900,1,61.626431584163925,62.22628302916569,0.5357135465447761,-0.0059724301630095,-9.597922087376116e-05,0.0086091201413022,2.676138699626424,7.06103004314097,300,,,,,,,,
4,1030,Stationary Skew-t Neural Model,0.4882209185508058,0.37656244863642085,0.26824888756668963,0.9375,1.3650990336420816,5.22923765700034,600,1,1568.3892061880613,1594.2201537713627,39.36584469023194,-0.14646218183501875,-9.187073785796823e-05,0.024692853491474317,167.33262922711947,833.5941959991902,300,,,,,,,,
4,1031,Gaussian Neural Model,0.31015527493004497,0.25201323612707527,0.1797192418178329,0.75,0.8802928156478966,2.7345114710005873,500,1,1649.9329998250332,1686.101228296534,39.0054286665782,-0.24443631311399322,-0.00014497131548913395,0.02313350350025266,241.1044502074148,1032.3586355010632,300,,,,,,,,
4,1031,Proposed Adaptive NSST-BNF,0.29022384474337926,0.23094473397436685,0.17067027413283548,1.0,1.1372068496819128,9.445201741000346,800,1,2273.284952550873,2304.7848604206974,29.08347586635571,-0.23438437373800253,-0.00010169468645989792,0.01261873781184376,155.20014777368618,576.7841462491145,300,1.3999553222985723,-8.472079629484597e-05,0.6427743196454136,-4.014950955655294e-05,0.8808960795233955,-3.6865373712106795,0.7468457194232612,0.6083379670248412
4,1031,Sparse Variational GP,0.3871556174618537,0.3268866441657236,0.2266555739698388,1.0,1.719241153417439,3.262398562000272,800,1,64.99971055828802,65.92031477209218,0.6621664326012107,-0.0075566161974195,-0.000114632586685,0.0100449525292851,12.040602644323243,77.62168207730902,300,,,,,,,,
4,1031,Stationary Skew-t Neural Model,0.3041109399170486,0.2495870333729959,0.17545295055905863,0.8125,0.8813797448110703,4.003779149001275,500,1,1673.1376191080378,1713.8446563872446,43.81992369203746,-0.30279922957808847,-0.00017667834039077028,0.025568200436794017,268.5666962981919,1126.8961540918228,300,,,,,,,,
4,1032,Gaussian Neural Model,0.49437393629059645,0.2706978235225341,0.20258255188902782,0.75,0.9245502466456862,3.3808434000002308,600,1,1531.7942892650317,1564.7909363448712,61.60496951419432,-0.13170976656170097,-8.417083937702001e-05,0.03936945702030632,119.62444861436795,899.1298923336979,300,,,,,,,,
4,1032,Proposed Adaptive NSST-BNF,0.5180533080018406,0.2712229818282802,0.19843220223046065,1.0,1.3582194300515276,8.660900609000237,800,1,2188.4259707411516,2221.6854351577003,33.946540558003015,-0.23451999209524957,-0.00010555949477996317,0.015279634110574883,81.32785144194958,331.15451745570397,300,1.4834953567926967,-0.024025088385420723,0.7180275731476061,-0.023036195818902483,0.8859728433070787,-4.301839850676597,0.7696171009397476,0.6597595977100598
4,1032,Sparse Variational GP,0.4879952050764803,0.328297194561392,0.2340332523848832,1.0,1.8747792391015987,3.2060754079998333,900,1,72.37289100057329,73.47921142116938,0.9596691628128188,-0.0106641766233796,-0.000145131887198,0.0130604172833613,47.64163000408367,163.5477977069425,300,,,,,,,,
4,1032,Stationary Skew-t Neural Model,0.4708540201533099,0.2720871310693372,0.19581758801788,0.75,1.0269284824729823,3.67166603700025,500,1,1542.7342773037674,1569.1160599646994,55.78460289796725,-0.27534851540275135,-0.00017548001860929633,0.035551610439333726,124.93318009456677,625.8661527113572,300,,,,,,,,
4,1033,Gaussian Neural Model,0.5738447370254609,0.4523076725924402,0.3129740051488672,0.75,1.4263253200405512,2.5357666889995016,600,0,1915.9435390568158,1939.315107660288,140.59954237709871,-0.14342535134488837,-7.395670295062347e-05,0.07249958597328043,672.6280598802718,3406.16706404186,300,,,,,,,,
4,1033,Proposed Adaptive NSST-BNF,0.5545062695002781,0.4387435203295746,0.2956470295867656,1.0,2.1329170431390487,8.658662549998553,800,1,2499.095263805592,2543.303536840329,48.54642115905859,-0.26307948662755315,-0.00010344006636124512,0.019087938366715827,327.6469082854064,1369.6844501419332,300,1.4539749396176422,-0.02812131760323533,0.6621102622341165,-0.015926910520918325,0.9410083238872644,-4.408930031107046,0.8101278514962822,0.5448288334151131
4,1033,Sparse Variational GP,0.8338105701301345,0.6516615724896035,0.4591944386698405,0.9375,3.3500683146882824,4.097144287999981,800,1,110.91488895198084,112.9157209414976,1.5503748010108325,-0.0172916572295408,-0.0001531377303829,0.0137303715380259,218.74392654291265,308.83689029314934,300,,,,,,,,
4,1033,Stationary Skew-t Neural Model,0.5156446286135488,0.3765721413107657,0.27600936091948575,0.75,1.4117659988000084,3.905654890999358,600,0,1935.7069615342464,1956.971337851338,106.88394156645265,-0.12557486449645971,-6.416796304964534e-05,0.0546170194213504,704.4565711021344,3264.6510501538396,300,,,,,,,,
4,1034,Gaussian Neural Model,0.27506527252689644,0.19184329623839014,0.12260416590818532,1.0,0.9127141312024265,2.371016035000139,500,1,1603.6937704254974,1640.2031238425943,34.322387934807395,-0.2749515154518408,-0.00016763260077672367,0.02092569355336821,205.79704685417562,824.3139778397068,300,,,,,,,,
4,1034,Proposed Adaptive NSST-BNF,0.22386853181425848,0.15303091500585395,0.10504390121226809,1.0,1.0890924684450958,8.335748155999681,800,1,2250.9753355995203,2283.2208847379516,32.309571775587116,-0.2358776040390044,-0.00010330914788652887,0.014150874315997385,154.69108888870716,951.3328067492901,300,1.5229729801747172,-0.00603593677845593,0.7170664831413466,-0.01391843407542881,0.7893717213012157,-2.898213205851768,0.7050444847718212,0.6284045980406266
4,1034,Sparse Variational GP,0.3259966477530419,0.1822789351756899,0.1416573602249906,0.9375,0.8950229756753897,5.26300092099973,1000,0,22.815652789482662,24.32476990975958,1.252907718722322,-0.0135710115244531,-0.0005579091426064,0.0515074848958624,7.414310504061767,69.54568935527483,300,,,,,,,,
4,1034,Stationary Skew-t Neural Model,0.2512535656705583,0.17702326019157197,0.11431628938962715,1.0,0.8908058023192834,3.859525551000843,600,1,1608.1442051732415,1623.970006841962,27.20293124241733,-0.10665882815029319,-6.567783130287376e-05,0.01675088279205183,156.27077536660457,856.7665327677507,300,,,,,,,,
4,1035,Gaussian Neural Model,0.37708950814360953,0.2921371076515043,0.20719301533296833,0.8125,1.1106365001570295,2.175102973000321,500,1,1751.9791647429333,1780.8244238145937,55.27600189096223,-0.2869178261212142,-0.00016111516794374662,0.031039557382394216,335.9697567347485,1758.7133662021445,300,,,,,,,,
4,1035,Proposed Adaptive NSST-BNF,0.3206229967662179,0.23628045575078271,0.17211521763417537,1.0,1.2803479007636964,8.533241772998736,800,1,2350.6198644574247,2387.7644096451827,35.451699666904275,-0.2622045943654648,-0.00010981175249380142,0.014847235147529617,214.64623552937985,1113.0246969646778,300,1.5183477290364922,-0.009777725247533287,0.6995923346825696,-0.0031892369270352106,0.8882690844398118,-3.3166917465191528,0.7148027737816307,0.5963624403426072
4,1035,Sparse Variational GP,0.3174915557289444,0.2650966315476316,0.1863072166125964,0.9375,1.4258365021540875,3.179589771999872,800,1,44.679264633508296,45.2902160097675,0.4118920706985037,-0.0047153137181071,-0.0001041132971653,0.009094504442409,1.5663015059328764,12.907767233040866,300,,,,,,,,
4,1035,Stationary Skew-t Neural Model,0.36405632832674634,0.279448922849891,0.20347414635763533,0.875,1.1826941621580236,3.211184936999416,500,1,1732.6068555579336,1767.6058994537802,32.25695936925622,-0.2630872021777404,-0.00014883815575578166,0.0182489543507544,330.42874612608284,1299.0931181343938,300,,,,,,,,
4,1036,Gaussian Neural Model,0.1686323986783928,0.14082482347538638,0.08892699775431374,1.0,0.7928365977795451,2.2346149629993306,500,1,1717.3713203595169,1754.6240078527408,44.57781876058945,-0.3170271253294132,-0.00018068094583829493,0.025405909506015765,267.2370339768495,1032.2920335155948,300,,,,,,,,
4,1036,Proposed Adaptive NSST-BNF,0.19637653195594712,0.15447636561916878,0.09956488391360185,0.9375,0.9567652889283917,8.505674756999724,800,1,2311.2995463496277,2326.2998085960585,35.64611421204827,-0.25507708403928253,-0.0001096492735359092,0.015323095535807563,145.15746822923091,562.6608409627709,300,1.4921673849873731,-0.025346035020369584,0.6864641568564255,-0.017701341860365316,0.8858845827429713,-3.017884945273379,0.7096757938376959,0.5870928814198431
4,1036,Sparse Variational GP,0.2991899068468457,0.2102873027035334,0.1652757813625418,0.9375,1.2079106817104917,3.9927423799999815,900,1,43.466285997349374,44.05977895364533,0.5496593570516446,-0.0060592893949641,-0.000137524280395,0.0124753090030233,2.725842532661582,31.15048315178884,300,,,,,,,,
4,1036,Stationary Skew-t Neural Model,0.1692463782580142,0.1412755608660314,0.09076103646823608,1.0,0.8188589156006377,3.9791025049999007,600,1,1712.6517689022144,1736.2855429316967,25.229817050685913,-0.1240000872875439,-7.141687482933897e-05,0.014530914660549246,241.17185579195362,879.6084723783752,300,,,,,,,,
4,1037,Gaussian Neural Model,0.40098723458877483,0.3103586584163526,0.22807620206628682,0.8125,1.1617620084864235,2.302256965998822,500,1,1778.3193020751387,1831.5874193159443,68.97650250254316,-0.3243930062815692,-0.00017711030489755294,0.037659410506490736,331.51282759866314,1419.3875268682602,300,,,,,,,,
4,1037,Proposed Adaptive NSST-BNF,0.37283886292680785,0.29338100231585373,0.2064546777648455,0.9375,1.6267263718880556,7.950017547000243,800,1,2364.1253476164575,2403.8726716339897,38.26776284141749,-0.26892937042955006,-0.00011187338397867388,0.015919213730819465,152.02027432527683,658.9959122508658,300,1.5739069224143925,-0.031181904124611082,0.7362778718189645,-0.038321902570847666,0.964255285681419,-4.032177732303731,0.7876922668275673,0.5803343400987975
4,1037,Sparse Variational GP,0.5393244856456436,0.472897613045809,0.308554115670186,1.0,2.2086269344910736,3.715314587999728,900,1,78.90841265086036,79.65316056517402,0.6215654698318682,-0.0070040284511801,-8.793158239401239e-05,0.0078033999582889,2.427162015056439,8.189515007373767,300,,,,,,,,
4,1037,Stationary Skew-t Neural Model,0.3700528840520129,0.29765758778183543,0.21258657260204672,0.8125,1.2845706351742803,3.6594637939997483,600,0,1775.7520844437165,1811.3789934053532,67.85240526653979,-0.06304271282771902,-3.480371201015203e-05,0.03745897767036522,405.09368555726485,1866.7902860795643,300,,,,,,,,
4,1038,Gaussian Neural Model,0.3224899357691476,0.24847013477079208,0.17419248216438615,0.9375,1.1488343145548463,2.5173047070002212,600,1,1749.4943342230274,1758.9850034927329,45.259061249262004,-0.14158601114464311,-8.049301777076122e-05,0.025730214390340574,285.04139328314477,1000.6043388971148,300,,,,,,,,
4,1038,Proposed Adaptive NSST-BNF,0.3379066071095897,0.2571799210856777,0.17483432522823825,0.9375,1.5706673763853787,8.46930501099996,800,1,2269.6179991374174,2299.0103091235464,32.44200290291834,-0.2770176868735828,-0.000120494321306106,0.014111290747228626,142.4646039508175,537.5399287026296,300,1.4107429726413943,-0.011524139782119525,0.6923040989977641,-0.0038741622461340164,0.9643310441728739,-4.395514595132845,0.7888463485721845,0.5828984740044184
4,1038,Sparse Variational GP,0.4137705960976269,0.3489101164296083,0.2262243680523751,1.0,2.0671281978210705,2.904938857000161,600,1,69.43794352118069,70.49734649341508,0.8723076278939635,-0.0096118068720091,-0.0001363428178521,0.0123736235657526,69.53486025815822,130.76899728467345,300,,,,,,,,
4,1038,Stationary Skew-t Neural Model,0.31442157685653643,0.2381309022871621,0.16615908321616293,0.875,1.1193706868053939,3.9654025710005953,600,1,1718.209539553861,1750.6807975091397,33.371879696667506,-0.16059284378584213,-9.173165320276134e-05,0.01906222981605147,296.06310056313555,1319.1024662674395,300,,,,,,,,
4,1039,Gaussian Neural Model,0.6358715024371625,0.4408631146281157,0.32333203923043563,0.6875,1.1048958703051008,2.272641109999313,500,1,1719.2274776802915,1747.4568036670569,56.9176723290678,-0.30236438936714843,-0.000173031109400034,0.032571719203373393,398.0588706570352,1614.1091977369085,300,,,,,,,,
4,1039,Proposed Adaptive NSST-BNF,0.6319695920379579,0.40719758864125055,0.28232707355812425,0.9375,1.5604010497609713,9.1403851390005,800,1,2356.281412605541,2365.9354733982877,44.75851438818936,-0.24972031318666604,-0.000105548234934735,0.018917893108851738,205.82777661481478,809.7535782172878,300,1.5587022294503081,-0.007623488359181696,0.7336680476873052,-0.0023442034326162098,0.9176210370592557,-4.0510380657056535,0.763403804123754,0.6091937126767276
4,1039,Sparse Variational GP,0.5869756247906599,0.3523323532279793,0.2824296426216614,0.9375,2.055800489417484,3.5142777649998607,900,1,75.70144299536656,76.52521570919819,0.5977570372263216,-0.0067955367701928,-8.8801275595437e-05,0.0078112427607892,93.31467023399588,196.60058328457697,300,,,,,,,,
4,1039,Stationary Skew-t Neural Model,0.6170161824217256,0.42421240918683106,0.3082304380177949,0.6875,1.1245269517154706,3.6684580750006717,600,0,1719.9056469736888,1747.5559616151654,78.65933680032978,-0.18414348426719832,-0.0001053720100024751,0.045011054597433,379.41542111909774,1576.8231823729038,300,,,,,,,,
4,1040,Gaussian Neural Model,0.49304349440110606,0.2984227088685887,0.2096530450948471,0.875,1.1007677554224151,2.1225823120003042,500,1,1548.3659225389183,1574.0778185532463,25.57905256690231,-0.24908539865627777,-0.00015824211212455493,0.016250182974061795,177.8591678149264,703.4201518143481,300,,,,,,,,
4,1040,Proposed Adaptive NSST-BNF,0.4335489136322013,0.2878407163522888,0.1900663461176338,0.9375,1.3785021499793502,9.276944467001158,800,1,2201.1066392155208,2222.0808915314065,30.17412912577427,-0.24165458212888397,-0.00010875147842270547,0.013579221728952878,105.47822496641953,372.24173612031166,300,1.4511337796090165,-0.015192443764560748,0.6934300615628362,-0.01994775656659442,0.9675661024196056,-4.232839226375731,0.7289283510277095,0.5890400493594009
4,1040,Sparse Variational GP,0.2722347704458674,0.2001841488781358,0.1618408118682239,1.0,1.8338863029121384,2.901797523999903,1000,1,67.42790237458416,68.54940204565835,0.7821305165145271,-0.0088255276924593,-0.0001287469683044,0.0114097350695133,7.28430054039581,149.43267614352723,300,,,,,,,,
4,1040,Stationary Skew-t Neural Model,0.4798236751795739,0.29945127837260177,0.2091239610988312,0.8125,1.0971816271414632,3.186545557999125,500,1,1554.6157329228515,1587.0578680886213,32.2231100165216,-0.2444571126378255,-0.00015403163145666398,0.020303676799970503,174.21588034054724,875.362488484622,300,,,,,,,,
5,1001,Gaussian Neural Model,0.1714878350828116,0.12035576479059698,0.09604358192516577,0.9375,0.7258220583918433,2.226872494999043,500,1,1674.5055852747653,1714.2272271257184,33.425789375527614,-0.26002081610956074,-0.00015168398447710057,0.01949904239449827,352.07057403329986,1330.3892500948284,300,,,,,,,,
5,1001,Proposed Adaptive NSST-BNF,0.13944403603209865,0.1035671406421633,0.08404654670670461,1.0,0.8165793830699986,9.195029303999036,800,1,2326.3378091298778,2342.4265087647955,27.965457354773818,-0.25063381634881376,-0.00010699751535896743,0.011938670114146082,211.30974878929464,807.7932558019775,300,2.164426759257552,-0.0080511142998696,0.787736817244584,-0.0035026171598095956,1.0711125327684852,-3.1321806306362845,0.712481298564686,0.5393195507341827
5,1001,Sparse Variational GP,0.2502661744718085,0.172465188226572,0.1325284139230145,0.9375,1.1786499384071445,4.245007351000027,1000,0,43.14677491988281,43.90979205090229,0.5257140093527559,-0.0059419940542529,-0.0001353227555112,0.0119725916429599,5.306844687514298,114.13861703406944,300,,,,,,,,
5,1001,Stationary Skew-t Neural Model,0.17607458965031353,0.138541271962063,0.10449344345092873,0.875,0.7784264393779847,3.92721619599979,500,1,1742.6730399385401,1740.014144361129,39.16389746817441,-0.25764628905531395,-0.00014807137625304323,0.02250780408601447,377.1436226222605,1582.7688426490636,300,,,,,,,,
5,1002,Gaussian Neural Model,0.1959533016855854,0.14969437272082453,0.110661105971172,1.0,0.8761269405108986,3.1843732409997756,600,1,1816.7741213957202,1836.0288709360966,41.43128187050168,-0.11428232956301743,-6.224429875372858e-05,0.022565702820009567,658.9782169999168,3262.0073033773338,300,,,,,,,,
5,1002,Proposed Adaptive NSST-BNF,0.1694808494509089,0.13238242046841237,0.10187646157354706,1.0,0.836454152438729,8.892405665001206,800,1,2464.8551433895122,2497.044718643109,42.93948031990361,-0.2099419909625226,-8.407618389654022e-05,0.01719611987695473,704.7516407224468,2561.0576099420173,300,1.8509789333683675,-1.337900652420565e-05,0.682827126470646,-0.0009052902115307404,1.0595489981727186,-4.221087249827086,0.693116850525467,0.5536755229937784
5,1002,Sparse Variational GP,0.2403910007439811,0.1986155035483468,0.131042567872478,1.0,0.9051665310691996,3.756249325999988,900,1,29.878891837290887,30.537858077369545,0.5776829162030854,-0.0064610892708257,-0.0002115763736427,0.0189169428562891,2.4992433111820778,3.486651563083637,300,,,,,,,,
5,1002,Stationary Skew-t Neural Model,0.15283912687484347,0.10892328664150802,0.0877430285612027,1.0,0.8264311235841648,3.286127576999206,500,1,1802.6097865830554,1854.4083698731276,59.3295123004621,-0.3581350483307667,-0.0001931263114150358,0.031993768613394036,671.1470547804456,3363.5130341483173,300,,,,,,,,
5,1003,Gaussian Neural Model,0.5787955836089911,0.450928309080171,0.3330704184380403,0.75,1.218628223338545,2.516727346001062,600,0,1647.3579250010064,1681.6521453483201,62.007722887773156,-0.07436341292587134,-4.422044899807054e-05,0.03687309712611789,166.48475977290047,938.6732954102882,300,,,,,,,,
5,1003,Proposed Adaptive NSST-BNF,0.5577889006598606,0.4210197939711012,0.30771685743805677,0.8125,1.9961667748177747,9.067483695998817,800,1,2222.519335327373,2256.9699684660027,31.931038105595388,-0.2870096238472485,-0.00012716590289516368,0.014147746116133737,79.16102917225581,298.292869239712,300,1.9844418777974828,-0.002095873511826607,0.7260382911344888,-0.0036669331200560595,1.0536836065078654,-3.6503121766671978,0.814787151209553,0.4810560903185382
5,1003,Sparse Variational GP,0.5977953852153666,0.4618384334597524,0.3305154748151441,1.0,2.6750171517607404,2.2759869400000525,600,1,84.26840360497081,85.5743086939218,1.0398140178946738,-0.0116898324169394,-0.0001366044621961,0.0121510069291219,26.18349093555224,78.97408632814977,300,,,,,,,,
5,1003,Stationary Skew-t Neural Model,0.5934243773932946,0.45770618713419564,0.3398109376980567,0.75,1.3105538804649601,3.9001194720003696,600,0,1709.4073854606106,1675.4039503308095,69.98277146959653,-0.12088116525898265,-7.21504597354653e-05,0.041770685485001006,136.8310440406837,795.6140160451179,300,,,,,,,,
5,1004,Gaussian Neural Model,0.5897700553169315,0.4709786196371723,0.34284335695046625,0.8125,1.4955551782275376,2.610433230000126,600,0,1829.629721146306,1892.0431347913477,91.81815676153451,-0.2116688819643874,-0.00011187317988272497,0.04852857478413676,967.4968729981314,4268.260869319409,300,,,,,,,,
5,1004,Proposed Adaptive NSST-BNF,0.5916589838068562,0.4773343638989289,0.34354343142134464,0.875,2.115099886865093,9.434596701999908,800,1,2457.2019995569112,2499.5473729165005,59.55932959457977,-0.23114563485274014,-9.247499661630205e-05,0.023828045925404984,423.2939256908769,2523.7623572550747,300,2.0921836273580334,-0.00023802042327725204,0.74183583577896,-2.367072722475605e-05,1.2598212843749321,-5.115245314918228,0.8349019513237013,0.47182793071546975
5,1004,Sparse Variational GP,0.4971534888793927,0.4365166540990081,0.3024592399923098,1.0,3.0586749387499763,3.026692212999933,700,1,92.15234551774635,93.4798567823264,0.9715578265404224,-0.01078504916699,-0.0001153729748656,0.0103932318681525,6.788323360416193,109.38462727515736,300,,,,,,,,
5,1004,Stationary Skew-t Neural Model,0.6768952172006358,0.524692816225317,0.3910292626109626,0.75,1.463908176766548,4.018309082999622,600,0,1817.929611371327,1888.1784377089346,103.40826681413043,-0.10761211926583723,-5.6992558074336905e-05,0.054766151730661225,1146.595109321224,5420.413538671637,300,,,,,,,,
5,1005,Gaussian Neural Model,0.3163619697060423,0.26130951695013677,0.19339082656382145,0.75,0.7195042916115494,2.862318076999145,600,1,1628.362056929389,1648.7649732804882,52.89377714585072,-0.14717184679664794,-8.926187126830171e-05,0.03208084718139654,153.08882844083763,634.7981710296787,300,,,,,,,,
5,1005,Proposed Adaptive NSST-BNF,0.2840354252967182,0.23351628544418412,0.16714435865689187,0.8125,0.918294658364791,8.327064336999683,700,1,2256.218544177602,2279.7616171829113,43.07308255560998,-0.27226758940645207,-0.00011942809605808326,0.01889367828239653,113.86901396879321,458.8617053714853,300,1.9661941660496487,-0.050741297794798745,0.7476577822626068,-0.01797015906027699,1.1530825528748654,-3.9012209054875138,0.7567638054059119,0.5524007875797292
5,1005,Sparse Variational GP,0.2971725586659758,0.2368926245963898,0.1726184992251428,1.0,1.5913154163203127,3.419358649999936,900,1,62.99137860854336,63.73770336732036,0.5928694001289909,-0.0066300161977765,-0.0001040203183909,0.0093017063497295,3.374592222262258,170.78656325566484,300,,,,,,,,
5,1005,Stationary Skew-t Neural Model,0.32421759391259514,0.2682904444612486,0.1991287163082095,0.8125,0.7600170999430362,4.117984701999376,600,1,1642.818765187592,1651.8619208587377,34.82978947886145,-0.13891309141767172,-8.409485663635628e-05,0.021085170036945218,170.32633176308119,743.7698874798562,300,,,,,,,,
5,1006,Gaussian Neural Model,0.44687044912025137,0.29926309884737745,0.20995750180323658,0.875,0.9458698813310721,2.307247325999924,500,1,1749.372440420227,1784.7965610922965,44.62871926609172,-0.37001309065148275,-0.00020731387471131966,0.025004933469156224,287.7542241806483,1299.290166914182,300,,,,,,,,
5,1006,Proposed Adaptive NSST-BNF,0.49241629027527617,0.3141266761082526,0.22219906017462943,0.9375,1.1678245900591504,9.20581393500106,800,1,2291.5616969773732,2327.112930921563,37.11429775321341,-0.302465600078277,-0.00012997461191472864,0.015948644889578138,159.35729677573266,620.817048609605,300,1.8893511318447718,-0.029387399970064454,0.7794560308032543,-0.04435621905015408,1.119677538590323,-3.9042107106070976,0.7566732300066913,0.5406552053861458
5,1006,Sparse Variational GP,0.4366367100214243,0.2922068695888543,0.2034142218403832,1.0,1.8692299295959232,2.4969705219999696,700,1,64.32062128843462,65.43646163215278,0.9310279721072148,-0.0102193539189853,-0.0001561721655494,0.0142279693749475,3.9429268849113694,79.729909438139,300,,,,,,,,
5,1006,Stationary Skew-t Neural Model,0.46466641090635935,0.3078313623393408,0.21451626477276126,0.8125,1.0138157189262091,3.786740108998856,600,1,1748.517439952219,1771.3662266154793,25.514992151395482,-0.1278423190112716,-7.217159110882326e-05,0.014404131549999432,230.2571293377208,1070.5831460154996,300,,,,,,,,
5,1007,Gaussian Neural Model,0.600313334590684,0.4842055292032194,0.3586926807099417,0.5625,1.0632104268600733,2.227808493000339,500,1,1780.476066230178,1826.2166761060967,52.70319590456294,-0.23381535180752258,-0.00012803264523138033,0.028859223877496256,775.4014309200691,3073.8423469362306,300,,,,,,,,
5,1007,Proposed Adaptive NSST-BNF,0.5624325108659943,0.4267474197784275,0.3132145993028803,0.6875,1.3668522423234,11.47425287400074,1000,0,2417.739500917846,2446.176286423678,78.55512179203777,-0.03701460031451389,-1.5131616032722404e-05,0.03211343443562104,338.8496792372882,1422.1653621988385,300,2.0739352151988673,-0.0027895291904909136,0.7738285615525043,-0.017298083565816302,1.1407670155453609,-4.267046436201717,0.7298451302557052,0.5257482509953021
5,1007,Sparse Variational GP,0.4759124584247406,0.3522011591544887,0.241257910520939,1.0,1.7730796678796923,3.129659393999873,900,1,54.59210722591931,55.54524263985238,0.8287996901227154,-0.0092905110898367,-0.0001672602485522,0.0149211642749771,12.672081978727403,96.25166981535384,300,,,,,,,,
5,1007,Stationary Skew-t Neural Model,0.5978231736106112,0.48457198295046866,0.3599131416141521,0.625,1.1098389471329833,4.595337610999195,600,0,1786.2364282519366,1817.100358944228,78.10648651890779,-0.034711828006736556,-1.9102867838793898e-05,0.04298413465962287,564.6364485790464,2965.414319529339,300,,,,,,,,
5,1008,Gaussian Neural Model,0.5477982384848421,0.3865347804106741,0.29187365290741774,0.8125,0.9704070031613605,2.797612628999559,600,1,1624.1548798895728,1655.338607295676,56.55846564174845,-0.1437475806248082,-8.683877726965379e-05,0.03416730896776937,283.7875659965148,1542.6356596859848,300,,,,,,,,
5,1008,Proposed Adaptive NSST-BNF,0.6311453264543103,0.3789790441625341,0.27563699496396254,0.9375,1.6166193881513813,11.175839388000895,800,1,2264.3955646024433,2298.3430101223166,40.084711034859424,-0.24232313580714318,-0.0001054338428771982,0.017440700042734753,116.3093347540998,566.1105356125784,300,1.994613932593807,-0.01848950907322111,0.7732645842099309,-0.05447182020009622,1.204788738564233,-4.112331996297374,0.7982619583535041,0.5061369843252047
5,1008,Sparse Variational GP,0.3878364748818448,0.3294124782178182,0.2264649127640722,1.0,2.1032836977042093,2.9670488090000617,800,1,81.73734646640192,82.79242781851306,0.8634064918659164,-0.0095105166412227,-0.0001148718172882,0.0104285683439378,80.0204519213316,258.113430029026,300,,,,,,,,
5,1008,Stationary Skew-t Neural Model,0.5551077957625705,0.39139416598852744,0.2917300870874394,0.8125,1.0290849915465956,4.261155185999087,600,1,1619.6332256319072,1651.3986207195235,50.080350563132605,-0.12322617662586302,-7.461928033594495e-05,0.03032602179436985,230.34503227832167,1373.927475912835,300,,,,,,,,
5,1009,Gaussian Neural Model,0.5056369261923778,0.37261628721321816,0.27897458038021494,0.6875,1.1495074752751049,2.8673667200000637,600,0,1554.1678648604866,1578.8644501814038,56.10438826309862,-0.10514825627347062,-6.659739299430648e-05,0.035534645331112794,143.88319276429286,734.5680003869616,300,,,,,,,,
5,1009,Proposed Adaptive NSST-BNF,0.5218167793237153,0.38532597567799726,0.26854631811965884,0.875,1.6983194139006135,10.328795590001391,800,1,2210.115071190688,2247.0357627321396,38.73491894587102,-0.24937409764005597,-0.00011097914050858068,0.017238229844091915,87.63165642945353,479.98719879383884,300,2.1694971592342873,-0.0004428960647564484,0.7922254811362837,-0.0007740567093039719,1.188344884244806,-3.4607341736712627,0.7924022186132703,0.5092457519219842
5,1009,Sparse Variational GP,0.3950480033199909,0.2403222501914088,0.2128277945764226,1.0,2.241581431153484,2.1895583340001394,600,1,79.19609731294565,80.05583021974358,1.060382948778878,-0.010637707631661,-0.0001328786123691,0.0132455430899691,1.1546785099748709,10.944224087280476,300,,,,,,,,
5,1009,Stationary Skew-t Neural Model,0.5156293961615704,0.3657715952328407,0.2783514576943128,0.625,1.090310352933115,4.201470890000564,600,0,1767.650389186128,1603.0302936433059,50.69842923270779,-0.05404731784075018,-3.37157183211513e-05,0.031626619555318765,186.1423833635805,948.0312920209968,300,,,,,,,,
5,1010,Gaussian Neural Model,0.6139091997322695,0.3720856760185829,0.27796933956784914,0.6875,0.8946733202306145,2.9137153070005297,600,1,1775.428826946087,1800.4980695534125,34.19749128945636,-0.13260732972984673,-7.36503592934915e-05,0.01899335071097218,302.120642429453,1372.745805892883,300,,,,,,,,
5,1010,Proposed Adaptive NSST-BNF,0.5775585297127436,0.33314996958380505,0.24645397876463926,0.8125,1.1157593603509444,10.731144936000419,800,1,2369.186574033743,2398.9614186438776,32.04441606104797,-0.26414601519905573,-0.00011010848825921353,0.013357620431912793,204.07743456119417,801.6772046368973,300,1.7880497230201993,-0.00014633613624859265,0.7057623333091706,-0.0056777879773053375,1.0424638726556537,-2.589073662969011,0.7284564310144991,0.5686035459150753
5,1010,Sparse Variational GP,0.381977804381398,0.2189537830056316,0.1885014593351378,1.0,2.0978146798462314,2.6865512379999927,600,1,75.69235659036596,77.21602587723964,1.2826983584345386,-0.0142854826168688,-0.0001850067062448,0.0166118152787841,74.90097390599803,135.64640613054627,300,,,,,,,,
5,1010,Stationary Skew-t Neural Model,0.6113005936956193,0.3659310452984317,0.2738645447639264,0.6875,0.9659153892347063,3.763589902999229,500,1,1771.8052103525335,1817.338740214981,43.97249178027657,-0.34573587593745364,-0.00019024294606549512,0.02419609003386724,314.58120655776366,1335.236799270621,300,,,,,,,,
5,1011,Gaussian Neural Model,0.451635808390414,0.313065045094746,0.21471834811087975,0.875,1.1152235416506455,2.800693754999884,500,1,1849.490461196689,1856.8793923722212,61.01216155796941,-0.2971741935040073,-0.00016003957754324468,0.03285736370848752,435.05311329401997,1885.5440690926284,300,,,,,,,,
5,1011,Proposed Adaptive NSST-BNF,0.27275510181450496,0.20901000518542182,0.14423805268135984,1.0,1.3677250886719179,11.005234255999312,800,1,2502.0320447047143,2497.544150344533,35.638287855774834,-0.2530877085567649,-0.00010133462846766959,0.0142693324764083,284.4462579636497,1230.7750470793937,300,2.0183556433272436,-0.00978385260669623,0.7370621875068711,-0.0010039447491310138,1.1316640593754355,-4.367114287986869,0.7994853237758146,0.5203976097953494
5,1011,Sparse Variational GP,0.3691149955307595,0.2895011639523431,0.2108339352881224,1.0,1.962012752975332,5.014110212000105,900,1,73.58938648793205,74.45901101939756,0.8129135002871015,-0.0089950736015926,-0.0001208057087845,0.0109175973352011,3.5403106106804505,4.17608005200773,300,,,,,,,,
5,1011,Stationary Skew-t Neural Model,0.43314422408540976,0.3027707471630887,0.20966950771368523,0.875,1.1426596828167,4.356026628000109,500,1,1821.6467752582862,1869.891737142601,54.16119347038741,-0.33900640257211007,-0.00018129734242804279,0.028964881973943375,459.8721243157644,2029.6946439028543,300,,,,,,,,
5,1012,Gaussian Neural Model,0.25858985591127986,0.1826679749697257,0.11962252589570992,1.0,0.7856401104899325,3.2543350899995858,600,1,1660.3547847743398,1686.9784061958999,44.028904133716956,-0.09302584390181808,-5.5143470455907796e-05,0.026099269541334062,341.75286051570504,1383.9198530031654,300,,,,,,,,
5,1012,Proposed Adaptive NSST-BNF,0.23353756170378823,0.1620374256654009,0.10250142583085921,1.0,1.0445108825627338,10.632961786999658,900,1,2266.947155398427,2289.0721215194517,34.66407460960883,-0.08925048093722014,-3.8989807310211346e-05,0.015143286348968037,186.35965963941646,891.952524455372,300,2.157673038392909,-0.011474025933601029,0.7893632206254773,-0.008217521735133015,1.1067761354978158,-4.79062235140579,0.7433185275959098,0.569550349381282
5,1012,Sparse Variational GP,0.4707068454326025,0.3379335106429642,0.2338283587726823,0.9375,1.528402661388763,3.4232046960000844,900,1,54.01454181125811,55.02089422562099,0.8111811301327193,-0.0091869017513875,-0.0001669711457926,0.014743146972609,3.3053238336802955,23.50542847998496,300,,,,,,,,
5,1012,Stationary Skew-t Neural Model,0.2274715750523288,0.14857321558148975,0.10088433723405213,1.0,0.8129348739310025,5.301726137000514,600,0,1663.6625429589335,1684.747812804038,59.56203522977994,-0.08716906632794383,-5.174012731487836e-05,0.035353680103995415,258.2786345207369,1608.0877549971015,300,,,,,,,,
5,1013,Gaussian Neural Model,0.8911924716164842,0.7198179310025956,0.5623950929395493,0.5,1.379502659057406,3.411264633999963,600,0,1913.5473500071566,1933.3613464560267,125.10880363660436,-0.14947197542945692,-7.731197052400391e-05,0.06471051253090201,537.9373656695946,2108.33135750009,300,,,,,,,,
5,1013,Proposed Adaptive NSST-BNF,0.7941544451715544,0.635171726247532,0.44888174908991846,0.9375,2.4043714554265363,10.684561366999333,1000,1,2394.959142796825,2423.320672065693,77.96847585119751,-0.1442094930122117,-5.950904256071246e-05,0.03217422966343757,146.9833739979797,641.1902328308851,300,1.7819808509464456,-0.0895256249050631,0.7531211480493339,-0.0847333157482455,1.2203629827409117,-5.89889237671844,0.8504429709947802,0.47875199401988744
5,1013,Sparse Variational GP,0.8474239488212587,0.6823289719635313,0.4581996291957785,1.0,3.121318814178582,1.99951027599991,500,1,90.07001677354226,91.28879804275122,1.3824416549093923,-0.0141219806074493,-0.0001546956571915,0.0151436067135199,0.8356036494547453,8.27111365019725,300,,,,,,,,
5,1013,Stationary Skew-t Neural Model,0.9192432632464776,0.7326947426012942,0.574173992635024,0.5,1.3796861104201843,4.251383212000292,600,0,1900.8884150933332,1968.4268253367666,166.7969563655034,-0.3889389471992808,-0.00019758872526680758,0.08473617318081764,576.73553254531,2605.4184214042916,300,,,,,,,,
5,1014,Gaussian Neural Model,0.7330995628794875,0.5492286418289002,0.438183135475713,0.6875,1.1274606871172257,2.7162613089985825,600,0,1687.0268431803343,1735.4222993982219,94.87112720016677,-0.07898806512321704,-4.551518391264596e-05,0.054667458884828435,454.24681609588004,1758.6082897937677,300,,,,,,,,
5,1014,Proposed Adaptive NSST-BNF,0.6409813363474567,0.47595783036564054,0.3575650044705791,0.875,1.7850590330772584,7.946701184000631,800,1,2273.514421135133,2291.5780680714006,56.988620988480044,-0.2510619130495174,-0.00010955852499531549,0.024868723340698503,147.84728674752125,743.317087201664,300,2.074584482808832,-0.04953267066917344,0.7643435896647375,-0.07675241812556588,1.152797930694001,-4.345165180273435,0.8230642804493719,0.48622960980910923
5,1014,Sparse Variational GP,0.5123115004701372,0.4624411653244794,0.2954334814832305,1.0,2.2223564481541,3.2568474760000754,900,1,80.54735725559745,81.2456336681315,0.6110011861123803,-0.0068359381177382,-8.413914458051179e-05,0.007520418741617,2.6293647506995006,13.154685076495376,300,,,,,,,,
5,1014,Stationary Skew-t Neural Model,0.7517355971530717,0.5544358102523774,0.4461042379425183,0.6875,1.0660645713767418,3.5675005649991363,600,1,1688.7129505492533,1738.780660322876,104.39574175967545,-0.2957357314777002,-0.00017008225259578433,0.06003962670040857,424.26318564207907,1678.0113894447895,300,,,,,,,,
5,1015,Gaussian Neural Model,0.35285148497119817,0.24415741311554473,0.18909991860143266,0.8125,0.8898231393467443,2.4896484189994226,600,0,1768.8779775985968,1789.2958924808618,62.215472247319745,-0.15554314726377497,-8.692980737138677e-05,0.03477092442271125,394.75337887691387,1633.1810651320156,300,,,,,,,,
5,1015,Proposed Adaptive NSST-BNF,0.31409264043246515,0.2505761243883939,0.16767751816291349,0.875,1.206021681373632,8.4082558099999,800,1,2393.2625638170125,2414.134474137131,38.72439257321657,-0.26076312669810614,-0.00010801516215922851,0.016040694082320155,256.2140594926424,988.5139358082745,300,2.0371565042844217,-0.002922326260260455,0.776600997970936,-0.009734309211053116,1.152042270714052,-2.748110246125727,0.7722649369845227,0.5467090157258684
5,1015,Sparse Variational GP,0.3728302324513088,0.2669729545517023,0.2018736876032349,0.875,1.5020442030630532,1.919610653000064,700,1,54.097249883466205,55.16588840364515,0.8447337366805087,-0.0092747934465975,-0.0001681255158755,0.0153126100408214,3.806496890243684,140.8866256791351,300,,,,,,,,
5,1015,Stationary Skew-t Neural Model,0.3513732613202744,0.23617237082457684,0.18999326771769848,0.8125,0.9601494169457814,3.7408428259986977,600,1,1752.9575808420861,1785.8223419919486,52.01128391483603,-0.10642967425045081,-5.959701127478144e-05,0.029124556621249,410.8106213014288,1533.9174725064734,300,,,,,,,,
5,1016,Gaussian Neural Model,0.2611960657766728,0.20306126555939122,0.15347037469412916,0.6875,0.6419401750855216,2.4615628739993554,600,1,1728.6900556903809,1755.005882215233,45.192602953513365,-0.09291118098379603,-5.29406664247302e-05,0.02575068460538125,343.3271440769592,1415.2148773079375,300,,,,,,,,
5,1016,Proposed Adaptive NSST-BNF,0.24446849905209236,0.18970954681928837,0.13873490492707657,0.75,0.7846682502326784,8.86742863499967,800,1,2367.227503402619,2402.5846006858715,34.990682578097164,-0.2152653215729889,-8.959739503513696e-05,0.014563767106518655,280.85142336976867,1311.3747736442085,300,2.202540467240893,-0.0008361059038100027,0.787897497702693,-0.0018842148258360059,1.0610835371336746,-3.9228422862489856,0.7617847601652126,0.5515907974933281
5,1016,Sparse Variational GP,0.3429106019320985,0.2955972195939756,0.1990051403440812,1.0,1.7706041806768762,1.9956267459999708,600,1,70.54929795424093,71.60191853334298,1.0122891248120014,-0.0108559543653924,-0.000151615411818,0.0141377374454092,31.10256264871051,87.02801825317749,300,,,,,,,,
5,1016,Stationary Skew-t Neural Model,0.262315772304979,0.20080945469867095,0.15256323304366368,0.6875,0.6356646133313708,3.1909207819990115,500,1,1752.6660048409433,1797.5957443202947,46.859900387691184,-0.26124147632247774,-0.00014532826813141907,0.026068097087874328,418.44062945329955,1816.4316347382673,300,,,,,,,,
5,1017,Gaussian Neural Model,0.5058236941336168,0.29592360176500176,0.21602855141445143,0.875,0.9552193907588638,2.597965643999487,600,1,1720.6696065477206,1732.3911712016845,43.126425662342164,-0.12019363101549795,-6.9380191387217e-05,0.02489416153767813,453.4471188312275,1765.809166731187,300,,,,,,,,
5,1017,Proposed Adaptive NSST-BNF,0.4695271600958471,0.26410082581698413,0.18436203617131697,0.875,1.218971386947509,7.524610151998786,700,1,2336.392009814215,2391.7492642820152,36.26827192974215,-0.2961200891265324,-0.00012380900186685133,0.01516391056176601,394.17603561900495,1550.5676529639313,300,1.8837178941373143,-0.014671728387848804,0.7010728741983815,-0.018249020304924812,1.0982613023777106,-3.8219753761925253,0.7096523429787541,0.5876858396200656
5,1017,Sparse Variational GP,0.543050726719563,0.3179080501628077,0.2299879300891173,0.9375,1.5601913212392629,3.235568331999957,1000,1,50.9358715806139,51.64686963524377,0.5557213691995431,-0.0060960991484322,-0.0001180342427621,0.0107600203676295,3.519027689857526,56.194238814882304,300,,,,,,,,
5,1017,Stationary Skew-t Neural Model,0.4768968299671486,0.26470450563162,0.19704259774200392,0.875,1.0337943147183102,3.193808275000265,500,1,1686.6113729982856,1722.7284081528262,44.34055464824109,-0.26900836959525587,-0.00015615251267824424,0.02573856357067024,421.32530927132876,2035.6690540961702,300,,,,,,,,
5,1018,Gaussian Neural Model,0.516589788391007,0.31495504199865426,0.23341005736105336,0.8125,0.8355225146982921,1.9963014940003632,400,1,1826.356902985722,1861.6275192201144,67.96382065498618,-0.5241839494185702,-0.00028157294840493364,0.03650774387105,537.1678852691623,2370.5073035131904,251,,,,,,,,
5,1018,Proposed Adaptive NSST-BNF,0.4948279590429112,0.30145483145419144,0.21128239546147504,0.9375,1.0753648679709489,8.501641479999307,800,1,2459.9228576969,2488.1536055582296,31.576867584935975,-0.2393903690262894,-9.62120539871496e-05,0.012690883518765529,348.69842106301195,1181.5408787668198,300,1.9719854189401533,-0.05769219900429445,0.7389915543047924,-0.03041617122813789,1.0742173572548663,-3.9948263797147403,0.7330923724159429,0.5533470062763308
5,1018,Sparse Variational GP,0.3865033120188479,0.281127436861055,0.1993454269910934,1.0,1.6923168678835256,2.4761179649999576,900,1,61.46552424204464,62.1465739919042,0.5937928750048207,-0.0066465472323003,-0.0001069495356761,0.0095547161631494,2.2494815396137926,3.091521782322444,300,,,,,,,,
5,1018,Stationary Skew-t Neural Model,0.5308518317102683,0.32208644386769514,0.23518640851508876,0.8125,0.8340829791317186,3.1906732259994897,500,1,1782.4728637250705,1828.5858539904025,46.72260811754678,-0.3059699588632119,-0.0001673260012350602,0.02555122474320092,459.03792089666024,1931.7223241621384,300,,,,,,,,
5,1019,Gaussian Neural Model,0.6292230097802187,0.4992481188779718,0.371849183164324,0.625,1.4841257696660652,2.127798748000714,500,1,1561.5326878866958,1618.7351080284138,70.46498112211641,-0.3768566294094941,-0.00023280932596099528,0.04353089073847374,216.96153824009212,1063.5724165523263,300,,,,,,,,
5,1019,Proposed Adaptive NSST-BNF,0.7342113920524257,0.5794641413517297,0.37563311993867365,0.875,2.369658655566484,8.484633685000517,800,1,2162.222774371901,2184.2209367841306,26.269245515005757,-0.23971739747393478,-0.00010974961069042544,0.012026826166075694,74.7733965236468,230.5845104135673,300,2.0741525972302415,-0.1136396500382737,0.7446284953587406,-0.10591463245094812,1.1069558781771918,-3.144066281405201,0.8304952660822557,0.46011031397426133
5,1019,Sparse Variational GP,0.7896006959552715,0.5401531817724525,0.3907798546348257,0.9375,2.685636379597044,1.659427499000003,600,1,86.86123416729882,88.44701664828371,1.468493774939985,-0.0161408431055735,-0.0001824916624351,0.0166030899694395,10.36037413169321,32.056201729847054,300,,,,,,,,
5,1019,Stationary Skew-t Neural Model,0.6493085849611069,0.5138856704176193,0.386782773403749,0.625,1.487092331737749,3.57409539100081,600,1,1559.079409671199,1586.0393247781299,68.89696282489797,-0.20542000166406385,-0.00012951759672970265,0.04343963087708174,199.97383325192453,1200.812579244164,300,,,,,,,,
5,1020,Gaussian Neural Model,0.2654662862218222,0.18496444007136292,0.13671228909628977,0.875,0.9164033124691249,2.3238414930001454,500,1,1679.087088186791,1718.56002835028,34.108146340737804,-0.1705510173544203,-9.924065179040589e-05,0.01984693335005567,427.5772729319998,2066.382304132887,300,,,,,,,,
5,1020,Proposed Adaptive NSST-BNF,0.2606291480394062,0.18173787000731725,0.13201738764247054,1.0,1.1211808047754372,6.628315185998872,600,1,2386.3683020315825,2464.2091183375132,64.13702549722326,-0.5895454645996783,-0.00023924327696564032,0.026027428037638904,342.2853466371105,1642.7184578685983,300,1.9371334645899878,-3.617951743017933e-05,0.7247421456168716,-0.000521760747776101,1.1604860262459114,-3.3091331096722163,0.773533212202028,0.49303903640244073
5,1020,Sparse Variational GP,0.1991060867455386,0.1629088387947877,0.1178170427478469,1.0,1.1230735916991028,3.318699225999808,1000,1,43.20549403726566,43.73995576768306,0.4468154991392694,-0.0048332912601097,-0.0001105005978008,0.010215270941572,2.8442343632752003,17.628369023052905,300,,,,,,,,
5,1020,Stationary Skew-t Neural Model,0.319587979341072,0.2377353638897955,0.1679452300994853,0.9375,0.9995879945412033,3.2457465269999375,500,1,1683.0392666133757,1709.4788227948159,35.888737263603666,-0.23338910437557675,-0.00013652646716851997,0.020993964233455308,397.6500418781725,1788.9752494713125,300,,,,,,,,
5,1021,Gaussian Neural Model,0.4303885423829924,0.3636244343705298,0.2731326116495754,0.6875,0.8835343855137099,2.8344075859986333,600,1,1888.658019928659,1924.647654213946,57.3079274520612,-0.1601049971498763,-8.318665330733767e-05,0.02977580198982788,289.10914963741277,1293.4993486970743,300,,,,,,,,
5,1021,Proposed Adaptive NSST-BNF,0.3686370485216785,0.3117351447358375,0.2210290624503396,0.875,1.28656157442615,28.993892553999103,800,1,2523.0233339690344,2516.346559687177,40.32670253414076,-0.2868532811115794,-0.00011399593589654034,0.016025893722347216,162.90533306289274,795.5632320076448,300,2.0499173134285473,-0.0051899778481330205,0.7347777598181567,-0.011716402155315775,1.1712195184962093,-4.971261026107228,0.8095827769925312,0.5693737613508599
5,1021,Sparse Variational GP,0.6126219487470129,0.4049006057275292,0.3355960585176309,0.875,2.555653371445368,2.363991054000053,600,1,94.11324091907127,95.63473188839647,1.2831839889357757,-0.0144447180822087,-0.0001510405037687,0.0134175520085444,4.043480896504332,17.809375592578323,300,,,,,,,,
5,1021,Stationary Skew-t Neural Model,0.4365430931017417,0.3716353628160493,0.27874800621347534,0.6875,0.8527146360619983,3.3081039170010627,500,1,1909.7279227672614,1976.896474967016,90.53923261751467,-0.4738236980287655,-0.00023968058217953517,0.045798671687663994,350.75214904386746,1976.4188467642716,300,,,,,,,,
5,1022,Gaussian Neural Model,0.3234575642898774,0.2031771523497884,0.15869418604664726,0.9375,1.0578670218480801,1.8482711639990157,400,1,1759.5609627470153,1823.385249125001,61.098622265439715,-0.590236255632478,-0.00032370353764555124,0.033508345147992974,538.5002837973384,2359.585249323236,251,,,,,,,,
5,1022,Proposed Adaptive NSST-BNF,0.23149488512252497,0.15171890645494007,0.12451427719000133,0.9375,1.2694814737759064,27.055021344000124,600,1,2432.21666493346,2512.198750432037,77.646719556703,-0.6133661872504962,-0.0002441551199502077,0.030907872851759693,393.9427426574425,1835.5810261637719,300,2.14140411865207,-0.019738470613545722,0.774574070775021,-0.013087971452266478,1.1166325552114489,-3.5061322516945443,0.7599665080439673,0.5208494449967699
5,1022,Sparse Variational GP,0.2976726926693324,0.2497219073150266,0.1728148335729264,1.0,1.680104453447599,3.115064700000403,800,1,59.19700709879461,60.24575840051119,0.8358164124115373,-0.0090559791906471,-0.0001503172908944,0.0138734482659352,147.24252877204827,365.6229073034221,300,,,,,,,,
5,1022,Stationary Skew-t Neural Model,0.30113041590530226,0.18492280568390285,0.15030232027248844,0.9375,1.0253683830207188,4.386644594000245,600,0,1762.4682168828176,1776.7395317950584,78.67426140073377,-0.09096990149972936,-5.1200471353176614e-05,0.04428013222694961,478.6518509459512,1851.9801494908565,300,,,,,,,,
5,1023,Gaussian Neural Model,0.47393237605224986,0.3712838768840204,0.2743651412997813,0.6875,0.8569771143153807,2.0954282180009614,500,1,1695.3847354101365,1739.3290725086852,51.75859313612221,-0.35699490309825443,-0.00020524862646224276,0.029757792216667342,316.67264648021103,1440.5720395360318,300,,,,,,,,
5,1023,Proposed Adaptive NSST-BNF,0.41442140632069685,0.31506614386440557,0.2223935667535907,0.875,1.139260201705936,29.832821021998825,800,1,2263.570240703679,2288.308599982499,36.454858076775956,-0.28427107782307554,-0.0001242275966734773,0.015930918616944737,162.0918771009158,549.3084820279333,300,2.2028923929169926,-0.04347861616103743,0.8027063912026451,-0.06429160022347657,1.1534898699322027,-3.8921958882171923,0.794604932198582,0.49955484241876646
5,1023,Sparse Variational GP,0.4445229999997842,0.3733137053143232,0.2631070148731049,1.0,2.0672756319023424,2.5160367609996683,700,1,72.71465988503567,73.73401898380051,0.7795805589435949,-0.0084921658560583,-0.0001151729686391,0.0105728749047961,2.532631737274307,63.70159754065174,300,,,,,,,,
5,1023,Stationary Skew-t Neural Model,0.47195251547763245,0.36823181332236077,0.2729502299740579,0.6875,0.8200878590694288,21.709266198999103,600,1,1733.32183992959,1749.2868584393252,32.46304098491629,-0.12497678565557085,-7.144442036629275e-05,0.018557871642549854,363.15095670850474,1468.1748124109827,300,,,,,,,,
5,1024,Gaussian Neural Model,0.23493275949531492,0.13861368874815372,0.0988593208892761,1.0,0.8506781134177829,22.221627910999814,500,1,1829.4763464616933,1832.1861436510023,40.98280886923167,-0.26127577172794825,-0.0001426032898640436,0.022368256091908376,500.8543178721985,2029.7559912384183,300,,,,,,,,
5,1024,Proposed Adaptive NSST-BNF,0.20754727143328186,0.11825966973254573,0.0895136908336975,1.0,1.0310033020062448,9.368237376998877,800,1,2424.9060434589014,2456.0542889382405,30.51661651281342,-0.2816761965071597,-0.00011468646999204934,0.012425057805218888,302.8239166439473,1157.7243387564545,300,2.0243087042556565,-0.0007481770075381533,0.7619245092435516,-0.0019087460949005486,1.0680622392436667,-4.149896564063223,0.7308759112966454,0.5475996131894836
5,1024,Sparse Variational GP,0.1956063429063724,0.1404809229347527,0.1178057134014755,1.0,1.4310625380804276,4.022624067999914,900,1,50.38190882219882,51.43942088579213,0.9734842664398634,-0.0106412605041465,-0.0002068697571026,0.0189248683145405,7.111425330651021,115.23786193004514,300,,,,,,,,
5,1024,Stationary Skew-t Neural Model,0.21847549356845472,0.13274271463404858,0.09091272876028414,1.0,0.886334713873578,6.2595126339983835,600,1,1777.703831433798,1796.9778853601847,26.210665777023387,-0.12543871498377904,-6.980537490512085e-05,0.014585970139398644,473.1579694663709,1865.03605223675,300,,,,,,,,
5,1025,Gaussian Neural Model,0.6969048285475746,0.586589652142001,0.41199061582522334,0.875,1.688758144190024,2.481381063000299,600,0,1781.3847876251934,1842.060990802806,77.02389611685871,-0.14208624682556847,-7.71343878052835e-05,0.04181397711662639,335.53024476094845,1669.2785950700058,300,,,,,,,,
5,1025,Proposed Adaptive NSST-BNF,0.6462268783982075,0.5415119711742108,0.3640987886536913,0.9375,2.6545838116444513,11.701792631998615,900,1,2398.0135761969827,2432.3294250030795,79.67780943604836,-0.13166428094357993,-5.4130941142322114e-05,0.032757819979893334,148.35474842133095,847.8862805385643,300,1.9041611182108171,-0.002228698845403221,0.7515473884562286,-0.008567907965165267,1.2330921333666154,-4.502374020082705,0.8366586835283892,0.4913211723397927
5,1025,Sparse Variational GP,0.5079366531771343,0.3814427310702045,0.3197421497322273,1.0,3.384066442097347,4.68841045299996,700,1,96.11217650510036,97.5156728886404,1.0017860263386698,-0.0112616551676072,-0.0001154855915363,0.0102730771030279,4.297027669093857,118.9171196031012,300,,,,,,,,
5,1025,Stationary Skew-t Neural Model,0.7082474226178509,0.5954030032286894,0.42262034674381993,0.875,1.7409704938604307,3.6341055190005136,600,0,1832.5211700335312,1879.640273120172,160.22232507723487,-0.1755583011513799,-9.33999466078453e-05,0.08524095135037109,352.6260148726416,1811.8009469851,300,,,,,,,,
5,1026,Gaussian Neural Model,0.5937829599198378,0.41669352091974143,0.3160674324199272,0.9375,1.2998296383139778,3.0558789400001842,600,0,1754.8737876900398,1774.704374463053,62.44594367217894,-0.12204613045762336,-6.876983694512448e-05,0.03518667366280217,803.595237146295,2891.9974797280106,300,,,,,,,,
5,1026,Proposed Adaptive NSST-BNF,0.5553405754409265,0.3815923437404644,0.27892702665698876,0.9375,1.5528521933264698,11.210321229000328,800,1,2412.0567096912755,2452.8555050895347,55.0820305299915,-0.25352261514356306,-0.00010335815322896846,0.022456288360932563,515.4788251124141,1955.3842642013421,300,1.9959606913898331,-0.0010156882548069124,0.7887673793086373,-0.00572388633544918,1.138681344578691,-3.6169181715193606,0.7742967505683753,0.5459729940571698
5,1026,Sparse Variational GP,0.2711554132032996,0.2277777160294865,0.1526997652439438,1.0,1.2263398120436375,4.116901898999913,1000,0,41.34396856683438,42.6183449395467,0.8650168996958877,-0.0098227450123836,-0.0002304816159875,0.0202968205575058,7.151322759011872,199.7176577249557,300,,,,,,,,
5,1026,Stationary Skew-t Neural Model,0.5718853130966205,0.3944877763378657,0.2981324896739074,0.9375,1.293791398920105,4.243547008998576,600,0,1780.8927028246521,1795.1688051004576,100.52582558075143,-0.09878531888271949,-5.502842885975362e-05,0.055997979295950365,867.3394711654596,3597.390013905373,300,,,,,,,,
5,1027,Gaussian Neural Model,0.5075688506146908,0.38374057675950407,0.28201391452226543,0.6875,1.141538216713234,2.587103523999758,600,1,1821.8277702484468,1853.4019877344665,47.939245963683895,-0.1697139344059992,-9.156887471209171e-05,0.02586554146425791,227.3354758086918,1035.6642233184355,300,,,,,,,,
5,1027,Proposed Adaptive NSST-BNF,0.4997793071133772,0.37882997508449234,0.2698749918139767,1.0,1.5964136778992222,9.695073568000225,800,1,2378.7038901216297,2418.999377948589,42.63673217859835,-0.3022171148290372,-0.00012493476335050967,0.017625772278931313,161.72096453380178,766.6409171972059,300,1.7758445442185078,-0.009764030558982562,0.7201727655657546,-0.024813452274468073,1.094126262801558,-3.714880321459729,0.783810683302376,0.5085656376431283
5,1027,Sparse Variational GP,0.6339771771127544,0.5074697754982409,0.3504613082253355,1.0,2.1458423376640336,2.31031302700012,600,1,69.58500320797799,70.22644932319815,0.6679719285078293,-0.0071918296282953,-0.0001024091307136,0.0095116859095874,14.95948982707275,39.51911234333366,300,,,,,,,,
5,1027,Stationary Skew-t Neural Model,0.5045792390695447,0.3939790544282158,0.28574524204158025,0.75,1.1373581771230306,4.791078533000473,600,0,1859.63853832323,1874.252417343761,81.19062627466198,-0.145433981798232,-7.759572854351429e-05,0.043318939073173184,336.6941901499871,1586.6062666760895,300,,,,,,,,
5,1028,Gaussian Neural Model,0.5988830870517562,0.4423847295120763,0.3344199019353448,0.6875,1.4173265312130037,3.3683411729998625,600,0,1701.8679455253823,1768.0266730521103,139.77058884733933,-0.2518134966472644,-0.00014242629960585577,0.07905457026055834,404.04062445829777,1995.8054335271445,300,,,,,,,,
5,1028,Proposed Adaptive NSST-BNF,0.7828443163093399,0.5321333904997142,0.36717469668943326,0.9375,2.473644386603361,9.218918235999809,800,1,2277.401416460068,2313.90162013546,31.976011062867556,-0.27127663394954,-0.00011723775617290889,0.013819088410939274,85.72886037432508,324.32701622508756,300,2.127738574709624,-0.01955139165114872,0.7813218178066763,-0.005512316387956906,1.2369923073126161,-3.868570983664834,0.8466660526909661,0.4716801450953114
5,1028,Sparse Variational GP,0.6460906399660435,0.5106138197525977,0.3615861968702438,1.0,2.84840107341525,3.3510418410000966,700,1,94.22188502255516,95.62539229532678,1.133213727344132,-0.0123160444183173,-0.0001287947073752,0.0118505524541466,2.6195535800725387,72.80241724806594,300,,,,,,,,
5,1028,Stationary Skew-t Neural Model,0.57718267267734,0.4189815066550906,0.31934412870151124,0.8125,1.4647130535507502,4.5558954419993825,600,0,1712.2101708292562,1788.0932322830463,146.6269178681589,-0.30115541038909494,-0.0001684226554588421,0.08200183034133228,406.08830572858056,1674.7057396011821,300,,,,,,,,
5,1029,Gaussian Neural Model,0.2862495501797562,0.2221532166747031,0.16866176898648763,0.9375,1.450308885484898,3.1385922170011327,600,0,1627.420353958609,1673.9468694665964,78.79311353668908,-0.1615354740124677,-9.649976170626069e-05,0.04707025950100584,238.89360509748695,1392.2763239593137,300,,,,,,,,
5,1029,Proposed Adaptive NSST-BNF,0.37874080037312424,0.2636343221451838,0.19947862790794224,0.9375,2.015199902483737,8.523385860000417,800,1,2287.4397946864988,2315.3345987263533,37.43049415650552,-0.2597064957371561,-0.00011216801920552582,0.01616634337736572,99.5881933644036,590.3451027262325,300,1.9334481098019638,-0.0069283056000295495,0.7354666374757625,-0.021434327822523525,1.1660798662650098,-4.151724007470659,0.8018290873090707,0.5152736441143516
5,1029,Sparse Variational GP,0.5174956057758063,0.3595090876100823,0.267785501537401,1.0,1.9234904939088155,3.548396293999758,700,1,66.07135085876615,67.1483906147595,1.0004865469241233,-0.0106319972860123,-0.0001583358467518,0.0148996355350354,228.74323678578992,372.0636046134237,300,,,,,,,,
5,1029,Stationary Skew-t Neural Model,0.45193624037220215,0.3262196775013253,0.2335821698906147,0.875,1.4818479059282252,3.836577074000161,600,0,1669.3144395624256,1726.3443768245436,105.01664442990845,-0.2167172237390929,-0.00012553533735703694,0.06083180496296871,280.20862783125824,1875.3402314271764,300,,,,,,,,
5,1030,Gaussian Neural Model,0.27066984538322675,0.2248089924225984,0.15410815843530767,0.8125,0.6974608698545742,2.4860923039996123,600,1,1818.3449472554928,1835.689975423366,47.724149730981544,-0.10086036449340988,-5.494411684094334e-05,0.025997935582763577,604.7631657220348,2483.8112032163335,300,,,,,,,,
5,1030,Proposed Adaptive NSST-BNF,0.26997126252647463,0.21760056221177293,0.1473282727733179,0.9375,0.8108704430825542,7.316151091001302,700,1,2484.318012931039,2546.102494565884,65.03965791242874,-0.3171103732288271,-0.00012454737148470332,0.025544791716453706,494.6621233737943,3003.4817845493567,300,1.8669658394685562,-0.010369398126607088,0.7138140629507593,-0.002732533067719922,1.1085606596377258,-3.491885411464703,0.7193175852826422,0.5901940707901099
5,1030,Sparse Variational GP,0.3063009550396336,0.2160334109137924,0.1558133327195416,0.9375,1.2266404058023526,3.129265471999588,900,1,46.81051417769345,47.42404355462149,0.5202511569904279,-0.0058520226105663,-0.0001233977993425,0.010970198194745,2.328166402934745,2.9451012360825133,300,,,,,,,,
5,1030,Stationary Skew-t Neural Model,0.2929686161454983,0.24750028498429405,0.17000399345180317,0.8125,0.7369048208092408,3.2001126499999373,500,1,1825.5366310488726,1859.0656230907102,44.74809789884025,-0.2704910958520875,-0.00014549841194007662,0.024070208895824875,669.1594226819931,2738.217144735895,300,,,,,,,,
5,1031,Gaussian Neural Model,0.42162477793176006,0.3590125133219576,0.25313860375644665,0.75,1.0375794490414663,2.587714044999302,600,1,1664.5172727595796,1683.2520019096924,26.899942567227047,-0.1294980149370199,-7.693323090666224e-05,0.015980936031389455,326.09443045390486,1351.2035889340195,300,,,,,,,,
5,1031,Proposed Adaptive NSST-BNF,0.36321449746678675,0.30960101699900544,0.2160821732625982,0.8125,1.3000735677171984,8.395522079001239,800,1,2247.9923881821455,2281.869900291722,29.426500358010873,-0.27582069390582864,-0.00012087485525382788,0.012895783565158065,168.6447393638413,772.0204590447527,300,1.9799042250343397,-0.0032162276094580555,0.7167626311205636,-8.8792370125379e-06,1.148417820521038,-3.345282788313927,0.762947612900945,0.5320566959186804
5,1031,Sparse Variational GP,0.410853953647923,0.3044717158856628,0.2109480593619047,1.0,1.829299165381859,3.158598215999973,900,1,67.33442393918752,67.84121289892578,0.5007971108112873,-0.0054673943699826,-8.059104689251754e-05,0.0073819009037677,1.848590241708851,2.485479630085515,300,,,,,,,,
5,1031,Stationary Skew-t Neural Model,0.3953055562170301,0.33871570386560074,0.23946648277664725,0.75,1.1247777621762325,3.7886257209993346,600,1,1892.7854268252136,1713.397388230011,37.59428205871264,-0.12693261068443049,-7.408241167891324e-05,0.021941367669264748,382.6969676239329,1639.6743293645538,300,,,,,,,,
5,1032,Gaussian Neural Model,0.2916125066671622,0.206168143751881,0.14050014147751655,0.9375,0.8073990040270035,1.773170422999101,400,1,1736.8665189803016,1781.8952875438627,60.31066293422347,-0.5740820847392417,-0.0003221749834304503,0.03384635638009613,729.7307246390458,4490.976696934995,251,,,,,,,,
5,1032,Proposed Adaptive NSST-BNF,0.25574984852968463,0.19084771034263598,0.123012977659529,1.0,0.8710850996372254,7.121696375999818,700,1,2451.417101261896,2472.1230068298987,43.256815294781866,-0.26923516311477763,-0.00010890848164551021,0.017497840995481767,487.9244284622649,2257.9570198338592,300,2.05625749885417,-0.003504210543721742,0.7511695964188846,-0.0118943308584194,1.1232483531468611,-4.175393528683992,0.7202363864325927,0.5836568286458946
5,1032,Sparse Variational GP,0.3404172639885125,0.2741696693534274,0.1797636929961148,1.0,1.275247845928614,3.291176630999871,900,1,48.37821731386195,49.09758407302801,0.6439393629181013,-0.0071772691085003,-0.0001461837531114,0.0131154999798012,2.6611900869317915,7.281824326880401,300,,,,,,,,
5,1032,Stationary Skew-t Neural Model,0.2828581900595289,0.2019479893189059,0.13416515288611786,0.9375,0.7948884627033722,2.8844226870005514,400,1,1769.6141508429066,1822.74496644675,68.59665116112073,-0.46728404240986643,-0.0002563628214652472,0.03763370763538175,989.6628437972238,4278.3029865035805,251,,,,,,,,
5,1033,Gaussian Neural Model,0.5642140592019416,0.37389396699607025,0.2954735033635646,0.6875,0.844677122918386,2.374491348999072,500,1,1750.1476289988036,1802.7081591799672,94.60881692132051,-0.20434519199357526,-0.00011335456099922997,0.05248149371241378,469.3839019493096,2401.882224199223,300,,,,,,,,
5,1033,Proposed Adaptive NSST-BNF,0.5716696262639683,0.3645402400733982,0.284158169493368,0.75,0.9412855102437019,8.081495783000719,800,1,2393.3274306143117,2433.5902531390234,45.068117188671955,-0.25261761860255844,-0.00010380449965918197,0.018519188729713136,271.3499837431407,1387.7713893754321,300,2.0698524546083177,-0.006762761466582834,0.7665844370352806,-0.012240408277073955,1.0363056547049891,-3.3580530978879226,0.7486309956944881,0.5240766431384737
5,1033,Sparse Variational GP,0.456161349804291,0.3747667317977173,0.2548508050226573,0.9375,1.7387661201667866,4.583197921999727,900,1,61.72959145154492,62.43744790147734,0.635329142554013,-0.0070368116447608,-0.0001127017820437,0.0101754502130919,11.85634195524724,44.06389049975544,300,,,,,,,,
5,1033,Stationary Skew-t Neural Model,0.5646373893326616,0.3793227039757727,0.3035516218678191,0.6875,0.7886736802937984,3.106329326999912,500,1,1769.8463968567257,1805.9817339315498,78.27522448391821,-0.27390830368370195,-0.00015166726137778505,0.04334220164758596,512.1928361829932,1968.658174442242,300,,,,,,,,
5,1034,Gaussian Neural Model,0.33380363241274064,0.20400246199720415,0.14885342301538476,0.875,0.8998932428268951,2.196654215998933,500,1,1547.8306140058087,1585.0408549036854,30.275351839233817,-0.25936326815115324,-0.00016363191355525864,0.01910067601448259,144.85496463200656,680.1932471475096,300,,,,,,,,
5,1034,Proposed Adaptive NSST-BNF,0.2612617579664731,0.16242164328846526,0.1140673719692,1.0,1.0039780043343873,8.216240648998792,800,1,2136.3669046571813,2165.4692651954897,24.551731455562148,-0.24929170173672335,-0.00011512132993225292,0.011337834182257816,99.61221341875184,293.33640714690637,300,1.9351848172592316,-0.0688662280913579,0.7474320582791814,-0.13481768361129154,1.157780897124732,-4.293934663714682,0.7249904323725891,0.5220500641772765
5,1034,Sparse Variational GP,0.2935868862694045,0.1710378677060696,0.1341353843086326,0.9375,0.9377781197881708,3.956244427999991,1000,0,38.56732839941071,39.32582229790658,0.5720529596247428,-0.0062876884685939,-0.0001598870182792,0.014546497090162,5.141244430041631,138.5281895919655,300,,,,,,,,
5,1034,Stationary Skew-t Neural Model,0.3307434668908847,0.2036178609103112,0.14850491610242034,0.875,0.8851870025433399,2.9177364950010087,500,1,1571.2023091685157,1596.8305910278364,31.915392299803912,-0.27674486759936967,-0.000173308846382531,0.019986711476551077,149.74871537876808,567.4074646852985,300,,,,,,,,
5,1035,Gaussian Neural Model,0.7077417005742717,0.5782514659428384,0.42876727237173207,0.8125,1.88845945833764,2.4856410610009334,600,0,1731.055921525482,1790.3819790601392,107.02641158813172,-0.04248004324849344,-2.3726804528491353e-05,0.05977853488243619,661.1989191768721,3063.956838268494,300,,,,,,,,
5,1035,Proposed Adaptive NSST-BNF,0.7236916954804444,0.555326976198999,0.4186746146875796,0.8125,2.74895586280685,7.0788940399997955,700,1,2417.966585185219,2413.766886436257,58.77624582320174,-0.3160827455553007,-0.00013094998830726884,0.024350423461969174,240.40341759988647,1335.5327940919394,300,1.7977977352145333,-0.0028610701581939235,0.724004742922272,-0.001998533596890839,1.2083650266755546,-4.0952551007641125,0.8293768409423747,0.5122024340007528
5,1035,Sparse Variational GP,0.5217668562666937,0.4248621122907976,0.323104337131831,1.0,3.2472656105432804,2.979888659999688,700,1,93.8199911695152,95.055376537667,1.0200977853798214,-0.011205413352209,-0.0001178830042061,0.0107316158489528,5.950433245493413,79.82388502432855,300,,,,,,,,
5,1035,Stationary Skew-t Neural Model,0.6853934583436514,0.5570933543697371,0.4041496365322361,0.8125,1.8073310008304186,3.5698519670004316,600,0,1745.026353294845,1822.2619754651523,123.55243350820207,-0.18662661700542912,-0.00010241481165615089,0.06780168558182414,854.3447763276583,3661.1313302258804,300,,,,,,,,
5,1036,Gaussian Neural Model,0.18322561583803537,0.14595764131825026,0.10880250087839269,0.875,0.7454783497299229,2.5643020759998763,600,1,1701.2030284133837,1704.7280524323796,47.297352008872394,-0.12674195255371234,-7.434731444283525e-05,0.027744807707825576,601.4007700231009,2439.754558884229,300,,,,,,,,
5,1036,Proposed Adaptive NSST-BNF,0.17986876492687748,0.15110994349430068,0.11096819501955457,0.875,0.9086196243498202,8.44843809700069,700,1,2385.1258676846646,2420.4683110062365,43.691374240237636,-0.2568674837162647,-0.00010612305170377535,0.018050793741676483,526.0030626124301,2223.303450947095,300,1.9425486855137035,-0.0005928248990336726,0.7484462561131487,-0.00025291957549566924,1.032959089186304,-3.2143599773415055,0.7347550861009466,0.5346616178739616
5,1036,Sparse Variational GP,0.2195813943755293,0.1846219097070903,0.1190531997946658,1.0,1.057223050302048,3.6534554499999103,900,1,36.184801645760906,36.86155641581632,0.5612000343565461,-0.0063305040089185,-0.0001717372955582,0.0152245344180783,2.467769200385842,3.0163545408906187,300,,,,,,,,
5,1036,Stationary Skew-t Neural Model,0.19766268921357394,0.1522230957293082,0.11307565003296657,0.875,0.739303715360836,3.085177990000375,500,1,1703.0241277246923,1743.0457490166723,48.17838762406874,-0.2193253180694615,-0.00012582877884484233,0.027640346015730358,674.9936770701443,2503.223692661368,300,,,,,,,,
5,1037,Gaussian Neural Model,0.5616805610371325,0.3806227238696208,0.2937589036068726,0.8125,1.1989762669827717,2.318630309000582,600,0,1922.029864475343,1934.0652976832243,143.78740123378847,-0.08130018888470286,-4.203590694796633e-05,0.07434464669110617,1378.940021937768,6114.923500577083,300,,,,,,,,
5,1037,Proposed Adaptive NSST-BNF,0.5669286174737587,0.3669577736115026,0.27134697934354046,0.9375,1.8265238561954242,7.696150920000946,600,1,2447.4015899420165,2526.4020855490458,81.67152421430647,-0.768554177445444,-0.0003042089704728925,0.03232720740750866,327.7398289955902,1524.7511435698107,300,1.9793638764785102,-0.015694904343581007,0.7716308579116523,-0.01619732846838673,1.151784488942661,-4.183808743561123,0.8181177721069975,0.4936879171385186
5,1037,Sparse Variational GP,0.5431550611647945,0.4384908288332936,0.3045860406372392,1.0,2.572403726391231,3.523335331999988,700,1,97.44753004545277,99.41255082927783,1.634030483056719,-0.0179311916613417,-0.0001803715075386,0.0164368630462248,99.086655479847,205.9463963868483,300,,,,,,,,
5,1037,Stationary Skew-t Neural Model,0.5434158047890915,0.3752571007308747,0.28157253286334805,0.8125,1.2716888951524292,4.329696261000208,600,0,1851.4689997256987,1912.4304154613396,87.18713005781501,-0.15021355307813097,-7.8545892108652e-05,0.04558970059926736,999.6990570465423,4911.091696051571,300,,,,,,,,
5,1038,Gaussian Neural Model,0.35734361762747957,0.2765547550361333,0.2087231870156657,0.625,0.5570077954764072,2.1967124419988977,400,1,1788.7331622881486,1867.9862754519263,75.58383381594162,-0.7579875463183516,-0.00040577789905601395,0.04046273509030756,410.7647085783843,1768.857782050407,251,,,,,,,,
5,1038,Proposed Adaptive NSST-BNF,0.34487684107108835,0.2634102304390552,0.19100608540923608,0.75,0.6653913395868307,9.876029316999848,800,1,2369.2674739125623,2407.9354323730486,43.04081398992277,-0.21938492984839425,-9.110914142419e-05,0.01787457147366511,260.8464783325359,1175.3144015502664,300,1.8168041225476252,-3.868456394018338e-05,0.7394751450291771,-0.0018273912603616882,1.1451708956230064,-3.7561732285001748,0.7265317233223881,0.5482879312966865
5,1038,Sparse Variational GP,0.386145220287024,0.3440002197469285,0.2232487440779076,1.0,1.7964033794770056,2.5859495890003927,700,1,65.03177266600066,65.8728254298345,0.656137799752669,-0.007285361536025,-0.0001105973743874,0.0099606749136873,6.691277443821723,140.9870287603942,300,,,,,,,,
5,1038,Stationary Skew-t Neural Model,0.3597002245776246,0.27707201761756206,0.207019180091561,0.625,0.6067780614498663,3.8932041709995246,600,1,1788.910154682034,1820.4733504799165,58.195348943170224,-0.22051674602166974,-0.00012113154304815097,0.03196715234959558,331.5994189812395,1343.0163644925303,300,,,,,,,,
5,1039,Gaussian Neural Model,0.9374721452925782,0.6860254629774716,0.5482283013432678,0.6875,1.3419505110572745,3.2912016440004663,600,0,1983.9124341887227,2069.741171012046,554.9739198969068,-0.4976322944764026,-0.00024043213781802197,0.2681368702858337,3145.7491533448,13545.860672203517,300,,,,,,,,
5,1039,Proposed Adaptive NSST-BNF,0.7783699059227912,0.5757959780812282,0.42038539462622027,0.8125,2.135398150031885,9.935633437999059,1000,1,2493.46626435236,2541.7401851301747,100.51224151930647,-0.06873485677545581,-2.7042440127268767e-05,0.03954465610109505,498.55664873073954,2640.6127554157943,300,1.8707233777453804,-0.01649193436498786,0.7203981609628552,-0.010737194304709208,1.0531478386410813,-4.17287525932551,0.8194074578390855,0.4968734183133285
5,1039,Sparse Variational GP,0.7216259283053212,0.6256157521803631,0.4137128048066968,1.0,3.254763527787831,2.7253336439998748,700,1,102.50206563552244,103.91548197837407,1.1921607195558557,-0.0129349514515503,-0.0001244756912568,0.0114724071606957,2.7614552896649176,106.73775897982752,300,,,,,,,,
5,1039,Stationary Skew-t Neural Model,0.9157200328509244,0.6917966010426336,0.544986098510406,0.625,1.3848718049478295,4.37779617599881,600,0,1969.5281033871788,2051.447599158585,469.549188679526,-0.5526869796690007,-0.00026941315971009387,0.2288867572694104,2575.407763946068,15970.164104051804,300,,,,,,,,
5,1040,Gaussian Neural Model,0.317955063561029,0.2191367228549735,0.1563819220621514,0.8125,0.9085007584590804,3.012262506001207,600,1,1765.1919019961485,1796.563637237333,30.428490559247262,-0.1262635827555919,-7.028060689781842e-05,0.016937051339878325,447.7694684432174,1863.0477583359216,300,,,,,,,,
5,1040,Proposed Adaptive NSST-BNF,0.24737694211158834,0.17241801038887122,0.1202298856057265,1.0,1.0379293831084773,6.808616975000405,800,1,2368.9113221242405,2408.7737673117995,40.614115898678016,-0.2849762415467828,-0.00011830759924989438,0.016860909251765685,279.0291172489942,949.325475124395,300,1.821377794559964,-0.0393847833379628,0.7473664418623694,-0.07771525825686632,1.1083313995361526,-4.759558857649986,0.7394878232712948,0.6130757736286884
5,1040,Sparse Variational GP,0.3001436509043106,0.2645880072273813,0.1703595252513628,1.0,1.3843283604389285,2.9961272529999405,900,1,49.1892770522547,49.75083787204908,0.498346134544475,-0.0055639397940346,-0.0001118361023053,0.0100168390294476,2.440499830602095,3.5392828319025225,300,,,,,,,,
5,1040,Stationary Skew-t Neural Model,0.3332971312686766,0.22121941504826875,0.16177287653684128,0.75,0.9471911092824383,3.4307104149993393,500,1,1770.4058351057888,1810.6893532589838,42.30339683117899,-0.3538938717493639,-0.00019544703850630423,0.023363144404112645,413.716251538101,1780.6097572593703,300,,,,,,,,
