Scenario,Replication,Model,RMSE,MAE,CRPS,Coverage,AIW,FitSeconds,IterationsUsed,EarlyStopped,final_negELBO,tail_negELBO_mean,tail_negELBO_sd,tail_slope,tail_relative_slope,tail_cv,tail_grad_median,tail_grad_p90,tail_n,Alpha_RMSE,Alpha_R2,Delta_RMSE,Delta_R2,Phi_RMSE,Phi_R2,Corr_Frobenius_RelErr,Corr_OffDiag_R
1,1001,Gaussian Neural Model,0.3490969226424689,0.169733528175415,0.1409926166408356,1.0,1.527974640566604,3.729842463999944,600,1,1583.9512477236246,1598.7840426107095,24.5862357326304,-0.139965867909674,-8.754519946366168e-05,0.0153780842673927,142.52573770529335,435.4018456905084,300,,,,,,,,
1,1001,Proposed Adaptive NSST-BNF,0.1768634480277248,0.1011806319002993,0.0920130274484519,1.0,1.500423703442579,15.73443991899967,800,1,2134.5181206806155,2167.7752062381755,28.522376537540985,-0.2692089072782092,-0.0001241867267895,0.0131574419965052,105.07595560696856,246.97574141696387,300,,,,,,,,
1,1001,Sparse Variational GP,0.2084555341832036,0.1236053346390813,0.1283933935272571,1.0,1.65930007662315,2.4808629819999624,900,1,60.22745283598864,61.31292648650083,1.0036864294900545,-0.0111207145059985,-0.0001813763449775,0.0163698992529906,3.698558804760929,6.749708659250396,300,,,,,,,,
1,1001,Stationary Skew-t Neural Model,0.3086715434724695,0.1498122362154513,0.1289095855696043,1.0,1.3814663266506677,4.540976172000001,600,1,1579.8930784642423,1593.9992669691042,16.285057056007247,-0.1324075791635723,-8.306627355942105e-05,0.0102164771298623,127.1937838272583,412.6961455851925,300,,,,,,,,
1,1002,Gaussian Neural Model,0.097636835421881,0.0777688569829784,0.1210765208887224,1.0,1.8686679668684785,2.5069863009999835,500,1,1592.356208072743,1625.421672104692,32.67137094746904,-0.2913466305929543,-0.0001792437221633,0.0201002432219106,222.97947252093505,1163.8486997386135,300,,,,,,,,
1,1002,Proposed Adaptive NSST-BNF,0.0758138410638441,0.0608648361847537,0.0764070656138792,1.0,1.1613815752310326,15.45268787399982,800,1,2184.249586647851,2213.361469821329,26.89815478409789,-0.2514175152197402,-0.0001135908068554,0.0121526262884973,127.41312192140498,608.2765455839191,300,,,,,,,,
1,1002,Sparse Variational GP,0.263017750314362,0.198994293091526,0.1495015962112031,1.0,1.6481736336691646,2.645074831999977,900,1,66.0932803392829,66.73204659104957,0.5383534340766039,-0.0060628280175147,-9.085332051434254e-05,0.008067389831092,2.592478708615645,3.060558297567859,300,,,,,,,,
1,1002,Stationary Skew-t Neural Model,0.0986201604890908,0.0781461721210316,0.1250691214616019,1.0,1.8748245169555,4.344427918000065,600,0,1609.3315212927905,1627.0298356493363,53.08305162910144,-0.1151941562398517,-7.080027281360732e-05,0.032625739532254,207.51257271945235,1407.2451889762194,300,,,,,,,,
1,1003,Gaussian Neural Model,0.471835235550651,0.2434190166525629,0.2248567209887717,0.9375,2.195087657206692,2.7041241390001005,500,1,1828.200731802364,1856.6710510863652,47.045595922680825,-0.2647997859438374,-0.0001426207328373,0.0253386812355122,746.6353536732798,3312.0908105763265,300,,,,,,,,
1,1003,Proposed Adaptive NSST-BNF,0.4558542616998303,0.2407102056344664,0.1772105110364421,1.0,1.6033239962523849,15.675222200999997,800,1,2435.563610488386,2472.074681057752,32.075547618067574,-0.207049273268349,-8.375526631734143e-05,0.0129751531633919,546.1401091261894,2283.1784811479047,300,,,,,,,,
1,1003,Sparse Variational GP,0.517033307365959,0.3865746617549274,0.2570587961866625,0.9375,1.6831905145198682,2.6041586240000925,900,1,59.61475601805259,60.24676823913818,0.5364374956698184,-0.0060336935970475,-0.0001001496640134,0.0089040045026236,2.176416439054534,2.8247077366836977,300,,,,,,,,
1,1003,Stationary Skew-t Neural Model,0.42465486314589,0.2389455312252141,0.2149791574413805,1.0,2.191231992120257,4.657812533999959,600,1,1834.8017058060395,1868.718934286944,49.138608639553205,-0.1355239663988639,-7.25223916300588e-05,0.0262953447615723,761.2370602855992,3579.824313126022,300,,,,,,,,
1,1004,Gaussian Neural Model,0.3050348617378492,0.1924710403337625,0.1540118843886169,1.0,1.504242969292297,2.537422045999961,500,1,1658.182211828678,1691.7308460627105,42.19028095426082,-0.3489533876286251,-0.0002062700390199,0.0249391214048341,201.23955115936008,958.7675315498952,300,,,,,,,,
1,1004,Proposed Adaptive NSST-BNF,0.2499250468384724,0.1555001630901791,0.1084218242738294,1.0,1.2802549994591392,15.376869195999916,800,1,2235.2976658770617,2257.475257243875,27.53723931505179,-0.288468342406683,-0.0001277836120156,0.0121982463491855,104.45229074851125,432.0117627605996,300,,,,,,,,
1,1004,Sparse Variational GP,0.2761245113775309,0.2055521923843123,0.1561383220541438,1.0,1.7215550746881667,2.0634659219999776,700,1,66.50284245395616,67.5837035882763,0.7708658514293681,-0.0087501132326283,-0.0001294707565293,0.0114060906772069,6.590048310066775,130.98387639840016,300,,,,,,,,
1,1004,Stationary Skew-t Neural Model,0.3140998108554781,0.1962910514455066,0.1571603483424927,1.0,1.5858232378705963,3.859194128000013,500,1,1681.527177209487,1716.9131235932352,39.37504501916144,-0.3318338933812276,-0.0001932735493842,0.0229336269133731,233.35152153663935,987.8455095185576,300,,,,,,,,
1,1005,Gaussian Neural Model,0.2665467152113807,0.1470285110424804,0.121597097986913,0.9375,1.1023138162927013,3.0542088840001043,600,1,1540.5053314909735,1557.9749906808015,24.129814483565227,-0.1213229103976395,-7.787218095498696e-05,0.0154879344199363,97.91809172125514,327.6558235243086,300,,,,,,,,
1,1005,Proposed Adaptive NSST-BNF,0.2035181063075895,0.1212242161078524,0.1002051860939525,1.0,1.420525723300757,16.392030552999586,800,1,2149.0285532140774,2183.233386905113,23.69178229755129,-0.21962303642681,-0.0001005953086573,0.010851694756801,88.0255472904162,257.18439883772345,300,,,,,,,,
1,1005,Sparse Variational GP,0.4955401323912388,0.2719630254050232,0.2125861655848501,0.9375,1.4815287227120828,2.404913972999907,900,1,56.9895826725935,57.61743855465977,0.5737622874729539,-0.0063730967649183,-0.0001106105534155,0.0099581359717793,2.384886748449856,3.147455072968528,300,,,,,,,,
1,1005,Stationary Skew-t Neural Model,0.2591467501952596,0.1382467324251818,0.1197449509747699,0.9375,1.1476907435714645,3.775953258999948,500,1,1554.3632401014522,1578.2960034364194,31.76888017413384,-0.2591830350580832,-0.0001642170001658,0.020128594449307,100.7241925140071,426.32154134648505,300,,,,,,,,
1,1006,Gaussian Neural Model,0.6184427869300457,0.3848110285654165,0.2752775425477483,0.9375,1.518546782381106,3.1307403700000123,600,1,1876.100146587718,1878.8756369294651,48.37200070766147,-0.1113768312590066,-5.927844774283363e-05,0.0257451849163965,875.1845438899409,3715.549203622223,300,,,,,,,,
1,1006,Proposed Adaptive NSST-BNF,0.6108003400863941,0.3266644847256224,0.2313946645652388,0.9375,1.348346006458637,12.802527698000176,700,1,2534.1308240931144,2582.980736990523,46.60801785095751,-0.2667027937035652,-0.0001032538841208,0.0180442762051959,1040.6926226472028,3990.341045916959,300,,,,,,,,
1,1006,Sparse Variational GP,0.5074534662683224,0.303237214073614,0.2248093793715457,1.0,1.913582933812886,2.480213956000057,900,1,71.22428941009632,72.11653731804228,0.7864765580459049,-0.0086644551739909,-0.000120145191328,0.0109056339543514,5.3328514961925535,101.1091526642424,300,,,,,,,,
1,1006,Stationary Skew-t Neural Model,0.6276657627694916,0.3917122220864745,0.2797952746893588,0.9375,1.5637993587461885,4.159190373000001,500,1,2064.723410718664,1897.7045903842725,39.26612185712391,-0.2520973957904211,-0.0001328433292872,0.0206913773914478,1057.9194806653113,3475.2609512953154,300,,,,,,,,
1,1007,Gaussian Neural Model,0.2965793556365027,0.1654512875204713,0.1324395180409057,1.0,1.5052451974594694,3.316434183999945,600,1,1540.7936442920804,1561.2576866301108,41.607245579483504,-0.1318340989313541,-8.444096068209644e-05,0.026649825929306,130.4097416213794,479.7545533904723,300,,,,,,,,
1,1007,Proposed Adaptive NSST-BNF,0.25084171810249,0.1522379273381274,0.1281965290601791,1.0,1.9046866360453103,14.545084705000136,800,1,2152.960193242971,2181.7532747049263,23.43291424913267,-0.2271256033712634,-0.0001041023318285,0.0107404052148389,101.62005428611104,289.96819686283715,300,,,,,,,,
1,1007,Sparse Variational GP,0.4804621789189133,0.4282943439316633,0.2793265698831081,1.0,2.0684636797414018,1.9716811460000367,700,1,72.18878989860399,73.33466730077821,0.8416501937709544,-0.0094150976479409,-0.0001283853598097,0.0114768393278305,7.006129732424405,158.24844384856635,300,,,,,,,,
1,1007,Stationary Skew-t Neural Model,0.3050664925369398,0.1821620761837657,0.1407079129289927,1.0,1.4593058538642305,5.563616269000022,600,1,1587.8237984830855,1576.785430751821,23.03130134378253,-0.1006484121134118,-6.383139401879301e-05,0.0146064904549511,153.77859136874767,625.2790165305322,300,,,,,,,,
1,1008,Gaussian Neural Model,0.2700612161855436,0.1951985563108956,0.1549036051126397,1.0,1.566323707832039,3.438645347999909,500,1,1672.0257822722012,1711.3805646147082,44.65375250751667,-0.318694518691618,-0.0001862207186882,0.0260922400492317,154.49339323610704,629.5099134047312,300,,,,,,,,
1,1008,Proposed Adaptive NSST-BNF,0.2237788949795615,0.1541431345753685,0.1184345576606731,1.0,1.113016857622077,14.429226453999943,800,1,2296.533194999681,2329.554074668921,39.81706822741898,-0.2154942180423944,-9.25044927635005e-05,0.0170921416507911,151.13203309345278,652.2196961585273,300,,,,,,,,
1,1008,Sparse Variational GP,0.3856578652488727,0.3429792425868698,0.2232388812824981,1.0,1.530966463858983,4.423137440999994,900,1,58.65486935157952,59.70296501152066,0.7998647004469764,-0.0090465632143374,-0.0001515261966066,0.0133974032996956,74.31639903942859,112.47113870071976,300,,,,,,,,
1,1008,Stationary Skew-t Neural Model,0.2812451488399407,0.214265449754069,0.1685119656067677,1.0,1.65598981564197,5.06521297300003,500,1,1732.4377661237895,1745.1430491036542,41.50485849736271,-0.3033209677511803,-0.000173808655919,0.0237830695418811,204.9813810063478,675.4119587064072,300,,,,,,,,
1,1009,Gaussian Neural Model,0.463263391914269,0.3121709906778188,0.2285584471592183,0.9375,1.6446858142686565,2.8328267070000948,400,1,1861.9952510644628,1873.05051570968,83.25262575470826,-0.7760751414827886,-0.0004143375392033,0.0444476136956533,481.4766423189642,3417.689035305644,251,,,,,,,,
1,1009,Proposed Adaptive NSST-BNF,0.4562973583773764,0.2728887876564071,0.1942956202994624,1.0,1.4377060260052432,15.470573791999868,800,1,2338.331671085176,2383.0826899873805,33.1690422682795,-0.2755121664841115,-0.0001156116687187,0.0139185444162892,234.76157007532615,1113.1591236924426,300,,,,,,,,
1,1009,Sparse Variational GP,0.4375598037830863,0.3067650641280299,0.2136271982588597,0.9375,1.383178189710779,4.119053797000106,900,1,47.81501429358463,48.47214626199198,0.5619155394886451,-0.0063064421256506,-0.0001301044540417,0.0115925450557002,2.651724700164806,3.75904225015012,300,,,,,,,,
1,1009,Stationary Skew-t Neural Model,0.4953274770769696,0.3319250715354113,0.2475217755830682,0.9375,1.7471509618478227,5.583129937999956,600,1,1776.6031621146062,1795.4320881052035,49.17602075265636,-0.1001547038502679,-5.578306442989188e-05,0.0273895187005117,432.8360665971498,2078.6224241007444,300,,,,,,,,
1,1010,Gaussian Neural Model,0.4064268108445281,0.2769048429685535,0.1928150114239948,1.0,1.464967364571255,4.07167601499998,500,1,1751.0350794164187,1807.2802854225529,79.9304139828758,-0.398431052074366,-0.0002204589156912,0.0442269052717451,711.4484836602919,4540.283233390595,300,,,,,,,,
1,1010,Proposed Adaptive NSST-BNF,0.4110550960348638,0.2805710175399331,0.1902063424044454,1.0,1.7098323098164627,11.961852403999728,600,1,2500.986021156824,2571.4049874612538,73.31710988056165,-0.6774727924289722,-0.000263464057872,0.0285124709013446,492.69251854839376,2324.8299830996434,300,,,,,,,,
1,1010,Sparse Variational GP,0.510584597350038,0.3925298193731336,0.2744928086160832,0.9375,1.8945953345779796,2.604913279000016,700,1,71.57011356117474,73.08603283864683,1.3639647267290391,-0.0146217084331133,-0.000200061596795,0.0186624540114287,3.718594491911228,71.30849785851818,300,,,,,,,,
1,1010,Stationary Skew-t Neural Model,0.4052604725874826,0.2754762205883841,0.1955121095238683,1.0,1.426719512170119,4.816230705000066,500,1,1734.6307794862444,1803.4841769987584,262.0922875280004,-0.5854921495622282,-0.0003246450160358,0.1453255264840511,679.6900569167244,3645.940840382978,300,,,,,,,,
1,1011,Gaussian Neural Model,0.28322653726518,0.1792551539017619,0.1135246928319945,1.0,0.9331011940222858,2.7855579639999632,400,1,1424.884897807137,1475.780853503061,42.70508054585736,-0.4530171279893411,-0.0003069677499298,0.0289372778109217,77.58802130678424,234.2141538444355,251,,,,,,,,
1,1011,Proposed Adaptive NSST-BNF,0.245034984243561,0.1500444900176262,0.1016841158718723,1.0,1.399846550209003,16.90497057199991,800,1,2067.983421384318,2095.665323811062,21.413157558921117,-0.2080388295497934,-9.92710177460327e-05,0.0102178326451383,77.92706251920058,180.05172826202664,300,,,,,,,,
1,1011,Sparse Variational GP,0.3828904726422986,0.2953628465144192,0.2119933369546391,0.9375,1.6105591068070222,4.1994006700000455,900,1,60.24688783575455,61.35918101551536,0.9326664061217972,-0.0105087977484253,-0.0001712669167759,0.0152001117141043,3.0758752442133384,3.49408670217344,300,,,,,,,,
1,1011,Stationary Skew-t Neural Model,0.2895229801836074,0.1868031757155465,0.1148004072864422,1.0,1.0073690169609528,4.909374028999991,500,1,1448.265864460504,1457.5120751661975,23.55440557218665,-0.2083087961230088,-0.0001429208029712,0.0161606932618385,79.03290510602636,222.4381835595595,300,,,,,,,,
1,1012,Gaussian Neural Model,0.3113603160705696,0.2224899195545394,0.1781720039941292,1.0,1.925457909848489,4.014429594000035,500,1,1698.3894664699042,1742.119614683366,49.068261175204775,-0.2934062769772688,-0.0001684191340848,0.0281658393382609,526.8800982869095,2188.4681812850213,300,,,,,,,,
1,1012,Proposed Adaptive NSST-BNF,0.2852746370392676,0.1756171667517327,0.1381276064237312,1.0,1.499757459953173,17.05874340199989,800,1,2316.949846203864,2361.679488608248,36.17234633358048,-0.2290099946609773,-9.696912547431835e-05,0.0153163655390414,272.84379473401395,1035.0526981237404,300,,,,,,,,
1,1012,Sparse Variational GP,0.3922923621235081,0.2819958958015893,0.1945784274707619,0.9375,1.213525622381077,4.015295230999982,1000,0,45.76973398994913,47.12788405238571,0.960980902559086,-0.0108337905190027,-0.000229880690314,0.0203909197682389,9.837200121632378,138.1929549196158,300,,,,,,,,
1,1012,Stationary Skew-t Neural Model,0.2951505809071833,0.2132332972879593,0.1742098173055032,1.0,2.0325171996368323,6.4014941560000125,500,1,1707.1626265892469,1749.7789658113934,54.59300922061716,-0.2936703906593964,-0.0001678328499755,0.0311999459859215,494.0956234971778,2299.6505454978465,300,,,,,,,,
1,1013,Gaussian Neural Model,0.5222533970936806,0.391887618514165,0.2727832065637334,1.0,2.3313543861125923,3.5604690220000066,500,1,1785.814157726725,1828.704251904298,44.01252214367788,-0.2400333154253084,-0.0001312586850363,0.0240675998307796,885.3935170262703,3110.988013651637,300,,,,,,,,
1,1013,Proposed Adaptive NSST-BNF,0.5009545446135955,0.335931650761376,0.2190915743950924,1.0,1.6643331308838982,14.39085223300026,800,1,2466.031009599296,2500.965967510628,40.30825623851234,-0.2377640567279882,-9.506888930785809e-05,0.0161170750670524,601.2743215626435,2555.3106355499845,300,,,,,,,,
1,1013,Sparse Variational GP,0.6382462585981963,0.3832881083966689,0.2855336505412291,0.875,1.5155969610556457,3.2622948050000105,900,1,50.21663525466922,50.84637174125928,0.5773056836563026,-0.0064169791519775,-0.0001262032851553,0.0113539209167964,2.713569768399234,3.704778294719549,300,,,,,,,,
1,1013,Stationary Skew-t Neural Model,0.3984581353058668,0.2894533241209305,0.209872298540564,1.0,2.14205811745772,5.685082477000037,600,0,1845.2095361669733,1844.690996253517,67.1577530051554,-0.1240648844157794,-6.725510379123089e-05,0.0364059634603029,812.5862978924998,4712.112148943364,300,,,,,,,,
1,1014,Gaussian Neural Model,0.2022316157056961,0.1352207349700821,0.1205816141525747,1.0,1.467937123943602,5.078192379000029,600,1,1683.8724768292475,1705.13695168248,32.2161136640317,-0.1487324597111608,-8.722610788793507e-05,0.0188935637294374,243.49338758707336,1151.8832003663836,300,,,,,,,,
1,1014,Proposed Adaptive NSST-BNF,0.1339354065299867,0.091828095400812,0.0640699018717473,1.0,1.0265521558255453,15.601129898999716,800,1,2174.729077911213,2216.290201450377,29.717653761811484,-0.2721575187899294,-0.0001227986834087,0.0134087376023066,104.42766598452036,268.6851732616184,300,,,,,,,,
1,1014,Sparse Variational GP,0.3147191517130391,0.2302600866865722,0.176532733766338,1.0,1.6618567404861808,3.176184393000085,900,1,71.4366538075885,72.11212629042713,0.555730568426749,-0.0062755223102291,-8.702450798572789e-05,0.0077064787437908,2.528347672588443,2.9587457369989263,300,,,,,,,,
1,1014,Stationary Skew-t Neural Model,0.1743292855570076,0.1114429852136979,0.110136277457156,1.0,1.490753411569474,6.4438465590001215,500,1,1908.4874308002431,1696.7751731846713,43.42192666642133,-0.3427483916085891,-0.0002019998860339,0.0255908545531832,197.6860637318742,973.726596599858,300,,,,,,,,
1,1015,Gaussian Neural Model,0.4930987177151868,0.3612712278129019,0.271262349150988,0.875,1.8544554330481349,3.838311630999897,600,0,1794.025613740017,1819.8264878358373,85.19458777239876,0.0032143341633178,1.7662860634259763e-06,0.0468146762022973,833.640738678133,4278.407093507917,300,,,,,,,,
1,1015,Proposed Adaptive NSST-BNF,0.4293121956297016,0.2986397727945462,0.2273525065922652,0.9375,1.6956636019684626,10.17223958700015,600,1,2460.3653648572304,2545.531329706449,90.27656442063042,-0.7234357108785716,-0.0002841983135057,0.0354647233632913,461.0178277202539,2990.134531584511,300,,,,,,,,
1,1015,Sparse Variational GP,0.4499136393242202,0.2858615167919608,0.233529291419955,0.875,1.7504454788218118,3.096692664000102,900,1,60.02102412658894,60.83512048396442,0.6672697912414073,-0.0075420103149862,-0.0001239746096496,0.0109684962556667,2.523149467695448,2.917458482652602,300,,,,,,,,
1,1015,Stationary Skew-t Neural Model,0.4467065112200472,0.2850447154263182,0.2255102754264958,0.875,1.861272906219162,5.668825192000213,600,0,1848.7568995029403,1842.6859548546347,64.85209098153993,-0.1332439190696737,-7.230961885753615e-05,0.0351943264182832,780.5635873733363,4134.805730517993,300,,,,,,,,
1,1016,Gaussian Neural Model,0.2732730122291146,0.167539584321179,0.1681620294273342,1.0,1.8627179249832648,3.633965812000042,500,1,1817.0480055823573,1864.9421644968995,48.02014941020258,-0.2746545462922892,-0.0001472724203039,0.0257488678868263,596.84777566314,2792.9241922452525,300,,,,,,,,
1,1016,Proposed Adaptive NSST-BNF,0.2437897080265248,0.1576859867984864,0.1364851988498863,1.0,1.5007750190005835,12.10540209599958,600,1,2526.286368021933,2564.7661361251244,74.73132094548781,-0.6763815244961794,-0.0002637205454989,0.0291376745399456,453.4153947281193,2300.7145360186337,300,,,,,,,,
1,1016,Sparse Variational GP,0.2672340437155058,0.194692268285833,0.1637363855324491,1.0,2.093196234401808,2.3211052189999464,600,1,68.43570623515524,69.59752354262316,1.0539195412487017,-0.0115224815404413,-0.0001655587864902,0.0151430609539323,18.558709464083865,75.84445401491577,300,,,,,,,,
1,1016,Stationary Skew-t Neural Model,0.271207738495183,0.176692954989711,0.1606156723741992,0.9375,1.7447639233526102,6.027445029000091,600,1,2228.096990946635,1839.9117705204176,80.00823361948268,-0.0714826683717384,-3.8851139232355474e-05,0.0434848207948864,517.5363183031341,2792.8372647133706,300,,,,,,,,
1,1017,Gaussian Neural Model,0.2018817992825759,0.1565171999994764,0.1576051128790365,1.0,2.210392333094111,3.235737393999898,500,1,1812.567132976893,1869.547559076708,70.445789286611,-0.3273333039725558,-0.0001750869093344,0.0376806617968045,727.6042790903545,3273.4737613612347,300,,,,,,,,
1,1017,Proposed Adaptive NSST-BNF,0.3978386673885631,0.2713275041002067,0.1797077258528744,1.0,1.6627997986765453,13.398896141000025,700,1,2535.8778215191164,2569.2670542243563,60.31504795234181,-0.234410724716198,-9.123641870189507e-05,0.0234755853242941,718.8754177795847,2968.00497981924,300,,,,,,,,
1,1017,Sparse Variational GP,0.290642591542774,0.2284540567244504,0.1611116695847539,1.0,1.284292913726398,3.502944456000023,800,1,48.65377457498301,49.46877304607457,0.5817485839877383,-0.0066067721096365,-0.0001335543960931,0.0117599153600574,2.507020224243361,13.179817526952943,300,,,,,,,,
1,1017,Stationary Skew-t Neural Model,0.2899111284796896,0.1852509882359271,0.1755483113364059,1.0,2.334542896990035,7.643180107000035,600,1,1818.9957646459625,1852.710543488076,54.00144203574447,-0.0811699070235879,-4.381143471595419e-05,0.0291472633032446,513.5851037869318,2389.177669221932,300,,,,,,,,
1,1018,Gaussian Neural Model,0.7426318771867816,0.4260732453540721,0.3272038612410626,0.875,1.7373730268638203,3.9998730389997945,500,1,1674.224418305181,1687.4507479087129,57.71446051558016,-0.343383960602912,-0.0002034927306936,0.0342021600257706,414.7169406538962,2504.1706152390343,300,,,,,,,,
1,1018,Proposed Adaptive NSST-BNF,0.6781506441509824,0.3816459753358066,0.2614057791793237,1.0,1.8585296305196517,14.375432087999798,800,1,2259.556228885177,2294.573818668832,27.572019770741647,-0.2714855765899203,-0.0001183163402201,0.0120161833741906,122.57485710202984,457.6030365602395,300,,,,,,,,
1,1018,Sparse Variational GP,0.6027795019271001,0.3493324340107411,0.2628044924851462,0.9375,1.8191555492728315,4.418924844000003,700,1,61.74041687352974,62.77189663454566,0.821250781746135,-0.0087577100394299,-0.0001395164159276,0.0130830965093725,3.9344220560246166,103.82893094097824,300,,,,,,,,
1,1018,Stationary Skew-t Neural Model,0.7144581083572885,0.4128291739252727,0.3119071906047711,0.9375,1.783277736527038,6.265351196999973,600,1,1630.9805684491553,1663.380537366986,64.39332628351329,-0.1579705506105536,-9.496957975750382e-05,0.038712323991384,536.7553519630926,3075.972659562088,300,,,,,,,,
1,1019,Gaussian Neural Model,0.1292941920236098,0.0999316474843176,0.0744133122283569,1.0,0.8093857370989863,3.725005528000111,500,1,1508.9078166242816,1536.3896557570508,27.39488642209404,-0.2553408614998959,-0.0001661953792406,0.0178306891871094,92.02027510157367,288.3042537487308,300,,,,,,,,
1,1019,Proposed Adaptive NSST-BNF,0.1093580498562294,0.0866391518019513,0.0649385921345511,1.0,0.950745789064507,17.54830482699981,800,1,2095.584956758197,2130.025455749403,25.638720594075057,-0.2381314619234797,-0.0001117974723169,0.0120368141727464,85.14337714813811,243.30720772024,300,,,,,,,,
1,1019,Sparse Variational GP,0.2378052955304104,0.1811127620540197,0.1387418398324358,1.0,1.479496507865658,3.3031966510000075,900,1,63.31374876426212,63.92494873449784,0.5408559469833664,-0.0060512627251048,-9.466198792333288e-05,0.0084607959441581,2.279688632784672,3.031659694590296,300,,,,,,,,
1,1019,Stationary Skew-t Neural Model,0.1330488120661102,0.1040689861948132,0.0733872925126641,1.0,0.8158324972470381,5.264356819999875,500,1,1515.5034628401631,1537.0379666487636,27.65174838991405,-0.2523826320633454,-0.0001642006492615,0.0179902832525365,94.35714221714208,283.40106087288177,300,,,,,,,,
1,1020,Gaussian Neural Model,0.2085809231981944,0.1342533216915931,0.1274207646887158,1.0,1.5135185633230788,4.44243501599999,600,1,1665.6797947032233,1677.9290815010993,29.55070678447341,-0.1200996843525941,-7.157613851304799e-05,0.017611415828157,386.5522064266256,1345.4451084664613,300,,,,,,,,
1,1020,Proposed Adaptive NSST-BNF,0.1779752713836138,0.1122553455100278,0.0917586573370685,1.0,1.3090480057914058,17.554580120999617,800,1,2164.9175157286336,2143.368556383089,26.57738864216492,-0.2715866145476125,-0.0001267101795157,0.0123998220292145,107.02900294948265,308.0100973362234,300,,,,,,,,
1,1020,Sparse Variational GP,0.1835018185783396,0.1467013627366876,0.1236445621393303,1.0,1.5364853542288244,3.925675435999892,900,1,65.62409879572084,66.23783306937644,0.5278130457929018,-0.0059226554790142,-8.941499449130302e-05,0.0079684527910215,2.5447481923167814,3.021418784755033,300,,,,,,,,
1,1020,Stationary Skew-t Neural Model,0.2032111057774077,0.1287059382010602,0.1260379160631374,1.0,1.516625423621789,7.748543554999969,600,1,1654.063702420524,1664.1640061319863,33.283874298104934,-0.1528356565974014,-9.183929951269463e-05,0.0200003570414111,282.7632305875341,1194.3224360788026,300,,,,,,,,
1,1021,Gaussian Neural Model,0.4872934435589616,0.2959588419555863,0.2163011038714456,1.0,1.789794591534777,4.8414062660003765,500,1,1562.2921164032714,1590.8832605756284,40.125351784922096,-0.2935939895066434,-0.0001845477897607,0.0252220592040194,201.73626906680548,849.0314144050298,300,,,,,,,,
1,1021,Proposed Adaptive NSST-BNF,0.4240207252703729,0.246682715644866,0.1626259347940349,1.0,1.3237312485711878,15.286379676000251,800,1,2172.450377980192,2206.595704741476,38.51555709114446,-0.276779819995217,-0.0001254329551174,0.0174547412597528,123.1726179226208,505.9876639331968,300,,,,,,,,
1,1021,Sparse Variational GP,0.407903388573442,0.2826009082831002,0.1942335783370791,1.0,1.7937825598064192,3.0073138449997714,800,1,62.25541186834698,63.27134038589861,0.6959860369225762,-0.007952473932061,-0.0001256884062129,0.0110000204306985,2.9157787020986383,41.9224807225112,300,,,,,,,,
1,1021,Stationary Skew-t Neural Model,0.4801666113074141,0.2881789483109513,0.2126828722649227,1.0,1.7093727989856844,7.028054893999979,500,1,1564.404285170251,1599.7527282181857,32.93318092104419,-0.2335148828710483,-0.0001459693606093,0.0205864196010625,212.23631042024957,1114.2744906152673,300,,,,,,,,
1,1022,Gaussian Neural Model,0.2080620135094181,0.159504858775948,0.1324090123106181,1.0,1.7217620674334084,3.62786945400012,500,1,1882.5209416462624,1730.4171382145175,37.53462665033701,-0.3180696006388145,-0.0001838109399257,0.0216910858205357,276.80224508058643,961.9621928704926,300,,,,,,,,
1,1022,Proposed Adaptive NSST-BNF,0.184571889227001,0.1188722891737559,0.1087744338325362,1.0,1.4014419600222776,14.453809481000008,800,1,2213.182129106628,2257.002991874797,41.524160689709774,-0.2961907996443353,-0.0001312319038612,0.0183979200910218,132.93068269648722,436.4828287163543,300,,,,,,,,
1,1022,Sparse Variational GP,0.5959746359782659,0.4539857612635783,0.3201475736208602,0.875,1.8147281107985576,4.376110787000016,900,1,72.84542379629028,73.64343963071897,0.6966198257237377,-0.0078188638584218,-0.000106171899325,0.0094593602528194,2.675589817739838,2.8953620984944948,300,,,,,,,,
1,1022,Stationary Skew-t Neural Model,0.2092910958451899,0.1595473806057931,0.1370077627370164,1.0,1.699698640432722,6.115343378000034,600,1,1678.3159190002095,1696.2438986178329,31.024650586365,-0.1294093729932833,-7.629172496875666e-05,0.0182902061499794,267.3405126758774,1080.6318663889142,300,,,,,,,,
1,1023,Gaussian Neural Model,0.1567447289706131,0.1218987264918974,0.0968575713178549,1.0,1.1786952053153503,3.933549048000259,500,1,1501.1099574932634,1522.515844189281,27.949010946978632,-0.2482234335338715,-0.0001630350412977,0.0183571232139532,82.03875339851112,246.90267380494467,300,,,,,,,,
1,1023,Proposed Adaptive NSST-BNF,0.162920144372882,0.1270497762261308,0.0970148424880663,1.0,1.5384455427397956,15.686938655000176,800,1,2088.0870603802155,2118.2429786926123,23.3323726455834,-0.2192206468143324,-0.0001034917377371,0.0110149651764615,79.72403996189539,190.66277714540735,300,,,,,,,,
1,1023,Sparse Variational GP,0.3014840870953335,0.2614950187976197,0.1731700258028025,1.0,1.7068568697893962,2.8516482189997987,800,1,70.9177661977661,72.03539298215027,0.7071518259202214,-0.0081317499551969,-0.0001128854805749,0.0098167275369128,2.884742059594536,10.170886851857093,300,,,,,,,,
1,1023,Stationary Skew-t Neural Model,0.1577970571923012,0.1247275061196445,0.1004659469868374,1.0,1.2100741242834117,6.423810956000125,500,1,1514.5647590388478,1546.0086867275952,30.338631404754963,-0.2726317768476721,-0.0001763455659649,0.0196238427799342,86.15932715942995,235.50767752629935,300,,,,,,,,
1,1024,Gaussian Neural Model,0.1511651900156231,0.116126522122867,0.1133888348088535,1.0,1.5215634074079012,4.783684464000089,500,1,1774.4815386045598,1809.8109754667407,37.0574998689272,-0.326822963832917,-0.0001805840324007,0.020475895201912,245.15008028942643,1176.7806488687277,300,,,,,,,,
1,1024,Proposed Adaptive NSST-BNF,0.1328507049164935,0.0963853890305914,0.0870365187433395,1.0,1.3209305363159176,16.31741206100014,800,1,2371.5087792309214,2349.76109157547,29.599218829839053,-0.2552413832086971,-0.0001086243976563,0.0125966928876132,160.8731004705218,554.7703790054337,300,,,,,,,,
1,1024,Sparse Variational GP,0.4606916520373384,0.3182977819738292,0.2379388450850434,0.9375,1.6352148517991885,3.172656494999956,700,1,61.961267832383456,62.74265177027182,0.6947387916219008,-0.007434997584907,-0.0001184998940135,0.0110728311924977,3.0474786001214325,42.9080320678012,300,,,,,,,,
1,1024,Stationary Skew-t Neural Model,0.1512456416485419,0.1097202377800946,0.1100597069483596,1.0,1.560473271559402,6.746136390000174,500,1,1757.3946278504402,1801.1482515546206,42.82591150415135,-0.3627446191038262,-0.0002013963141516,0.0237770052893686,214.075038366116,837.4798106661382,300,,,,,,,,
1,1025,Gaussian Neural Model,0.236631438188059,0.1604442047873501,0.1436536098207665,1.0,1.7122166927962874,4.159728257999632,600,1,1820.74723207201,1798.2914684546286,31.56762167206241,-0.1493418087021014,-8.304649792418748e-05,0.0175542297930102,474.8315810761453,2350.5404937311923,300,,,,,,,,
1,1025,Proposed Adaptive NSST-BNF,0.1718292443093458,0.1154678222967374,0.095171257613981,1.0,1.3171391254538372,14.364929462999951,800,1,2480.616702400477,2486.0702812619634,33.62953441735426,-0.2523551112903213,-0.0001015076336306,0.0135271857239222,389.47941066381225,1537.7979916237373,300,,,,,,,,
1,1025,Sparse Variational GP,0.2971812014184097,0.228827605398655,0.1725104103077133,1.0,1.709237545813485,5.106540647999736,900,1,61.16172904103417,61.85627101475037,0.5768857302714714,-0.0064997534004682,-0.0001050783258324,0.0093262287041825,2.998130626876396,52.07743077717714,300,,,,,,,,
1,1025,Stationary Skew-t Neural Model,0.229941799322512,0.1549064653240049,0.1400246043175277,1.0,1.7232569135578195,6.384310527999787,500,1,1883.8841258906768,1838.671581115377,63.36909478388349,-0.270786279261767,-0.0001472727821776,0.0344646077280655,731.0509361722761,2957.0182482917185,300,,,,,,,,
1,1026,Gaussian Neural Model,0.1931556536364722,0.1134013699765055,0.0820833307964482,1.0,0.7458277737352889,4.495349555999837,500,1,1491.112139625342,1525.7385221226332,33.91714843343033,-0.2446398541487068,-0.0001603419266155,0.0222299876038026,85.93680529314088,245.01721496041012,300,,,,,,,,
1,1026,Proposed Adaptive NSST-BNF,0.1849523912839591,0.102908160234695,0.071644522936317,1.0,0.9021245676813918,13.269106472999738,800,1,2099.26261941392,2134.888274585391,30.994458460330463,-0.2467915659229435,-0.0001155992886657,0.0145180704907612,82.6306295876573,304.2080123088801,300,,,,,,,,
1,1026,Sparse Variational GP,0.2664996102121264,0.2262883465364276,0.1637717923215311,1.0,1.5700213920747084,3.87005396099994,900,1,56.883459198611774,57.82264175174175,0.7818828127571736,-0.008808130652189,-0.0001523301320269,0.0135220873531536,2.7002584986229383,3.406767659831664,300,,,,,,,,
1,1026,Stationary Skew-t Neural Model,0.2040539821112256,0.1172703883421141,0.0841221453051097,1.0,0.8175305734231244,6.883949105999818,600,1,1499.8980968362748,1517.7532359892314,16.365265610509244,-0.1175418130220612,-7.74446136795423e-05,0.0107825601833375,94.69028294953534,261.19195366682834,300,,,,,,,,
1,1027,Gaussian Neural Model,0.1892574762091612,0.143874430626323,0.1298837610487329,1.0,1.6910263677600053,3.332773850999729,500,1,1688.1012981886774,1728.1353308138714,40.9593642996482,-0.3058067302259349,-0.0001769576287071,0.023701479605974,392.59892437857457,1693.6233804789986,300,,,,,,,,
1,1027,Proposed Adaptive NSST-BNF,0.1918577732189964,0.151147134782783,0.1136389853621678,1.0,1.3975408804547598,15.676573355000071,800,1,2303.619335596839,2345.4103136859035,31.706828237713875,-0.2726698610286447,-0.0001162567843407,0.0135186700820315,215.6302676804892,951.7632260973924,300,,,,,,,,
1,1027,Sparse Variational GP,0.2382135054387211,0.1833499317859699,0.1519727470532778,1.0,1.823864942487355,3.194596810999883,900,1,65.55632495145488,66.73465279552266,0.9810380754761412,-0.0110632333879719,-0.0001657794402837,0.014700579599658,3.392219524090831,4.537271916321635,300,,,,,,,,
1,1027,Stationary Skew-t Neural Model,0.2021301177780483,0.1444242440893563,0.1415984694940496,1.0,1.899639928973917,5.200469885000075,500,1,1651.4770386273217,1689.407098433046,74.93046513628349,-0.3107995308988024,-0.0001839695897969,0.044353113708225,431.9767503920523,2200.056198908071,300,,,,,,,,
1,1028,Gaussian Neural Model,0.3268427820299258,0.2299233414792032,0.1658985358300784,0.9375,1.1692782079142674,3.953687097000056,500,1,1707.949801529723,1747.9006231336582,33.78541963146422,-0.2980990789554642,-0.0001705469264156,0.0193291421630671,240.1271985040812,926.6391952518962,300,,,,,,,,
1,1028,Proposed Adaptive NSST-BNF,0.2712748475980625,0.1868776239243942,0.1296061385207518,0.9375,1.2086331265997197,15.908175160000155,800,1,2329.481143377061,2368.2584302143464,31.483049675904905,-0.2509310099373138,-0.0001059559238704,0.01329375598298,224.44190455281765,1168.8988621169572,300,,,,,,,,
1,1028,Sparse Variational GP,0.3356838013029206,0.2410487435365293,0.1786147680032713,0.9375,1.486448798134073,3.504816139000013,900,1,57.788217555087925,58.53542976637287,0.6225875876727156,-0.0070261008712796,-0.0001200315928203,0.0106360812615125,2.9162769583006414,3.170059157894233,300,,,,,,,,
1,1028,Stationary Skew-t Neural Model,0.3330575138422877,0.2360068631976395,0.1725107550765401,0.875,1.1084429997882768,6.08968241499997,500,1,1714.9225649133923,1759.4797678532304,52.67270348904589,-0.3698985477472152,-0.000210231771064,0.0299365212669155,233.67964604672196,1099.9718974561315,300,,,,,,,,
1,1029,Gaussian Neural Model,0.4670150524378415,0.2374342800149889,0.1851735688655195,0.9375,1.3518472965431925,4.599505641000178,600,1,1718.5513770950113,1724.2420516460747,36.244713142576,-0.1178410641054656,-6.83436899088308e-05,0.0210206641857356,244.48968383864823,1090.652107915673,300,,,,,,,,
1,1029,Proposed Adaptive NSST-BNF,0.4376729564732924,0.1827969302656791,0.1451815570745304,0.9375,1.1593276287994256,14.685771177000332,800,1,2290.152446091096,2323.9965373481614,28.6166539009272,-0.2715084305610127,-0.0001168282422962,0.012313552727398,182.47040682833187,802.2427160505141,300,,,,,,,,
1,1029,Sparse Variational GP,0.2824109837113463,0.1886410691895592,0.1400377294493088,1.0,1.2074130888701675,2.451501430999997,700,1,43.00228460225226,43.77810090777503,0.7360565267811022,-0.0077965160635925,-0.0001780916920086,0.0168133498602805,3.5765584086556466,76.83406796748613,300,,,,,,,,
1,1029,Stationary Skew-t Neural Model,0.4871916696008888,0.2524431691704438,0.1977817327007482,0.9375,1.4050931269481266,5.370616207999774,500,1,1725.8139598312137,1766.8135662230195,40.95689686648589,-0.3395711029976164,-0.0001921940772299,0.0231812216350822,312.6947442638027,1273.7208495982593,300,,,,,,,,
1,1030,Gaussian Neural Model,0.2039597409417189,0.1511128509627442,0.1393951372831536,1.0,1.6498242516154795,4.31225183100014,600,1,1822.1710011976495,1856.942281129191,51.32982262771189,-0.2206778967356936,-0.0001188393947287,0.0276421206783544,530.5826911208811,2127.3115176411065,300,,,,,,,,
1,1030,Proposed Adaptive NSST-BNF,0.1846159984179493,0.1416195587907071,0.1061443728778064,1.0,1.0827963741940758,14.597285078999905,800,1,2428.644781107916,2471.160916602041,32.432438056379425,-0.2623701467060456,-0.0001061728295164,0.0131243731796209,340.693968382508,1526.0042507129233,300,,,,,,,,
1,1030,Sparse Variational GP,0.4961189472416881,0.4470716283194357,0.2856191427601122,1.0,2.163568446106594,3.3441662279997217,900,1,76.64795497535917,77.67827414523177,0.9177393983912772,-0.0102353909629014,-0.0001317664569087,0.0118146213788865,2.858985058767672,14.76495332845414,300,,,,,,,,
1,1030,Stationary Skew-t Neural Model,0.2051207629858262,0.1545719036557964,0.1396192424550177,1.0,1.7618990483454788,7.442295980999916,500,1,1856.939521862756,1872.0292523762216,47.11978931301057,-0.3329661724223611,-0.0001778637657503,0.0251704343044853,539.3393592441871,2499.128284507125,300,,,,,,,,
1,1031,Gaussian Neural Model,0.5279963567712863,0.3463460178297851,0.2551184688885248,0.9375,1.9858910875942275,4.476216295000086,600,0,1716.2599747085428,1751.5339056030482,57.97017339361235,-0.1536476693675785,-8.772177853712627e-05,0.0330968034407837,388.7411996121368,2127.665812420477,300,,,,,,,,
1,1031,Proposed Adaptive NSST-BNF,0.4444606255098757,0.2959394904823217,0.2050283859106535,0.875,1.3982437518855408,14.03299198700006,800,1,2401.754722821298,2432.928793749673,28.10533791510332,-0.2122608400149291,-8.724498660225434e-05,0.011552059389205,361.6292792585598,1435.5703609004927,300,,,,,,,,
1,1031,Sparse Variational GP,0.4375153556380383,0.2855803438677507,0.2056411691724115,0.9375,1.4462017774433336,3.4957512250002765,900,1,51.37298530539571,52.13098958615151,0.6662161872558766,-0.007443123715368,-0.0001427773340666,0.0127796574080926,6.287476515261279,27.86700699770809,300,,,,,,,,
1,1031,Stationary Skew-t Neural Model,0.4828137914919256,0.3136090070815783,0.2331560364593056,1.0,1.8379390784564704,6.457864607000374,600,1,1708.6619884413606,1740.4770756272846,39.85418757762525,-0.1786074851897294,-0.0001026198435422,0.0228984271816745,414.771251114217,2083.45726951554,300,,,,,,,,
1,1032,Gaussian Neural Model,0.3122761248250671,0.2379684209074576,0.1772751129163411,1.0,1.650372002967274,3.873781710000003,500,1,1739.3403187902804,1786.446150395398,34.93599685724421,-0.2458714842565071,-0.000137631623658,0.0195561432677451,733.3165936121017,3057.353732367809,300,,,,,,,,
1,1032,Proposed Adaptive NSST-BNF,0.2720291798102103,0.2056847894771498,0.1416753501613753,0.9375,1.1425355942585296,11.926115242999913,600,1,2439.1682001679387,2525.5335461125496,79.70563320234757,-0.6659858652080952,-0.0002637010568452,0.0315599186259217,633.030205832616,3022.147620936937,300,,,,,,,,
1,1032,Sparse Variational GP,0.5542013976168444,0.4665103594846195,0.3171514876954888,0.8125,1.5862555051705507,4.1612888659997225,900,1,63.36427243759525,64.1493233709276,0.6666596581699369,-0.0074889129529659,-0.0001167418853299,0.0103923100531416,2.694152108470421,3.4825830619008524,300,,,,,,,,
1,1032,Stationary Skew-t Neural Model,0.3006837566509017,0.2147344791227688,0.1708486543119719,1.0,1.7020109956537302,5.223686402000112,500,1,1774.9019860693288,1807.8965339679175,53.22390089191556,-0.3423645631338063,-0.0001893717680747,0.0294396830194155,711.592147884155,3432.133852704716,300,,,,,,,,
1,1033,Gaussian Neural Model,0.2523358389524755,0.1794302626965663,0.1288706565807401,1.0,1.260307566473233,3.540035235000232,500,1,1502.8910631353244,1528.1677318859322,25.539613809652,-0.2228771445876166,-0.0001458459957877,0.0167125723680431,99.00987942270648,291.1755446628986,300,,,,,,,,
1,1033,Proposed Adaptive NSST-BNF,0.2424500477457579,0.1676009017643889,0.1099713067412632,1.0,1.2459420626130149,14.457720246999996,800,1,2137.245581510455,2171.458089185268,28.755169145559755,-0.2041945914317402,-9.40357046026866e-05,0.0132423320941684,96.56079037436862,347.047844597886,300,,,,,,,,
1,1033,Sparse Variational GP,0.3864184486137605,0.2715118879248261,0.2010289345474925,1.0,1.7080257728728625,3.201424478999797,800,1,63.52574405937088,64.74182368202474,0.9582633651356524,-0.0107932186484924,-0.0001667116870464,0.0148013032478369,6.22175539337523,199.1823209753384,300,,,,,,,,
1,1033,Stationary Skew-t Neural Model,0.2425184410290419,0.1615007493861768,0.1255240856042268,1.0,1.2591893607968754,4.291379529999631,400,1,1525.1618713877522,1567.435850990665,48.593482698293634,-0.4815449690219965,-0.0003072182945909,0.0310018956549839,111.4799278387666,517.3700079691138,251,,,,,,,,
1,1034,Gaussian Neural Model,0.3806310421711371,0.1952476157766348,0.1501240047154289,0.9375,1.0682477414653229,5.112650342999586,500,1,1524.4779114660344,1551.1197094162908,26.84505785230647,-0.265152102300222,-0.0001709423848401,0.0173068897837734,121.86215568471287,439.68916328214624,300,,,,,,,,
1,1034,Proposed Adaptive NSST-BNF,0.4045403614192646,0.1932655024535933,0.1460957533650292,1.0,1.3417988617777938,13.809447756000282,800,1,2120.191975945177,2148.790533873226,22.818329921086697,-0.2336274194472164,-0.0001087250784868,0.0106191504296867,92.77869105771713,254.4593790425033,300,,,,,,,,
1,1034,Sparse Variational GP,0.6204966708374573,0.3880633517530509,0.2948958458167537,0.9375,1.5631895832445293,4.32940861499992,900,1,56.67984351374663,57.33111067647756,0.5854385025185282,-0.0065219671140869,-0.0001137596505131,0.0102115325450814,2.6360133507267025,6.489692354056048,300,,,,,,,,
1,1034,Stationary Skew-t Neural Model,0.3860638475057587,0.1994496663868184,0.1522700385245245,0.9375,1.0741921544282085,7.723844582999845,600,1,1504.8751082777917,1525.9942164175022,19.78698423501769,-0.1200979453934728,-7.870144205095382e-05,0.0129666181051921,105.61195497224216,367.9682222567744,300,,,,,,,,
1,1035,Gaussian Neural Model,0.2053941722655401,0.1569803390852257,0.1381647963308143,1.0,1.6959636984168682,3.80091055999992,500,1,1652.3651546129042,1686.6617640234888,42.638025249808805,-0.2676746753909794,-0.000158700861726,0.0252795350907207,339.9002272559644,2057.224226843968,300,,,,,,,,
1,1035,Proposed Adaptive NSST-BNF,0.1760723570552001,0.1241910105404377,0.0883875926635452,1.0,1.071715122107704,13.820818873000007,800,1,2278.1790321463404,2310.915255442972,29.602069522476956,-0.2479945430710588,-0.0001073144255233,0.0128096733330026,207.884978639378,902.2838683511044,300,,,,,,,,
1,1035,Sparse Variational GP,0.3096461926519891,0.2398463287626425,0.1788331908218918,1.0,1.4600475980441896,2.9162976369998432,700,1,59.07102808769165,60.11444904696594,0.8667438329260778,-0.0093484887232874,-0.0001555115096535,0.0144182280078604,4.0916680316486405,86.8472477156677,300,,,,,,,,
1,1035,Stationary Skew-t Neural Model,0.1951448505118532,0.152044031571844,0.1342253015861556,1.0,1.6824704739471708,8.790483068000412,500,1,1659.8213384957098,1694.1304895213843,43.18335601296975,-0.2824389350383757,-0.0001667161631204,0.0254899821944469,437.83738444565455,1579.9504823243728,300,,,,,,,,
1,1036,Gaussian Neural Model,0.1532568935745846,0.1121861928549694,0.0797190921309003,1.0,0.926022244667275,4.057164808999914,500,1,1570.396938462707,1596.6769821418268,27.35044273419289,-0.256823705384698,-0.0001608488806797,0.0171296029441748,115.54568858225784,404.2269061849152,300,,,,,,,,
1,1036,Proposed Adaptive NSST-BNF,0.1158512079997099,0.081730151556238,0.0686409339380155,1.0,1.042067006847449,15.278461574000175,800,1,2170.6258058761878,2204.775669278953,24.38956659382872,-0.230310622964688,-0.0001044598895814,0.0110621533671972,107.9354485397742,356.528110689979,300,,,,,,,,
1,1036,Sparse Variational GP,0.5122948498572304,0.3777316886083135,0.2600251239136534,1.0,1.8625275568208488,3.6999941979997857,900,1,66.34252895687038,67.17657319681258,0.6847956096276089,-0.0077464678609543,-0.0001153150196908,0.0101939646075916,2.732813478824614,3.025690789349888,300,,,,,,,,
1,1036,Stationary Skew-t Neural Model,0.1497582762063335,0.1068669790956696,0.0794545513462289,1.0,0.8915428091856292,5.491636881999966,500,1,1568.4296646159337,1598.4130004089116,25.475959853985845,-0.2429998219465497,-0.0001520256791482,0.0159382836898026,110.76604894315606,321.230653578459,300,,,,,,,,
1,1037,Gaussian Neural Model,0.0935238177573066,0.077395569885635,0.0591211880801531,1.0,0.6632754237343257,3.501798127999791,400,1,1436.6510399974106,1480.3259936091547,47.14410070320885,-0.4638450771333165,-0.0003133398178075,0.0318471072633587,77.19510950944135,316.3140184823937,251,,,,,,,,
1,1037,Proposed Adaptive NSST-BNF,0.0841977762329467,0.0677513846539886,0.0599044665877978,1.0,0.946719957124494,15.849164030999871,800,1,2149.0261974729424,2086.970565776146,21.6981832168066,-0.1888063543556163,-9.04691026561743e-05,0.0103969761589507,83.82915964162699,234.6243234213576,300,,,,,,,,
1,1037,Sparse Variational GP,0.3414441290816029,0.2728536414613127,0.1931048508430802,1.0,1.737254390328126,3.607125805999658,900,1,65.4760137245381,66.41419809478025,0.7802615802219891,-0.0087990858685202,-0.0001324880239608,0.0117484152877741,3.336161657464987,4.658037383504442,300,,,,,,,,
1,1037,Stationary Skew-t Neural Model,0.0911450317086354,0.0751074103191264,0.0579321015163151,1.0,0.6561665327070758,6.1758588470002,500,1,1425.5495331544316,1460.1081088909266,23.789682942814267,-0.2129762256274817,-0.0001458633263733,0.0162930969275175,81.07055476075666,288.23060027701973,300,,,,,,,,
1,1038,Gaussian Neural Model,0.3249280664329516,0.2727244225665991,0.1821281200215502,1.0,1.605428054978734,4.514273119999871,500,1,1639.9505030971852,1662.1141777947355,36.97094874506618,-0.2850053765946929,-0.0001714715994859,0.0222433267455299,226.9113343867457,952.30221014288,300,,,,,,,,
1,1038,Proposed Adaptive NSST-BNF,0.2295481745312407,0.1932250121559354,0.1262609393296416,1.0,1.4472109124977257,13.268947865000428,800,1,2228.9405079471485,2255.8094844993007,28.85691483849376,-0.2413676737215374,-0.0001069982529021,0.0127922659412431,144.97563289911193,684.9142345519354,300,,,,,,,,
1,1038,Sparse Variational GP,0.3544096929195406,0.2931479473872613,0.198629164047711,1.0,1.6409282648533834,3.4363194879997536,900,1,62.55880241473453,63.51515733049343,0.7680531347916844,-0.0086613176521729,-0.0001363661528397,0.0120924385150335,51.81161641939088,193.50420777362703,300,,,,,,,,
1,1038,Stationary Skew-t Neural Model,0.2685547987859713,0.2231319478246253,0.1554489922925601,1.0,1.505968503771995,5.662185356999999,500,1,1644.0782565213958,1670.4848793016845,33.06231063353449,-0.2726955887254979,-0.0001632433744862,0.0197920442400864,246.59795368498456,1017.760147334604,300,,,,,,,,
1,1039,Gaussian Neural Model,0.3820498575114778,0.2579563619323965,0.2010481915087883,1.0,1.8815440881505336,4.13981993599964,600,1,1855.6796720214645,1885.6385417502545,42.56625788397224,-0.1922582690279901,-0.0001019592380889,0.0225739222769927,481.4686600291044,2155.471747822447,300,,,,,,,,
1,1039,Proposed Adaptive NSST-BNF,0.3744417629990335,0.2429915920543265,0.1660659655667068,0.9375,1.2072938607632984,15.318131485000322,800,1,2375.768586932248,2404.733048541468,30.686070525829592,-0.3016377635984034,-0.000125435030629,0.0127606973025307,220.38916162978265,867.696330243286,300,,,,,,,,
1,1039,Sparse Variational GP,0.3692110956318152,0.2883662647158528,0.2080349028108266,1.0,1.9586496811598395,4.496735448000436,900,1,71.15403845970029,72.02375380299183,0.7090099212560957,-0.0080231047901034,-0.0001113952601255,0.0098441123076625,2.8304788204666287,3.154128434220287,300,,,,,,,,
1,1039,Stationary Skew-t Neural Model,0.3939860733024976,0.2664003922943269,0.200111201871327,1.0,1.781158271942635,5.237027719999787,500,1,2032.7629305478044,1875.018039785588,64.18676852420238,-0.3718730973950278,-0.0001983304104303,0.0342326138534337,573.1325090322072,2858.517966348206,300,,,,,,,,
1,1040,Gaussian Neural Model,0.1894815616982866,0.1450404162117566,0.1326889930633016,1.0,1.8082629326579704,3.745113610999852,500,1,2136.700154576752,1970.305374529663,54.9685447483969,-0.3367138724457363,-0.0001708942566966,0.027898489979767,967.7611795449484,3476.3927326102025,300,,,,,,,,
1,1040,Proposed Adaptive NSST-BNF,0.1643003185069112,0.1213751619761772,0.0924672315287042,1.0,1.1980083020936294,12.425614417999896,800,1,2512.6602331617837,2547.1950259794094,38.43566993289796,-0.2771006494339921,-0.0001087865854823,0.0150894099355895,361.469197914159,1850.0966717188885,300,,,,,,,,
1,1040,Sparse Variational GP,0.2106412565359768,0.1392342562549681,0.1200223408979191,1.0,1.3060111291183394,3.597284665999723,900,1,53.71428041187609,54.19448787087244,0.4108644392260965,-0.0046162309782719,-8.517897593701377e-05,0.0075812957252228,2.129365094751664,2.6487127763969283,300,,,,,,,,
1,1040,Stationary Skew-t Neural Model,0.1864620483968755,0.1533107398378673,0.1385953154887485,1.0,1.8236975560278563,5.151957743999901,500,1,1944.271955731548,1980.1090447553847,64.29652327302921,-0.4026322607548239,-0.0002033384281644,0.0324712032619254,714.6984334091791,3635.369835326602,300,,,,,,,,
2,1001,Gaussian Neural Model,0.2169084058490887,0.1481368103804606,0.1333351610181701,1.0,1.528389220043585,3.309488692000059,500,1,1710.3423715986228,1727.775934049178,55.043591317381214,-0.2697361305131646,-0.000156117541168,0.0318580611250801,909.8262143141112,4104.961181598302,300,,,,,,,,
2,1001,Proposed Adaptive NSST-BNF,0.1903168979310149,0.144646651783169,0.1035411402182095,1.0,1.318917014837932,12.426156584999717,600,1,2457.5016736927305,2510.866919823609,101.46628043589148,-0.5836280449336961,-0.0002324408515345,0.0404108555633922,613.3164631500479,3714.707548463509,300,,,,,,,,
2,1001,Sparse Variational GP,0.2337948435692321,0.1936803026168,0.1294608351825815,1.0,1.0587660057131856,2.7435134940000125,1000,1,36.685556519707305,37.11318227456324,0.3347149998134345,-0.0036817044614742,-9.92020688023157e-05,0.0090187631267295,2.110951322691212,2.276134400967415,300,,,,,,,,
2,1001,Stationary Skew-t Neural Model,0.2178487182965603,0.1657922887837965,0.1343044466715993,1.0,1.5709394851781728,4.784983390000093,600,1,1686.8398660626872,1722.8278055796543,71.20081868531886,-0.1449134535908297,-8.411371880666436e-05,0.0413278787669455,914.015386165013,3734.1967678989695,300,,,,,,,,
2,1002,Gaussian Neural Model,0.210941820306623,0.1411389695755377,0.1268079245906422,1.0,1.5431825129937318,2.517121002000067,500,1,1776.4348223111144,1814.5006333088295,46.56711229972397,-0.316994479868013,-0.0001747006719363,0.0256638721667495,336.05992620332466,1581.98649942616,300,,,,,,,,
2,1002,Proposed Adaptive NSST-BNF,0.2220778109922933,0.1619430423155701,0.1060141834601284,1.0,1.2127464912018149,14.801608787000076,800,1,2431.696294274122,2428.916076177936,39.09500974785697,-0.2670607296793392,-0.0001099505793133,0.0160956609951611,235.94011145057897,986.3072064906692,300,,,,,,,,
2,1002,Sparse Variational GP,0.2826227447561237,0.2161455019563274,0.1654809023457335,1.0,1.6338526130718762,3.253050465000001,1000,1,61.4652162674106,62.43799198933098,0.6654677604259099,-0.0075265913794943,-0.00012054505822,0.0106580583267253,7.749662287008322,190.1634350131274,300,,,,,,,,
2,1002,Stationary Skew-t Neural Model,0.2214249382077281,0.1467760519530313,0.1307143100168886,1.0,1.5364330970248503,4.255526142000008,500,1,1883.1982648476665,1823.8250655406057,48.09665741209474,-0.3070693466135122,-0.0001683655699306,0.0263713106705429,317.6328350463203,1755.7506239222314,300,,,,,,,,
2,1003,Gaussian Neural Model,0.4059210683040563,0.2758943327050108,0.223908221393472,1.0,2.190021806986139,46.81535759799999,600,1,1661.836691218252,1686.0898204739592,36.39966371931944,-0.1242380992656278,-7.36841523844231e-05,0.0215882115396957,345.71219340603,1350.6582201154329,300,,,,,,,,
2,1003,Proposed Adaptive NSST-BNF,0.3657042704060341,0.2603926538464558,0.1684642393934021,1.0,1.4305474105299183,13.128162572999829,600,1,2296.0707411567078,2375.7517856943946,74.95637276106534,-0.6896767858827992,-0.0002902983342096,0.0315505909381677,214.24501372201144,868.4408382153379,300,,,,,,,,
2,1003,Sparse Variational GP,0.3815813393140966,0.2589459965681734,0.2199023805708803,1.0,2.2263338767352456,3.194208666999998,900,1,83.62564814510134,84.4860312109684,0.7277282407644254,-0.0081949791867008,-9.699803706292286e-05,0.0086135924523099,2.879667581843353,3.0596347418702705,300,,,,,,,,
2,1003,Stationary Skew-t Neural Model,0.4051644575616004,0.2754874769087023,0.2259891730081421,1.0,2.303603037212935,4.88589264299992,500,1,1653.7846391657313,1684.6612565993498,33.809213450569416,-0.2253906203261435,-0.0001337898758241,0.0200688496385418,281.2643618564397,1090.6141383383558,300,,,,,,,,
2,1004,Gaussian Neural Model,0.1362431944799223,0.101878203335906,0.1104327974685105,1.0,1.6039110054573626,3.255255319000071,500,1,1797.003680580068,1848.7231351076416,54.20328528543192,-0.3069713357826983,-0.0001660450556133,0.0293193092335461,879.5214189913265,3354.8974451484487,300,,,,,,,,
2,1004,Proposed Adaptive NSST-BNF,0.1173167535688789,0.090925392167963,0.0891314375396596,1.0,1.2803855803253597,16.951703115999862,800,1,2442.9740127462237,2475.8159661683294,43.71945015618274,-0.2623864876526668,-0.0001059798027147,0.0176586025591573,535.6616268741091,2010.2075058037583,300,,,,,,,,
2,1004,Sparse Variational GP,0.2822315822739877,0.2106841277593765,0.1520364161004432,1.0,1.2770515364103852,3.1266609349999044,900,1,46.92482048634341,47.591894960445934,0.5751396496559996,-0.006451236797131,-0.0001355532660023,0.0120848234795859,2.6627430034100112,3.553133278617296,300,,,,,,,,
2,1004,Stationary Skew-t Neural Model,0.1600726703515533,0.1317484896531799,0.1195930105548277,1.0,1.5674401340735584,4.931560804000014,500,1,1802.874157534931,1844.7743995544615,40.75051886037515,-0.2663211739354384,-0.0001443651722399,0.0220897031475593,989.2848257228118,3207.851006625497,300,,,,,,,,
2,1005,Gaussian Neural Model,0.1995419702813847,0.1385175451288392,0.1268427811923721,1.0,1.4677076955157609,4.4237435749998895,600,1,1674.2412599760728,1693.8658782781845,22.43655535596718,-0.1466341403075345,-8.656773962327413e-05,0.0132457685367473,169.8815840484599,789.0040742593659,300,,,,,,,,
2,1005,Proposed Adaptive NSST-BNF,0.1358844730521549,0.0899774997525001,0.0841600666569525,1.0,1.09888850306394,16.270885249000003,800,1,2250.96419301956,2274.800340649631,28.279116747506432,-0.278897190422739,-0.000122602931536,0.0124314720031343,109.46347438588616,363.4264729428572,300,,,,,,,,
2,1005,Sparse Variational GP,0.3287233239288212,0.2762856736401163,0.1925404227485362,1.0,2.007902769937062,2.532452594999995,700,1,75.49972700011162,76.59210237327399,0.7992963904280684,-0.0088445916682674,-0.0001154765490724,0.0104357546752361,4.312900317345151,77.03934052385281,300,,,,,,,,
2,1005,Stationary Skew-t Neural Model,0.1953447942513416,0.1342732436344068,0.121944739225499,1.0,1.4654005290518373,4.942606316000024,500,1,1680.313250017496,1719.6838611697367,41.5366893316068,-0.3205860030482757,-0.0001864214756485,0.024153677469156,211.30068261356584,969.5792351673596,300,,,,,,,,
2,1006,Gaussian Neural Model,0.1989355060679943,0.1267797393450066,0.1161863380422121,1.0,1.3694597852337576,3.309898739999994,500,1,1631.039821866894,1664.1010986115275,38.89570647767579,-0.2880668782906641,-0.0001731065970276,0.0233734035210535,234.14163801942175,1011.7177217911848,300,,,,,,,,
2,1006,Proposed Adaptive NSST-BNF,0.179037241270932,0.1058445402119447,0.0848255363217199,1.0,1.0603359980346725,14.07910387100037,800,1,2235.231368614577,2256.864433971174,29.716186381187818,-0.2645321232352966,-0.0001172122344849,0.0131670232087885,144.89439180950808,525.7274558672231,300,,,,,,,,
2,1006,Sparse Variational GP,0.4868288238479902,0.3519885899350478,0.258276079769343,0.8125,1.490828268647334,4.435982813999999,900,1,54.66460058274222,55.49331553703912,0.6460293235099053,-0.0072343102416619,-0.0001303636333791,0.0116415701108847,4.107756520390167,180.3554009975621,300,,,,,,,,
2,1006,Stationary Skew-t Neural Model,0.2024235685079803,0.1277933318435162,0.1197845859466418,1.0,1.4677467692405046,5.851730244000009,600,1,1832.4366508779883,1658.6567302331207,32.086981134111696,-0.1542327426131649,-9.298653531010468e-05,0.0193451607853795,247.05275559752192,1286.467120216129,300,,,,,,,,
2,1007,Gaussian Neural Model,0.2737145393011628,0.2208966636700897,0.17291567002628,1.0,1.8572551886213056,4.2991828599999735,600,1,1830.045905253872,1853.264538098885,34.57917926660114,-0.1660882796379889,-8.961930486640909e-05,0.0186585231388893,419.4564097470829,1782.495911736011,300,,,,,,,,
2,1007,Proposed Adaptive NSST-BNF,0.2738977734917926,0.200174496650011,0.1330161170440063,1.0,1.0708239185913804,15.00465959400026,800,1,2423.1925771496813,2462.955602198608,39.63154420164907,-0.2675412085679518,-0.0001086260784924,0.0160910509983497,237.9117275517532,1119.9370226337053,300,,,,,,,,
2,1007,Sparse Variational GP,0.3867158202454901,0.2337074103147357,0.1711481711589952,1.0,1.4076686881859497,3.751765930000033,900,1,54.52395336268654,55.32457603509671,0.666497669224701,-0.0073762202185754,-0.000133326285481,0.0120470452191423,3.762757639125665,123.01696003372795,300,,,,,,,,
2,1007,Stationary Skew-t Neural Model,0.2905614655901407,0.2361502841476345,0.1784996084895905,1.0,1.915786550159231,8.295849340000018,600,1,1833.5167735982047,1862.552767483275,32.323191100775404,-0.1393879449407411,-7.483704482052625e-05,0.0173542418046234,461.3029574725583,1800.1756653477837,300,,,,,,,,
2,1008,Gaussian Neural Model,0.5566828211407043,0.4339872935266313,0.2936246042679989,1.0,2.237308431577188,4.084975284999928,600,0,1875.0286484460637,1887.4601897282207,69.61925834950148,-0.1141618143034793,-6.048435613358167e-05,0.0368851532489943,521.328357176984,2526.5917868754427,300,,,,,,,,
2,1008,Proposed Adaptive NSST-BNF,0.5412293019543981,0.3610761258145913,0.227912378690741,1.0,2.2576181196910765,15.953277365999838,800,1,2413.9881704662835,2456.685469181987,38.019070340646685,-0.2483256527989082,-0.0001010815816326,0.0154757582187784,257.5260819114309,1126.1178634405746,300,,,,,,,,
2,1008,Sparse Variational GP,0.7432832449868145,0.5819240658999572,0.4110420874541294,0.9375,2.4988907748997846,2.495642038999904,700,1,82.72303343526025,84.28889599068454,1.413225505105013,-0.0155349418554793,-0.0001843059121001,0.0167664493465566,188.571085271536,258.4597676283334,300,,,,,,,,
2,1008,Stationary Skew-t Neural Model,0.4698360308940001,0.3452999548468515,0.2394785966333377,1.0,2.141642880300625,4.835063370000057,500,1,1837.9908017200617,1878.6414507473112,54.15422097934082,-0.3346885335489412,-0.0001781545560041,0.0288262674912227,458.62227592084736,2155.496025167084,300,,,,,,,,
2,1009,Gaussian Neural Model,0.3905183348562211,0.2842078031157046,0.2024448555360299,1.0,1.753920404896943,3.624400594000008,500,1,1976.1253920100787,1954.649401095385,59.03287782748823,-0.3480730917179591,-0.0001780744370437,0.0302012615635347,587.2156745999814,3510.4026428137945,300,,,,,,,,
2,1009,Proposed Adaptive NSST-BNF,0.3609593853349549,0.2688137572417102,0.1680562020971354,1.0,1.4370058646839683,15.777919032999762,800,1,2533.6404086950124,2569.5516505179103,41.27837769744413,-0.229668368265198,-8.938071675613399e-05,0.0160644280838348,389.9554113528941,1434.801367713431,300,,,,,,,,
2,1009,Sparse Variational GP,0.4615463613615913,0.3868863220851751,0.262250250222829,1.0,2.118164715372802,3.379122827999936,700,1,74.45350051133894,75.75983676827656,1.116731953863222,-0.0125580012737682,-0.0001657606696299,0.0147404218580738,124.7965876380644,262.97446615131065,300,,,,,,,,
2,1009,Stationary Skew-t Neural Model,0.3924543723304787,0.302424250831449,0.2066050252633244,1.0,1.7748777334877732,6.93793153799993,600,1,1933.0597354705376,1948.7643245000731,35.37539416541262,-0.1383056117586862,-7.097092758723732e-05,0.0181527307949295,635.3519575958985,2741.812575514805,300,,,,,,,,
2,1010,Gaussian Neural Model,0.1366678948878219,0.0952925599282778,0.1050348045870682,1.0,1.3849616293894482,4.071329358999947,500,1,1574.7887892862627,1607.6723208449516,30.36886438494648,-0.2696358612827327,-0.0001677181710393,0.0188899590987455,132.42452955006303,497.02456676505807,300,,,,,,,,
2,1010,Proposed Adaptive NSST-BNF,0.1095515465620027,0.0730048541908804,0.0563529616690006,1.0,0.8076672928041961,15.397618279999731,800,1,2167.224040332231,2203.8685422020644,24.99663277543311,-0.2495127393687541,-0.000113215799668,0.0113421614296726,93.88541106587344,312.5231490281297,300,,,,,,,,
2,1010,Sparse Variational GP,0.3374618340432777,0.271334948879756,0.2088707855714595,1.0,2.234789786663785,1.3732776040001229,400,1,75.05512370306243,77.54601531165426,3.7680500052221655,-0.0316055574131974,-0.0004075716500219,0.048591149268966,4.15121774221493,21.137295766855683,300,,,,,,,,
2,1010,Stationary Skew-t Neural Model,0.1277073573746464,0.0872785126957727,0.1062499210066972,1.0,1.4701985848909904,4.764121666000165,500,1,1582.5114792741686,1616.1839506656866,41.12628182137031,-0.2986607105920714,-0.0001847937609261,0.0254465352192309,132.66552368758204,455.071089856876,300,,,,,,,,
2,1011,Gaussian Neural Model,0.2594248470365997,0.1771057066115201,0.1531303863868998,1.0,1.7899430763564077,5.802148689999967,400,1,2109.1559170533656,1970.7828880536103,79.10328474162044,-0.7389326095930053,-0.0003749436906887,0.0401380005992159,1601.1258545202377,6689.647644696792,251,,,,,,,,
2,1011,Proposed Adaptive NSST-BNF,0.2183242651569439,0.1576768467815627,0.1201605947106374,1.0,1.3703624151353435,17.215966849000324,800,1,2480.6546411316185,2509.9306625888094,32.56177185884831,-0.2173925620510607,-8.66129751277018e-05,0.0129731758507078,588.0716369187511,2534.715105384459,300,,,,,,,,
2,1011,Sparse Variational GP,0.5445061117398505,0.4238579031813327,0.3049595823628833,0.875,1.3604985541150278,5.889260856999954,1000,0,53.1106794006027,54.024936026126326,0.6137103393736834,-0.0069924549887342,-0.0001294301391741,0.0113597605941982,5.425862953021086,121.71864354775862,300,,,,,,,,
2,1011,Stationary Skew-t Neural Model,0.2301103601934749,0.1585480641824766,0.139765570560779,1.0,1.7237356068808394,6.84280053800012,600,1,1938.57728619508,1860.2788736142495,34.280008000958,-0.0949407114359068,-5.103574135175277e-05,0.0184273489782512,752.9005034528741,3536.08693255133,300,,,,,,,,
2,1012,Gaussian Neural Model,0.1807333785167025,0.1407282942195091,0.1412630247581806,1.0,1.8619601112346973,3.502606743999877,500,1,1676.97645415693,1722.3133268701386,59.82732443765696,-0.3541626578342906,-0.0002056319557591,0.0347366088993677,382.4324943692885,2066.9010901087418,300,,,,,,,,
2,1012,Proposed Adaptive NSST-BNF,0.1868819083280647,0.1487646487143281,0.0980718029364477,1.0,1.1013668658065816,19.526094189000105,800,1,2252.620107877235,2289.677233671525,41.73739660547316,-0.2830222708853492,-0.0001236079333467,0.0182285066173046,173.7554787706639,1053.3823723285143,300,,,,,,,,
2,1012,Sparse Variational GP,0.1667573334546675,0.1483578610728413,0.1035441598385644,1.0,1.1107921185921146,3.540007064000065,1000,1,41.38910996957064,41.93198905513993,0.387024818813109,-0.0043513167975016,-0.0001037708178302,0.0092298225658737,6.092749874301405,132.89134237948568,300,,,,,,,,
2,1012,Stationary Skew-t Neural Model,0.1980606681591638,0.1514403633742143,0.145837472369343,1.0,1.9053841409834549,7.171125300000085,500,1,1669.3687772128528,1716.2629457630358,55.34634049767084,-0.3186061619906238,-0.0001856394806968,0.03224817073299,334.7346271224412,1884.7335349222733,300,,,,,,,,
2,1013,Gaussian Neural Model,0.2395487282158881,0.1385469980011845,0.1149568352999733,0.9375,1.0478426339071532,5.10907318999989,600,1,1510.2699727337854,1522.829887557396,17.960548856000933,-0.1151398564220402,-7.560913885576761e-05,0.0117941925114232,118.45031313088084,432.0923197271299,300,,,,,,,,
2,1013,Proposed Adaptive NSST-BNF,0.220467559824418,0.1342773869485194,0.1000725079528964,1.0,1.0823179361858457,15.410913865000111,800,1,2102.289086379676,2119.9245524121807,28.665348527201825,-0.2335072387891215,-0.0001101488439875,0.0135218720376555,97.2391634055894,293.2636370761385,300,,,,,,,,
2,1013,Sparse Variational GP,0.3096093726070558,0.2249242053837528,0.1621805765800696,1.0,1.4620018368366612,4.9689794460000485,900,1,47.80888299090456,48.55107973899817,0.6511778338663846,-0.0072479119336272,-0.0001492842584055,0.0134122214658661,7.906661079995064,109.03870614967347,300,,,,,,,,
2,1013,Stationary Skew-t Neural Model,0.2427426759231846,0.1355805054278631,0.1136009054766526,0.9375,1.011727612580731,8.477707926999983,600,1,1514.540576820375,1525.1437111365017,21.717935617077814,-0.1261169408757896,-8.269184074582074e-05,0.0142399273317621,114.41457543663468,366.9889996056697,300,,,,,,,,
2,1014,Gaussian Neural Model,0.3044642509161633,0.2109029223590234,0.169265009350354,1.0,1.6062563215051249,3.3920347709999987,500,1,1627.928196704509,1660.6653023105,34.5973315944338,-0.2924943332235513,-0.0001761308150514,0.0208334163098959,240.4198645970294,915.1494013910416,300,,,,,,,,
2,1014,Proposed Adaptive NSST-BNF,0.2434263520292358,0.1594389641741735,0.1255070687051846,1.0,1.277104368823966,13.97588041400013,800,1,2229.584384018318,2238.500672201878,28.26891607729804,-0.2435922957844305,-0.000108819398095,0.0126285046184469,136.3891048146635,533.8034577614424,300,,,,,,,,
2,1014,Sparse Variational GP,0.508496542331636,0.3661299301680845,0.2636397631481836,0.9375,1.5841001205493523,3.299969391000104,900,1,55.25215572835421,55.990940053054366,0.6426627096981594,-0.0072013882032448,-0.0001286170261906,0.0114779767778356,2.672107037083075,3.627680201699849,300,,,,,,,,
2,1014,Stationary Skew-t Neural Model,0.2710830786699004,0.1798088414385349,0.1592669623407175,1.0,1.765349351640721,6.00843938800017,600,1,1617.134164834767,1635.5441057088308,26.950286070501505,-0.1335240748042403,-8.163893247401729e-05,0.0164778717837275,214.58082745476304,995.0860132743228,300,,,,,,,,
2,1015,Gaussian Neural Model,0.2448435185037217,0.1825702027597643,0.166586322525549,1.0,1.931377937014437,5.073958597000001,500,1,1741.667152315452,1786.2164080772232,49.95695008141311,-0.3035475188779636,-0.0001699388257242,0.0279680277571682,355.1214703822791,1651.171904373849,300,,,,,,,,
2,1015,Proposed Adaptive NSST-BNF,0.1809978504375531,0.1442504893564558,0.1226109092573719,1.0,1.4448474441114405,13.294481545000052,800,1,2298.1756387585947,2332.5858220795785,27.34391068251594,-0.2640420285557259,-0.0001131971334372,0.0117225743308933,159.87931991352542,527.3916207857127,300,,,,,,,,
2,1015,Sparse Variational GP,0.4430654358709563,0.3697218869597384,0.2621164535410366,1.0,2.573275966596327,2.456695393000018,700,1,90.46257720989053,92.15957190725632,1.576310008829611,-0.0159431751697964,-0.0001729953258229,0.0171041377060203,333.50521532514654,639.6484894718967,300,,,,,,,,
2,1015,Stationary Skew-t Neural Model,0.248298716050637,0.1772881935911251,0.1701923446278277,1.0,2.0079165562026904,5.510942799000077,500,1,1729.327560601609,1768.2591091077077,45.98966875278355,-0.3343626162511052,-0.0001890914145607,0.0260084444162658,319.1803271227644,1244.2565807088772,300,,,,,,,,
2,1016,Gaussian Neural Model,0.1491023836113117,0.1036495144851387,0.0950973814682877,1.0,1.1581458395735562,3.698186946000078,500,1,1727.1289230158793,1766.594473882333,39.77732303324088,-0.3145834401314595,-0.0001780733749495,0.0225163859738702,214.67426156469944,1036.0689713373415,300,,,,,,,,
2,1016,Proposed Adaptive NSST-BNF,0.1289203821162156,0.0957390073309434,0.0732649745587614,1.0,0.9400103249994772,14.743203942000036,800,1,2295.7876050802647,2332.613463257688,29.01486612820024,-0.2675876821556603,-0.0001147158268485,0.0124387801859286,144.25644835650752,667.0512803877451,300,,,,,,,,
2,1016,Sparse Variational GP,0.272488921226039,0.2211538695083447,0.1553427021713947,1.0,1.3715251170203535,2.168583720000015,800,1,50.58853290335263,51.39154059310252,0.5449725072375848,-0.0062255172677201,-0.000121138950027,0.0106043232202834,2.1432821980087,17.678211669394052,300,,,,,,,,
2,1016,Stationary Skew-t Neural Model,0.1449579662444748,0.108669778266906,0.0945703913323893,1.0,1.149860786120928,4.288090159999911,500,1,1725.0629886297606,1759.1681865353607,34.777863634789604,-0.303516564357127,-0.0001725341366904,0.019769493275844,208.01699113744263,894.2502362686319,300,,,,,,,,
2,1017,Gaussian Neural Model,0.4027596126451528,0.3276379023854706,0.2279380732468735,1.0,2.1503560314059067,2.731574023999883,500,1,1939.753303014615,1998.977106161106,61.18255341949844,-0.3621525584190001,-0.0001811689375044,0.0306069305300825,501.1063335165878,2096.715603090117,300,,,,,,,,
2,1017,Proposed Adaptive NSST-BNF,0.4368454552633307,0.3270177026266258,0.2151645431836969,1.0,2.3597425117277684,15.008586972000105,800,1,2463.628338441796,2496.1893150597034,40.56845376335657,-0.302506291653607,-0.0001211872392164,0.0162521542411082,174.44267593017003,603.6868036390948,300,,,,,,,,
2,1017,Sparse Variational GP,0.858724690115109,0.6234373540052908,0.4578590860549458,0.9375,3.9544971385747534,1.94672912499982,700,1,116.36970055158164,118.151020803274,1.3979057853137284,-0.0155772141376482,-0.000131841553562,0.0118315167808942,96.40338527077424,290.1801870566468,300,,,,,,,,
2,1017,Stationary Skew-t Neural Model,0.3923252413798204,0.3084838769243916,0.2185795308847309,1.0,2.098794345662067,3.9817163560001054,500,1,1963.0356782866693,2022.174233438289,81.9694196979227,-0.472295477873365,-0.0002335582513433,0.0405352903535669,427.8727051990808,2395.805600996236,300,,,,,,,,
2,1018,Gaussian Neural Model,0.2646889199973423,0.1701092835306632,0.1571683813049928,1.0,1.5818340107325408,2.9162232620001305,500,1,1762.259108371845,1803.987190995623,45.839112615234335,-0.2633821009537623,-0.0001459999839624,0.0254098880768303,498.14261055565294,1787.483200060094,300,,,,,,,,
2,1018,Proposed Adaptive NSST-BNF,0.2257132594936305,0.1600163821428962,0.1070774698157521,1.0,1.0198308423841056,17.775855624999622,800,1,2374.122377065976,2411.5220323934464,30.29139935583574,-0.2547983222679028,-0.0001056587162983,0.0125611124215072,273.65125380701426,1071.1092382635547,300,,,,,,,,
2,1018,Sparse Variational GP,0.1744433313852134,0.1280865558936731,0.0979068391328731,1.0,0.920081464901442,4.470753889999969,1000,1,40.88447957856639,41.55042206747729,0.5520677221839347,-0.0059811699962411,-0.0001439496808607,0.0132866934850233,3.6088573068064536,5.019806700997679,300,,,,,,,,
2,1018,Stationary Skew-t Neural Model,0.2511475462371639,0.1710738626158343,0.1524590877141251,1.0,1.6521144177331804,4.728101616000004,600,1,1791.0216515697034,1784.8549842308446,28.375017546484894,-0.1170698058812047,-6.559065409543853e-05,0.0158976599203731,433.4224193332989,2035.9388146985236,300,,,,,,,,
2,1019,Gaussian Neural Model,0.2499080630332432,0.1711940944613214,0.1476480948393343,1.0,1.6368357517375738,2.700471099999959,500,1,1911.4382988278192,1946.5316422161056,64.4773361031032,-0.2906568319980639,-0.0001493203735784,0.03312421678884,807.0524396542816,3353.659923254236,300,,,,,,,,
2,1019,Proposed Adaptive NSST-BNF,0.2758508646526754,0.1845905324993005,0.1331188458399692,1.0,1.3596394052203955,16.426535177000005,800,1,2589.540787135783,2614.6282728125566,40.12831957340121,-0.207323973870831,-7.929386216259816e-05,0.0153476193884475,569.9980868230297,2585.2844881850137,300,,,,,,,,
2,1019,Sparse Variational GP,0.4266381264964835,0.3097772409523796,0.2288351038049711,0.9375,1.7734905355721522,1.9840398310000185,700,1,57.4623575847172,58.13639754686018,0.5586660482232559,-0.0061298297591746,-0.0001054387615647,0.0096095745831677,5.000437781577193,99.41985815019544,300,,,,,,,,
2,1019,Stationary Skew-t Neural Model,0.2488344177420468,0.1748166607096379,0.1466434459111385,1.0,1.664253682623173,3.2864976030000435,400,1,1940.8261398066877,2008.750908693928,75.45104563187188,-0.6292333546217674,-0.0003132460833737,0.0375611756068498,1002.2965572814788,3526.6425568785057,251,,,,,,,,
2,1020,Gaussian Neural Model,0.3650496797443037,0.272995777927785,0.1859643938203882,1.0,1.7197613078542302,2.868015597999829,500,1,1608.6552875588968,1641.1494176730002,28.464786271573036,-0.2398499042061237,-0.0001461475119957,0.0173444209071063,135.38588720518237,549.1069281458675,300,,,,,,,,
2,1020,Proposed Adaptive NSST-BNF,0.2790496239374998,0.2283469063946683,0.1534133162169132,1.0,1.816193729054933,13.080176104000202,800,1,2208.8387093300867,2239.352428006276,23.206819204516812,-0.2168031947076393,-9.681512922941828e-05,0.0103631830855575,106.14948593855854,336.2373916165168,300,,,,,,,,
2,1020,Sparse Variational GP,0.5205487566328539,0.3548219089141845,0.253539005338621,1.0,2.280400994099667,2.367259555999908,700,1,77.41194763866899,78.5532145069545,0.9958921153297716,-0.010724684679799,-0.0001365276360377,0.0126779294976094,2.4105855304724058,51.34545310044725,300,,,,,,,,
2,1020,Stationary Skew-t Neural Model,0.3048230527567543,0.220201017355378,0.1636185173858179,1.0,1.5916267787962373,4.3169222869998976,600,1,1606.891262042517,1622.594539328073,31.156069528772274,-0.1268745486517604,-7.819239223145664e-05,0.0192013893635277,139.6505606257561,647.8382483160132,300,,,,,,,,
2,1021,Gaussian Neural Model,0.2399599117349904,0.179539202673397,0.1428682055067172,1.0,1.5622327799150142,4.727444369000295,500,1,1592.5086779905885,1624.2194365123853,30.061163335332058,-0.28669814597795,-0.0001765144164224,0.0185080677275239,135.27752470302727,624.3729273854598,300,,,,,,,,
2,1021,Proposed Adaptive NSST-BNF,0.2074775401584184,0.1690962259248357,0.1094840213488071,1.0,1.2603877349244057,15.338471389999995,800,1,2204.3463384517845,2237.251609635632,29.585165410884148,-0.2648487661583099,-0.0001183813054453,0.0132238883116514,119.48476767303087,359.7782241165641,300,,,,,,,,
2,1021,Sparse Variational GP,0.1549982800323553,0.1336687270547376,0.1067014206047006,1.0,1.287490339207939,3.3085337739998977,900,1,47.27241526481298,48.002871484968985,0.6321396039750988,-0.0070858015965915,-0.0001476120360593,0.0131687872916732,2.296458086275336,3.009475605900056,300,,,,,,,,
2,1021,Stationary Skew-t Neural Model,0.2607808964320457,0.2055665259293052,0.1493821437248822,1.0,1.605474632258766,7.23968610699967,500,1,1607.913948731539,1643.285921880593,34.45973807440861,-0.2570848852886894,-0.0001564456202451,0.0209700196512196,144.2796960795494,786.3410916195588,300,,,,,,,,
2,1022,Gaussian Neural Model,0.4777965807245768,0.3212647478481482,0.2379499011371577,0.9375,1.516739835841349,3.503266010000061,500,1,1731.4914629374375,1770.979437896456,49.33540024668425,-0.2698031838169565,-0.0001523468754314,0.0278576922978191,737.8599395016004,3497.985597120262,300,,,,,,,,
2,1022,Proposed Adaptive NSST-BNF,0.4572229842093657,0.2876212892611008,0.2118169209951398,1.0,1.6382079994753225,11.281759494000198,600,1,2375.0338386771414,2462.9228079742,87.96679790926486,-0.7398599782176605,-0.000300399174437,0.0357164250639341,425.71902097882605,2284.8333885733587,300,,,,,,,,
2,1022,Sparse Variational GP,0.2960362365245396,0.2335848845477722,0.1667593311691098,1.0,1.5688761582478497,3.800481326000408,1000,0,52.819380974717525,54.50022125919367,1.1053318650959618,-0.0126261908930743,-0.0002316722868523,0.0202812362878156,11.464759209196655,233.7636815081288,300,,,,,,,,
2,1022,Stationary Skew-t Neural Model,0.4735437858131449,0.3252280045661667,0.241143294137282,0.875,1.5840577377062348,5.49930699000015,500,1,1735.3640870391268,1741.070556987759,71.4348400742846,-0.3173945304248428,-0.0001822984882209,0.04102926201789,616.9207518946212,2939.0351373853814,300,,,,,,,,
2,1023,Gaussian Neural Model,0.4619715502750638,0.2559371813705975,0.2172640716933437,1.0,1.9214281573497736,5.748506594999981,500,1,1639.3175371258594,1677.078603742535,40.3203247807934,-0.3439758245949352,-0.0002051041756941,0.0240420005900828,496.4161908161436,1727.4600670063223,300,,,,,,,,
2,1023,Proposed Adaptive NSST-BNF,0.4802793237438314,0.2362133009089437,0.1627430131964204,1.0,1.129024026641258,16.617869015999986,800,1,2197.6204194961674,2230.1766938359037,32.88815548255707,-0.2944972024602825,-0.0001320510627136,0.0147468833180161,203.6480464142533,663.2205051122189,300,,,,,,,,
2,1023,Sparse Variational GP,0.4004719434149921,0.3019896870483525,0.2149389157859894,1.0,1.7727597245700677,2.57095090599978,700,1,65.64494591881417,66.59872027756124,0.6433393102744467,-0.0073025840309049,-0.0001096505158127,0.0096599350196702,3.974765260803411,96.1646903341371,300,,,,,,,,
2,1023,Stationary Skew-t Neural Model,0.4431740682361653,0.2436111267121427,0.2084593961288079,1.0,1.906967220289196,5.24810244299988,500,1,1651.1222431600588,1693.415453132209,55.43938752297136,-0.3368878325906085,-0.000198939859659,0.0327382081109679,447.7576959011774,2207.7366174224367,300,,,,,,,,
2,1024,Gaussian Neural Model,0.3045007153834625,0.2652643395745689,0.1772224010577273,1.0,1.6698737500169143,4.952789683999981,500,1,1621.2684025362016,1646.7493571472603,35.58668853202641,-0.3015439536482818,-0.0001831146630417,0.0216102641106688,159.39802252985146,567.728691745186,300,,,,,,,,
2,1024,Proposed Adaptive NSST-BNF,0.1804952434866345,0.1444752360051294,0.1019705717557513,1.0,1.2406577716748892,16.656524036000064,800,1,2227.468884996264,2219.473072240663,26.918752040629585,-0.2440164422881053,-0.0001099434119476,0.0121284427269278,111.59402783564458,396.7427241655064,300,,,,,,,,
2,1024,Sparse Variational GP,0.2712172222260043,0.2034045143101476,0.1687729042645604,1.0,1.7486084655021676,3.557616935000169,900,1,67.42708897934907,68.53658910067196,0.9314949890603196,-0.0104942152656413,-0.0001531184350336,0.0135912072847986,3.3386027239812024,4.030827110954593,300,,,,,,,,
2,1024,Stationary Skew-t Neural Model,0.3022152089738222,0.2639464140904601,0.1753000533041683,1.0,1.6409967692116,6.265644831999907,500,1,1613.951695731599,1643.3214716176556,31.357982773339817,-0.2943829365595285,-0.0001791389826299,0.0190820745148979,152.22640004542177,512.0822963818514,300,,,,,,,,
2,1025,Gaussian Neural Model,0.3293202450921036,0.2288373355142769,0.1769303260288724,1.0,1.7992012873189562,3.50179329599996,500,1,1720.3783169153369,1766.7202164538671,52.03380585843875,-0.2602121630300399,-0.0001472854392034,0.0294522049240372,449.0167422896301,2978.5486423624843,300,,,,,,,,
2,1025,Proposed Adaptive NSST-BNF,0.3202769644459102,0.1439588108005671,0.1313784395481922,1.0,1.625420162462342,12.240143988,600,1,2510.918125644564,2589.847273536067,97.28203293247498,-0.680176823563761,-0.0002626320210129,0.0375628454722158,992.6179156506248,4867.683248045885,300,,,,,,,,
2,1025,Sparse Variational GP,0.3327280657317822,0.2426020736067206,0.1849014577522644,0.875,1.528405609063751,3.7902589509999416,900,1,54.741152751830064,55.64793699495977,0.7350732904281764,-0.0083178354170565,-0.0001494724848076,0.0132093538435169,2.7303291514512424,4.757314760770736,300,,,,,,,,
2,1025,Stationary Skew-t Neural Model,0.3236631072402518,0.2286928006561934,0.1793489499331519,1.0,1.829610183133969,5.456432004999897,500,1,1710.7873018788466,1757.4248218157884,55.446791692509024,-0.3075878692524788,-0.0001750219215264,0.0315500219435963,504.6079559910351,2822.6249284458704,300,,,,,,,,
2,1026,Gaussian Neural Model,0.3087731863333865,0.2394929340393971,0.1802284913935761,1.0,1.840767495044123,4.967776795000191,600,1,1751.5789383457588,1740.333185926086,31.330731919650457,-0.1627806401653021,-9.353418154735776e-05,0.0180027204980168,258.62897539361506,1309.2433113749005,300,,,,,,,,
2,1026,Proposed Adaptive NSST-BNF,0.2499531374153391,0.1438410358054165,0.1165138528856057,1.0,1.5232271589446091,12.919943418999992,800,1,2210.0152976938484,2245.05332193828,27.106889830710948,-0.2706424082474251,-0.0001205505479993,0.012074051678785,109.54781042644512,239.20622551634295,300,,,,,,,,
2,1026,Sparse Variational GP,0.6393490473197724,0.3998214695497666,0.2964353266211813,0.9375,1.8527772217318188,3.883769031000156,1000,1,63.86367326255439,64.74038832653375,0.5796304888394748,-0.0066218937546521,-0.0001022838127144,0.0089531512525992,9.350004204271812,188.3887720972573,300,,,,,,,,
2,1026,Stationary Skew-t Neural Model,0.3626315084933862,0.2693120676171811,0.2009142391423861,1.0,1.8562220416823747,6.506413895000151,500,1,1784.9756376446126,1781.5245425711082,58.23190741690167,-0.3840406844438509,-0.0002155685623559,0.0326865591943296,396.2319792308311,1896.419251731057,300,,,,,,,,
2,1027,Gaussian Neural Model,0.1967347124297935,0.1371083555976825,0.1328196054263151,1.0,1.7633340108602464,4.018184240999744,600,1,1751.420136037728,1777.233862522627,44.58882034017704,-0.111800228211464,-6.290687487395353e-05,0.0250888874449461,469.6662091774456,2234.07728600231,300,,,,,,,,
2,1027,Proposed Adaptive NSST-BNF,0.1430061244006122,0.1069853548575033,0.0887792026497492,1.0,1.0417022869611916,10.36535239900013,600,1,2462.8112961259853,2530.762018476664,82.10018905425785,-0.5888380388837241,-0.0002326722285954,0.0324408966370043,385.05037720993965,2122.5068116217017,300,,,,,,,,
2,1027,Sparse Variational GP,0.2680167414614015,0.2111085912039226,0.1635971522731649,1.0,1.802708115741374,3.3035430969998743,900,1,68.1287388750553,68.96925292294179,0.5790652164140065,-0.0066032372878378,-9.574175459338984e-05,0.0083959908491538,90.18859426123528,183.33882681790016,300,,,,,,,,
2,1027,Stationary Skew-t Neural Model,0.2327996127667378,0.1662609158993296,0.1462037641621241,1.0,1.7277093152145724,5.114953146999596,500,1,1801.3495618725326,1798.6832112364948,49.14424051784911,-0.2515538548773435,-0.0001398544520268,0.0273223434848569,507.1455366527371,2291.4693217044514,300,,,,,,,,
2,1028,Gaussian Neural Model,0.3777759159359905,0.2540611616713892,0.1844285846984185,1.0,1.6571318291138408,4.095462707000024,500,1,1570.2141381239103,1605.562098972799,45.82404437409078,-0.3749585978242141,-0.0002335372752409,0.0285408109741802,136.8630349349042,608.2280347335902,300,,,,,,,,
2,1028,Proposed Adaptive NSST-BNF,0.312069148851092,0.2169816648823763,0.1424946759558485,1.0,1.6537045580778842,15.260801309999806,800,1,2169.139067424123,2191.916002247807,24.64353285277072,-0.2553663231966409,-0.0001165036994733,0.0112429184455512,113.60558294526918,379.0483057613792,300,,,,,,,,
2,1028,Sparse Variational GP,0.4726550257295672,0.3953233764254178,0.2593697306368791,1.0,1.8298622899153136,3.859142009000152,900,1,61.7873290481728,62.79280464550102,0.7873994268450453,-0.0088882258961402,-0.0001415484775097,0.0125396441724545,75.50949975730191,122.14513974269606,300,,,,,,,,
2,1028,Stationary Skew-t Neural Model,0.3756718074750181,0.256803479131565,0.1869295936207909,1.0,1.7268818225168616,7.235921957999835,600,1,1563.7835591607245,1585.9411869957923,31.08775079928107,-0.1569411577936728,-9.89577413592255e-05,0.0196020830117728,149.18091053632702,549.9493482956059,300,,,,,,,,
2,1029,Gaussian Neural Model,0.2551621150630871,0.1933035326042192,0.1787818286307135,1.0,2.146977967038155,4.285800635999749,600,0,1791.9738971324414,1807.082410721732,75.05211799876776,-0.1798282370631993,-9.951302497121728e-05,0.0415322054785495,268.25154094692584,1337.692309274146,300,,,,,,,,
2,1029,Proposed Adaptive NSST-BNF,0.1885133093948242,0.1346134190019175,0.1066658169789798,1.0,1.3090273524746705,17.226827035000042,800,1,2360.666102003935,2392.367559409774,29.306099826399777,-0.2651115889186723,-0.0001108155759243,0.0122498316411003,152.10400460029575,669.8530206994893,300,,,,,,,,
2,1029,Sparse Variational GP,0.1683107814149656,0.1337153408556599,0.1165102753384135,1.0,1.4292376548479575,4.1556547690001935,1000,1,61.25177570155617,62.12691855363208,0.6070116524169055,-0.0068718643501403,-0.0001106100947885,0.0097705095721572,6.57413774786672,151.61323329821622,300,,,,,,,,
2,1029,Stationary Skew-t Neural Model,0.2562315248565075,0.1808480593823927,0.181355750472211,1.0,2.1155574197603886,6.128464118000011,600,1,1817.9992053130616,1808.0711295342903,35.56585589412985,-0.1555434574833388,-8.602728893934749e-05,0.0196706066001344,226.8006063636085,992.891527298622,300,,,,,,,,
2,1030,Gaussian Neural Model,0.319784652533656,0.2035187151149457,0.1486845354867459,1.0,1.3561899274758291,3.2668148829998245,500,1,1728.785331975996,1767.2654230965704,40.6118847102075,-0.2789836274683113,-0.0001578617585237,0.0229800708933964,440.70767092569565,1856.2984178137729,300,,,,,,,,
2,1030,Proposed Adaptive NSST-BNF,0.2831780547756137,0.1748596356341938,0.1195031866534157,1.0,1.197942466557636,14.259073546000309,800,1,2341.982088988874,2381.256521977832,36.37220444026335,-0.2021517188041711,-8.489287774685748e-05,0.0152743747280335,282.4479988084199,1131.2376496484874,300,,,,,,,,
2,1030,Sparse Variational GP,0.278410640261353,0.1951453063130078,0.1398927596564302,1.0,1.3855289442898409,4.536455772999943,900,1,48.64899102698803,49.611939197791024,0.8278528831074188,-0.0092949973573084,-0.0001873540423455,0.0166865657036091,3.931925818827025,4.376181763600974,300,,,,,,,,
2,1030,Stationary Skew-t Neural Model,0.288583884065075,0.1899368562658021,0.144458792131396,1.0,1.4596574715546136,4.515260254000168,400,1,1957.6576232387488,1805.4717535942425,66.31082943989863,-0.5971059812544136,-0.0003307202010032,0.0367277025009614,472.6363949684008,2497.0765802680626,251,,,,,,,,
2,1031,Gaussian Neural Model,0.3671266334321489,0.2633796528056223,0.1789767803827569,1.0,1.359934945081049,3.828292137000062,500,1,1651.4617112529208,1684.1342406147114,34.20133134199115,-0.313128087729876,-0.0001859282236406,0.0203079603259581,150.6951416611612,423.9408145021964,300,,,,,,,,
2,1031,Proposed Adaptive NSST-BNF,0.3159251955641449,0.2302054274766696,0.1421388498343917,1.0,1.1604290392899257,13.869628656999794,800,1,2233.090097597369,2255.562069434713,25.739831770023702,-0.2354192240385878,-0.0001043727535716,0.0114117151191829,125.566673988937,446.1332567225709,300,,,,,,,,
2,1031,Sparse Variational GP,0.2604007884474506,0.2036982986872738,0.1460523504148891,1.0,1.519928834014452,3.966665304999879,900,1,62.77885632798832,63.62214268547141,0.6835363310240145,-0.0077408149661789,-0.0001216685675684,0.0107436861157474,3.13234603753544,3.1846209493619906,300,,,,,,,,
2,1031,Stationary Skew-t Neural Model,0.3649278039000703,0.2632816278847782,0.1811522150462936,1.0,1.393004218971709,5.381721889999881,500,1,1677.2972538239626,1696.9875287589657,33.49350412585815,-0.3157792250912544,-0.0001860822308589,0.0197370361055938,151.92200323642285,519.5763721856018,300,,,,,,,,
2,1032,Gaussian Neural Model,0.1384566097403973,0.1046713392206214,0.0912886843090179,1.0,1.126991513104692,3.933726091000153,500,1,1624.5900089718743,1659.6532898176042,30.686451934231293,-0.2479299237659098,-0.0001493865768754,0.0184896762007465,251.2961994585067,907.4444347957286,300,,,,,,,,
2,1032,Proposed Adaptive NSST-BNF,0.1188469254206445,0.0843962044692864,0.0660353675628006,1.0,0.7321001615963205,15.618385525000122,800,1,2256.902330201769,2290.0678005415552,32.23604956615356,-0.2247645958817067,-9.814757267385458e-05,0.0140764607748863,158.76342430330817,621.8554506738218,300,,,,,,,,
2,1032,Sparse Variational GP,0.2058553448844575,0.166877126219037,0.1276923484113592,1.0,1.3557936429143556,3.768098965000263,900,1,54.64159352790802,55.42720154557644,0.6057814662158724,-0.0068944210712259,-0.0001243869594526,0.0109293171822456,2.704077417560399,2.8138561378030427,300,,,,,,,,
2,1032,Stationary Skew-t Neural Model,0.1345618935901211,0.0969161834116432,0.0879431444174534,1.0,1.097796986335588,5.041955967999911,500,1,1630.13015858409,1667.097230940084,34.09638087373715,-0.2147028517002433,-0.0001287884399994,0.0204525448431763,230.85711648299807,1217.8338140503486,300,,,,,,,,
2,1033,Gaussian Neural Model,0.1832004091649761,0.1438197467395626,0.1580145726001335,1.0,2.181740203751513,3.7362608959997488,500,1,1784.7029800786308,1823.420299513584,33.18515507333599,-0.2459105808705386,-0.0001348622590941,0.0181993998214171,447.53745614236686,1962.8991542462977,300,,,,,,,,
2,1033,Proposed Adaptive NSST-BNF,0.1523489374595441,0.1211482757661126,0.0870051032951588,1.0,0.7791864899299104,15.55125899299992,800,1,2405.9998188164554,2427.390817976481,33.70064566913137,-0.2355861840903911,-9.705325666790655e-05,0.0138834856832921,268.7952777304339,1228.909782616367,300,,,,,,,,
2,1033,Sparse Variational GP,0.380586927712207,0.2144005779113187,0.1939952921182808,0.9375,1.624685712413807,3.585824374999902,900,1,67.11646050190156,67.87277107900445,0.6149134620303894,-0.0069614126125578,-0.0001025656165482,0.0090597960309387,2.306672884357832,2.4041275445664376,300,,,,,,,,
2,1033,Stationary Skew-t Neural Model,0.2046200218707635,0.1737224878237562,0.1706714057602798,1.0,2.3190666784335465,4.347053313999822,400,1,1804.0408925791023,1876.833557664267,64.85753009493261,-0.5957520376849376,-0.0003174240119759,0.0345568896240582,512.9987361397932,2608.2839023855777,251,,,,,,,,
2,1034,Gaussian Neural Model,0.2140318209696182,0.1570370195905689,0.1335310264743136,1.0,1.6408358542488397,4.906346871000096,500,1,1940.661043214422,1848.0134911535245,72.85762063099521,-0.320369994876366,-0.0001733591212455,0.0394248315717206,659.7685219714256,3331.3341710698987,300,,,,,,,,
2,1034,Proposed Adaptive NSST-BNF,0.1697738254305592,0.1260899999485971,0.0983777249321617,1.0,1.1116722791646096,13.210954162000236,800,1,2457.381361391918,2482.023693111569,39.8961059052775,-0.2218983286410413,-8.94021798651165e-05,0.0160740229901923,409.7423255952616,1734.662919210355,300,,,,,,,,
2,1034,Sparse Variational GP,0.2418485560382215,0.2049965583473791,0.1567072737424917,1.0,1.6496306060063983,3.488186436999968,800,1,63.85632734450508,64.62945614870954,0.5393327421356766,-0.006145324640613,-9.508550755050191e-05,0.0083449989257945,2.070418802639857,10.43503541296736,300,,,,,,,,
2,1034,Stationary Skew-t Neural Model,0.2082294658550861,0.1585300008029178,0.1333271803657177,1.0,1.6330821405165017,7.571732512999915,500,1,1853.30297392426,1849.2031701099625,72.19799945905243,-0.3130583439127399,-0.0001692936444047,0.0390427621075077,769.2580046559683,3439.8095894477274,300,,,,,,,,
2,1035,Gaussian Neural Model,0.3263932225758241,0.2297164941649785,0.1722573707500038,1.0,1.5317835550938552,4.529752356000245,600,1,1773.3318751191198,1779.9731186611098,54.62718896484358,-0.1508190379817633,-8.473107621715594e-05,0.0306898954777103,278.52633775269663,1022.055664374802,300,,,,,,,,
2,1035,Proposed Adaptive NSST-BNF,0.2566366148775444,0.1883306030208695,0.1331752422898555,1.0,1.2991524837662458,11.26680911800031,600,1,2513.284257809048,2496.741841064829,81.43049378686771,-0.7077858799764426,-0.0002834838061089,0.0326147030692362,230.0604662450827,1378.822600563422,300,,,,,,,,
2,1035,Sparse Variational GP,0.4247012225609642,0.2597866613989322,0.2106447115750229,1.0,1.7634866819925288,4.8008377679998375,900,1,69.07987261621227,70.29956433172052,1.0913752742266138,-0.0121528226734904,-0.0001728719486246,0.0155246378068113,3.3492158671322128,4.309719466130596,300,,,,,,,,
2,1035,Stationary Skew-t Neural Model,0.3334555070769763,0.247646049524496,0.176661670380022,1.0,1.5264101978948144,7.937806819999878,500,1,1771.4396017588194,1800.2816036759775,43.11408981594468,-0.2998396625303761,-0.0001665515338923,0.0239485254573009,313.03993745106607,1418.9259522933364,300,,,,,,,,
2,1036,Gaussian Neural Model,0.6775045904871936,0.5077713945565906,0.3777125039015592,0.75,1.8397885705020025,4.398353740999937,600,0,1761.9329804689874,1780.843177524093,58.91354652215824,-0.0982187591959347,-5.51529525089841e-05,0.0330818273420715,473.14099667786354,1993.9318117063087,300,,,,,,,,
2,1036,Proposed Adaptive NSST-BNF,0.6459793152645903,0.4860686912053035,0.3465095040507402,0.8125,1.74509499315088,13.085827435999818,800,1,2430.9550207435923,2472.436826602884,42.42721741829413,-0.2556312227010822,-0.0001033924183423,0.0171600814879419,343.9456993655728,1893.74604771859,300,,,,,,,,
2,1036,Sparse Variational GP,0.4732734618276685,0.3831783293575984,0.2625844417288783,1.0,1.7039588115799014,2.861701941999854,700,1,60.75285540211793,61.78361139100313,0.7643851505120114,-0.0085634540016944,-0.0001386039729451,0.0123719726526589,4.377442193372236,107.34854785841904,300,,,,,,,,
2,1036,Stationary Skew-t Neural Model,0.7187883806279595,0.5523071391122665,0.4035237044641656,0.75,1.8086644431741028,6.758455243999833,600,0,1759.1992228716351,1804.242720257268,105.49343355170969,-0.1402457821329465,-7.773110599717357e-05,0.058469646221805,584.2379352000148,2703.251627487516,300,,,,,,,,
2,1037,Gaussian Neural Model,0.3356790371039655,0.2195467089162742,0.1716220234616821,1.0,1.5373184697569269,3.9051646679999976,500,1,1753.1559320531562,1791.389773381714,52.95974393438865,-0.36654503494508,-0.0002046148975457,0.0295634957401891,266.93828785878736,1334.747316687972,300,,,,,,,,
2,1037,Proposed Adaptive NSST-BNF,0.3746720801591079,0.2440580640333105,0.1634140889030752,1.0,1.31598935097466,16.554388982999626,800,1,2315.5780709259675,2348.51482987406,34.96873450617122,-0.3004255659746332,-0.000127921511141,0.0148897226712621,145.62903565596315,603.2416391131203,300,,,,,,,,
2,1037,Sparse Variational GP,0.5727916729345929,0.4144587682433633,0.3043977912595172,0.875,2.13781821500668,3.013580723999894,700,1,79.28287866701085,80.48439480015969,0.9696414963084028,-0.0105357549144473,-0.0001309043192858,0.0120475714418426,139.30495313808586,351.5023201115178,300,,,,,,,,
2,1037,Stationary Skew-t Neural Model,0.3411932529906299,0.227674621962308,0.1725297400220111,1.0,1.443630138577642,6.171214756000154,600,1,1805.951745191894,1770.2867559549347,35.21070528688933,-0.1595444796424753,-9.012352326864311e-05,0.0198898315024086,257.10354737206694,1201.0553555575332,300,,,,,,,,
2,1038,Gaussian Neural Model,0.2198231115120589,0.1318123442533977,0.1083861893715776,1.0,1.1713320112059875,4.484562454000297,500,1,1567.2816617380286,1600.9404399862913,29.575981818355206,-0.2387312821968277,-0.0001491194027173,0.0184741300048666,301.7735882183376,1333.6907020730555,300,,,,,,,,
2,1038,Proposed Adaptive NSST-BNF,0.1553709720458697,0.0970056192094298,0.0727014573607824,1.0,0.9667137383973234,14.134266932999708,800,1,2166.236202010152,2191.7408481499283,23.78521043192925,-0.2325630052943324,-0.0001061088063813,0.0108522001823375,108.6966722150929,446.1947816261933,300,,,,,,,,
2,1038,Sparse Variational GP,0.2934943530228144,0.2057233031928861,0.1603246386493735,1.0,1.5424868810844532,3.484936485000162,900,1,63.3775040645174,63.97142868965,0.5181859571488783,-0.005803738453453,-9.072391491534634e-05,0.0081002717582374,2.520418226398509,5.219340810861479,300,,,,,,,,
2,1038,Stationary Skew-t Neural Model,0.2026756277872252,0.1253721874189587,0.1051463983354549,1.0,1.174833600471178,5.763850142000138,500,1,1567.1790283267392,1599.3995718010642,35.72572840730586,-0.2483027628653104,-0.0001552474861461,0.0223369625934534,281.4348759389084,1144.7788042090929,300,,,,,,,,
2,1039,Gaussian Neural Model,0.199793459599359,0.1434196906505833,0.1554117280462293,1.0,2.118002099872162,4.154729953999777,600,1,1816.4091401437795,1758.2653669045485,37.15066064050599,-0.1382955279798444,-7.865452541064131e-05,0.0211291545291085,318.0771907870899,1307.6630816781942,300,,,,,,,,
2,1039,Proposed Adaptive NSST-BNF,0.1756483153239512,0.1277224591029881,0.0947579564424129,1.0,1.1490363143006637,14.318073208999976,800,1,2384.001587502068,2423.082758524848,42.477633433316015,-0.2310748624226989,-9.53639992731306e-05,0.0175304096749778,224.6605628383087,1064.8774504739472,300,,,,,,,,
2,1039,Sparse Variational GP,0.3431776068815296,0.2541429028203759,0.192733492167622,1.0,1.9217059551416464,4.229548384999816,900,1,78.36324032533554,79.60482319452589,1.082312538506298,-0.0121202072211277,-0.0001522546842609,0.0135960673621684,3.8361203332409066,16.10324665063486,300,,,,,,,,
2,1039,Stationary Skew-t Neural Model,0.2000817696651088,0.1478454363915718,0.1530678379723836,1.0,2.1041564738480014,6.25748175400031,500,1,1765.88012366918,1801.334391495171,62.06480395589568,-0.3542891452734667,-0.0001966814973089,0.0344549042359534,334.4244335826943,1707.347663319939,300,,,,,,,,
2,1040,Gaussian Neural Model,0.5962821826786743,0.2983811767416738,0.2554638493369736,0.875,1.8390456902167056,4.490962115999992,500,1,1722.1872634755653,1766.3557876500747,51.19360329136055,-0.3304277620367273,-0.0001870675004135,0.0289826113455135,256.4341001130536,1051.124344285208,300,,,,,,,,
2,1040,Proposed Adaptive NSST-BNF,0.4264570330394939,0.2072816600253176,0.1633922132161104,1.0,1.4426821704258153,14.363425126000038,800,1,2337.778232855544,2370.741847776564,37.77363892568638,-0.2292869037180817,-9.671525557838438e-05,0.0159332569090611,196.685503393348,692.530552714051,300,,,,,,,,
2,1040,Sparse Variational GP,0.2241290708485391,0.1679586987554966,0.1558476331050953,1.0,2.023090682531236,3.523994170000151,900,1,74.98044272035457,76.05036336623827,0.9959644980127228,-0.0110013529870396,-0.0001446587826814,0.0130961175453746,4.360030816804419,29.05776743641877,300,,,,,,,,
2,1040,Stationary Skew-t Neural Model,0.606525487700644,0.301405156303058,0.2535400428572333,0.9375,1.9491604596399088,5.945153172000119,500,1,1718.638071766831,1760.6748908473735,38.48221790089057,-0.2875576604236035,-0.0001633224066058,0.0218565154197035,223.05674814274172,961.0798146310702,300,,,,,,,,
3,1001,Gaussian Neural Model,0.2327262459337013,0.1660510957125769,0.1337354736275424,1.0,1.4668641610132822,47.66397224100001,500,1,1794.014528445034,1816.9221131936283,45.67538857833138,-0.2727979218975738,-0.000150142881699,0.0251388808835878,521.6391281545934,2303.5503227048544,300,,,,,,,,
3,1001,Proposed Adaptive NSST-BNF,0.1967706442567685,0.1414030015898671,0.1007105978515916,1.0,1.039195599989903,16.06125084999985,800,1,2389.735172974212,2422.44285011108,27.822037070327774,-0.2415882300206822,-9.972917627741112e-05,0.01148511597252,305.7597830377764,1506.08283512557,300,,,,,,,,
3,1001,Sparse Variational GP,0.26308831241354,0.2295784755275904,0.1522987423574661,1.0,1.4147653020550426,3.66607048700007,900,1,51.8856631460087,52.49394675372442,0.526626243178913,-0.0059049099375428,-0.0001124874447952,0.0100321327647466,2.036735767298242,2.5864619495395704,300,,,,,,,,
3,1001,Stationary Skew-t Neural Model,0.2016709096166388,0.1358023209824648,0.1292045374449336,1.0,1.4616137124571114,4.887209140999971,500,1,1787.739644948283,1817.0493310631716,53.145796378575376,-0.3282085337424581,-0.0001806272004461,0.029248405901825,431.402918575479,1777.6669044709906,300,,,,,,,,
3,1002,Gaussian Neural Model,0.3911820034257905,0.2689691653464765,0.1977151763824843,1.0,1.6559034818875136,3.2903046479999603,500,1,1706.790183422094,1736.638065453502,44.16161494927187,-0.2554356653729899,-0.0001470862987828,0.0254293717428908,510.7839257962993,2224.462483904812,300,,,,,,,,
3,1002,Proposed Adaptive NSST-BNF,0.4034042038689198,0.2475466991226881,0.1833910113675532,1.0,1.6457137238629522,11.470557971999824,600,1,2392.2428875036007,2476.103676211025,68.666814288529,-0.5887333851964562,-0.0002377660478649,0.0277318009533446,480.4855679001171,2246.442190118562,300,,,,,,,,
3,1002,Sparse Variational GP,0.4363749420906616,0.3453028709253588,0.2479584429037288,1.0,1.5913762538318634,4.170858041999964,1000,0,56.88776017499778,57.93406573210756,0.634153233741149,-0.007273304063898,-0.0001255445129214,0.0109461199680602,8.749448441643,260.59784685615296,300,,,,,,,,
3,1002,Stationary Skew-t Neural Model,0.4065788020501196,0.2707969662259792,0.1921098291312736,1.0,1.6091547771767072,4.779748372999961,500,1,1724.5536179075416,1771.7619784477251,58.44813145637048,-0.2918575412559336,-0.0001647272854966,0.0329887039948661,591.022708851048,2390.582347069879,300,,,,,,,,
3,1003,Gaussian Neural Model,0.3688447118755093,0.2713683446986306,0.1763608556886058,1.0,1.444751319744387,3.5524910650000265,500,1,1486.156722500844,1500.42816936976,27.11197659003708,-0.2281875773242156,-0.000152081640416,0.018069493191017,80.91512460113498,317.84831782201337,300,,,,,,,,
3,1003,Proposed Adaptive NSST-BNF,0.3768285181225194,0.2724916852363181,0.1864406521894906,1.0,2.1624868918579345,18.67615591699996,800,1,2132.5604869922904,2155.788627495366,23.714913161221983,-0.2022324713012122,-9.380904450552251e-05,0.0110005743878398,84.78744893673033,262.20622560638355,300,,,,,,,,
3,1003,Sparse Variational GP,0.8576811053112392,0.6114614543173496,0.4647884454242726,0.9375,3.295646963578537,3.6063767179999786,1000,0,106.70169900582934,109.58927672515811,2.410514495015432,-0.0264080164462004,-0.0002409726319522,0.021995897473261,143.13313931843965,316.0451194082719,300,,,,,,,,
3,1003,Stationary Skew-t Neural Model,0.355000257533017,0.2635111433192876,0.1732216135020628,1.0,1.4256370379499073,5.059527947999982,500,1,1548.3627814753838,1513.708170877116,25.974401696211817,-0.1964381981140851,-0.0001297728332933,0.0171594513367533,85.79347451034828,396.7235970062084,300,,,,,,,,
3,1004,Gaussian Neural Model,0.2821894890991869,0.1860732219863426,0.1356976531282033,0.9375,1.006449919526558,3.3991041900000027,500,1,1549.9878671494555,1575.9658364533768,26.167930989779716,-0.2374405842274673,-0.0001506635351701,0.0166043770648411,89.75640126844851,315.2701495745285,300,,,,,,,,
3,1004,Proposed Adaptive NSST-BNF,0.2192851194842263,0.1530677737553032,0.1008461659339477,1.0,1.185275406420498,16.73809924699981,800,1,2155.933934755984,2179.10727604081,22.166235285044586,-0.2180109218154693,-0.0001000459794763,0.0101721634032254,91.25524138215276,228.229829748374,300,,,,,,,,
3,1004,Sparse Variational GP,0.188295829746719,0.1702312018006601,0.1428269468760297,1.0,1.8200411165176875,3.902707085000088,1000,1,65.68108018540644,66.54702866231673,0.5942807988417921,-0.0067497796323156,-0.0001014287154211,0.008930237920274,8.04685117336995,202.74117113494225,300,,,,,,,,
3,1004,Stationary Skew-t Neural Model,0.2779194603957455,0.1910816715698141,0.136974375520568,1.0,1.0233163406864123,4.997369767000009,500,1,1554.827252959161,1578.8093152771637,28.465652402480515,-0.2478729310247788,-0.000156999916726,0.0180298229349396,95.24664276133394,345.2513771188734,300,,,,,,,,
3,1005,Gaussian Neural Model,0.4918190489130231,0.2781462591920532,0.2122619137587515,0.9375,1.5467150572085524,3.3932664059999524,500,1,1750.1189704926696,1772.3397509309382,44.58196304393058,-0.2954996203980708,-0.0001667285407568,0.0251542984467359,591.368245986617,2403.040333660658,300,,,,,,,,
3,1005,Proposed Adaptive NSST-BNF,0.4548689264158342,0.2422987596887999,0.1761928349759146,1.0,1.6567842130826085,13.336906749999798,600,1,2423.542670508462,2481.3816682367624,64.1608412063527,-0.5980823542878556,-0.0002410279571029,0.0258569014302199,455.5992549058243,2123.105747172582,300,,,,,,,,
3,1005,Sparse Variational GP,0.2508305093479133,0.1971573456704018,0.1492810893777064,1.0,1.6442199497427312,4.200493119000043,900,1,68.7795805520806,69.71891577034333,0.7407778392646975,-0.0083652956426502,-0.0001199860260335,0.0106252059585211,64.24662572129407,92.19260635378598,300,,,,,,,,
3,1005,Stationary Skew-t Neural Model,0.4827994315287883,0.2578138429176482,0.2029885582965973,0.9375,1.6223786110885088,6.272160023999959,400,1,1754.509026518611,1817.0503120491355,91.83387363082728,-0.6460389133459199,-0.0003555426666295,0.0505400830245937,669.5515053333049,3428.0991996134712,251,,,,,,,,
3,1006,Gaussian Neural Model,0.2852614802037843,0.2215183231354263,0.1503585373413056,1.0,1.295166593987406,4.91108625600009,600,1,1609.4694449393414,1633.425273027614,28.277225329194152,-0.1604854844738276,-9.82508885615329e-05,0.0173116124723485,102.39143199178388,391.7044956070717,300,,,,,,,,
3,1006,Proposed Adaptive NSST-BNF,0.2449584769265708,0.1809864614776809,0.1175050029963419,1.0,1.2149815118335248,14.14109616199994,800,1,2190.247112894137,2220.813968533246,33.22010155391843,-0.294511053070208,-0.0001326140132596,0.0149585251284504,89.19555615895126,273.98709200832474,300,,,,,,,,
3,1006,Sparse Variational GP,0.4137682710361823,0.348829900656802,0.2354695056919732,1.0,1.8724416251072336,2.799539015999926,800,1,77.25751967682712,78.32981037106386,0.7012050276746797,-0.0080403334910568,-0.0001026471716574,0.0089519561499373,2.4420895451825877,9.144877719232085,300,,,,,,,,
3,1006,Stationary Skew-t Neural Model,0.2888051792990168,0.2216314612707244,0.1504253219546309,1.0,1.2795682966421875,5.6807937900000525,600,1,1650.0123313046226,1630.7158608944253,19.711049368492223,-0.1445905828157598,-8.866693841835436e-05,0.0120873598161245,105.35005478766752,377.672484867781,300,,,,,,,,
3,1007,Gaussian Neural Model,0.2484547548300947,0.1831234395295623,0.1512583281401286,1.0,1.5573906343435184,3.4990800240000226,500,1,1626.7310630934685,1662.2034453320698,30.58382635376593,-0.266114574713462,-0.0001600974751079,0.0183995686205884,170.29334837028847,609.3780642560637,300,,,,,,,,
3,1007,Proposed Adaptive NSST-BNF,0.1979136466088689,0.1322679955707585,0.0940615783167536,1.0,1.083345929023524,14.787666540999908,800,1,2212.2839897037625,2244.89818405364,26.94253958119964,-0.2527562635554264,-0.0001125914152146,0.0120016755203343,112.1445707446034,369.3535664222233,300,,,,,,,,
3,1007,Sparse Variational GP,0.319922212159359,0.228666810925404,0.1768840964872653,1.0,1.7784016858668668,3.5838112859999,800,1,73.44907467732313,74.6223631232862,0.7549094673962802,-0.0086705509778327,-0.000116192393472,0.0101163972273172,2.983493436476767,20.389823449881696,300,,,,,,,,
3,1007,Stationary Skew-t Neural Model,0.257404549811077,0.1836368932124684,0.1488617536752179,0.9375,1.50481426635384,6.027696667999862,600,1,1619.5136536980383,1636.5972132455215,20.37809291826337,-0.1382824840551229,-8.449390169796027e-05,0.0124515016604798,155.7780370428941,618.2608948833744,300,,,,,,,,
3,1008,Gaussian Neural Model,0.2844037980517861,0.2091680574182454,0.1603635907856214,1.0,1.7729054053330766,3.899363002999962,500,1,1791.570894282818,1843.1043024913452,59.88476049051194,-0.3963870199583253,-0.000215064887767,0.0324912488184011,327.8924543003039,1334.1081984494758,300,,,,,,,,
3,1008,Proposed Adaptive NSST-BNF,0.224791851826215,0.1718790479637753,0.1309809457726173,1.0,1.6529821912648517,15.212705844999618,800,1,2361.487006945149,2389.978394799736,28.43745605413289,-0.2926820304566275,-0.0001224622076473,0.011898624739039,130.25256252323413,392.3499916799458,300,,,,,,,,
3,1008,Sparse Variational GP,0.2944355043097016,0.2411459545636856,0.1647143418230804,1.0,1.2761150075112069,3.427205809000043,1000,1,48.093569352041854,48.69930638102084,0.5804155476072984,-0.0061155314509627,-0.0001255773830352,0.0119183534785104,3.1503730130827607,3.92546839104631,300,,,,,,,,
3,1008,Stationary Skew-t Neural Model,0.3011417159539917,0.2258872619794643,0.1732336444488952,1.0,1.8183481932208645,4.765418210000007,500,1,1781.503053927528,1834.3383401505491,58.96584142942574,-0.3763550452353852,-0.0002051720977518,0.032145564500705,257.22196735145565,1434.4616958763595,300,,,,,,,,
3,1009,Gaussian Neural Model,0.5781045194018474,0.3833664028093038,0.2769177872650027,0.8125,1.247503256365229,4.933377450999842,600,1,1505.480166255194,1522.9812594434234,16.784614820183613,-0.110225318012003,-7.237470410652662e-05,0.0110208938659675,82.76070496524486,383.67455173389686,300,,,,,,,,
3,1009,Proposed Adaptive NSST-BNF,0.5190879492113735,0.3445693136648288,0.2221248127303019,1.0,1.7956558800635465,16.059859061000225,800,1,2147.834589932102,2174.527311141725,28.895164611982985,-0.2367730626767482,-0.00010888484199,0.013288021016766,83.41023090610247,296.5229147064774,300,,,,,,,,
3,1009,Sparse Variational GP,0.6726619479886675,0.4669343216522791,0.3356495959364975,0.9375,2.3146557905082217,2.759757559000036,700,1,80.83872436151152,81.99545028015231,1.1203724017986842,-0.0116856379356172,-0.0001425156870983,0.01366383620031,2.180208018790403,11.336441185741242,300,,,,,,,,
3,1009,Stationary Skew-t Neural Model,0.5733443402796333,0.3834927586116048,0.2725899399267317,0.875,1.2995632580656291,5.960715303999905,500,1,1508.016085750793,1541.899509617105,26.84838443623198,-0.2371539113143709,-0.0001538063342229,0.0174125384104306,93.58282484744632,374.8971010744049,300,,,,,,,,
3,1010,Gaussian Neural Model,0.2620494303018869,0.1948655631813031,0.1525995210303863,1.0,1.671635237145005,3.5697409449999213,500,1,1741.6388239999933,1777.2144665662206,42.5589957302943,-0.3028459214325009,-0.0001704048257144,0.023947023013223,383.4310232669913,1436.9503157721963,300,,,,,,,,
3,1010,Proposed Adaptive NSST-BNF,0.2474069842585103,0.187438176926836,0.1265621270368839,1.0,1.32339160869512,17.168742758000008,900,1,2327.5592535683445,2358.379782519874,73.63786765660164,-0.1647977090453922,-6.98775109364742e-05,0.0312239225430949,215.6535287348848,1041.9726515840212,300,,,,,,,,
3,1010,Sparse Variational GP,0.3745256268976291,0.2528566711667088,0.1963943314112272,1.0,1.5324034302226814,3.0438302090001343,800,1,54.14200746302205,54.961594879493326,0.5445268623163706,-0.0062418671011558,-0.0001135677942905,0.0099074064992158,2.464016592173287,9.75514112210822,300,,,,,,,,
3,1010,Stationary Skew-t Neural Model,0.2318578239716619,0.1719444464122545,0.1391260934219889,1.0,1.6757142634789022,4.796676970999897,500,1,1750.8164764410676,1774.259993287214,36.9270511031713,-0.2709212997498576,-0.0001526953776644,0.0208126493540304,382.6589630017098,1606.894937240064,300,,,,,,,,
3,1011,Gaussian Neural Model,0.181435827037727,0.1086910223487701,0.0699460822063217,0.9375,0.5809323092681598,4.105249632000096,500,1,1423.6809499607446,1448.0198437353797,22.51887491858505,-0.2070952855602901,-0.0001430196460747,0.0155514960765277,72.62863821685059,279.35553402150475,300,,,,,,,,
3,1011,Proposed Adaptive NSST-BNF,0.1771933788860637,0.1048731685500476,0.0597031676152921,1.0,0.7311579962565078,19.49421378499983,800,1,2073.5888973885944,2098.2118446829004,21.650351711305795,-0.2050554127055295,-9.772865081529418e-05,0.0103184775008158,78.72731799592697,231.20915488128676,300,,,,,,,,
3,1011,Sparse Variational GP,0.1723209339304792,0.1493341744128217,0.1045366302651142,1.0,1.0530189346371914,3.295031820000077,900,1,42.83503454862195,43.50620351455309,0.5771152406951872,-0.0063741750657092,-0.0001465118661428,0.0132651252941922,31.230050105037293,115.42272539826492,300,,,,,,,,
3,1011,Stationary Skew-t Neural Model,0.1822896887913978,0.1067253058065841,0.070704686233342,0.9375,0.5691515875277603,5.401715327000147,500,1,1427.2391973347328,1454.0766532703055,21.18364866019015,-0.1949330483499147,-0.0001340596782924,0.0145684538793376,79.83130321665192,215.3824170870492,300,,,,,,,,
3,1012,Gaussian Neural Model,0.1335577035008455,0.1014590846702326,0.0736242289107101,1.0,1.0719277770595077,4.886458495999932,600,1,1531.2949177345297,1540.6236540017792,16.662592591218782,-0.111280848218981,-7.223103963770015e-05,0.0108154853704456,77.01947074214121,237.72702171617013,300,,,,,,,,
3,1012,Proposed Adaptive NSST-BNF,0.1149246735949089,0.0862485116970605,0.089411917470161,1.0,1.6824010043955278,16.57990523000035,800,1,2125.289080254028,2161.624530262701,23.49772524520461,-0.2329144629561276,-0.0001077497316001,0.010870400902764,72.01454801954876,165.10158114669665,300,,,,,,,,
3,1012,Sparse Variational GP,0.4422017045336223,0.329382392076883,0.251128373963964,1.0,1.903617318166944,2.635855827000114,700,1,73.58930639704323,74.5601251817038,0.8226244830251686,-0.0087402650999929,-0.0001172243887559,0.0110330351648473,2.298175525348685,46.45223922064648,300,,,,,,,,
3,1012,Stationary Skew-t Neural Model,0.1497541538531879,0.1127255968069063,0.0803006394459115,1.0,1.0607266846500198,8.851467649999904,600,1,1549.9309977952691,1564.8541382352118,15.256991017278173,-0.1155904366576772,-7.386658847835879e-05,0.0097497847527722,77.00520196614085,225.4406956881316,300,,,,,,,,
3,1013,Gaussian Neural Model,0.5150300372097275,0.3479484588608666,0.2686275830140877,0.9375,1.9729473182110493,3.420293314999981,500,1,1720.0031198855306,1762.5484645466554,57.706190114780966,-0.3641919203092415,-0.0002066280318725,0.0327402004969114,304.4240573209501,1949.852710956313,300,,,,,,,,
3,1013,Proposed Adaptive NSST-BNF,0.4094894814113385,0.2891500384722844,0.2058270881093956,1.0,2.380481445180398,16.514861228999962,800,1,2222.902239785056,2256.0967511506333,28.68505540251295,-0.2853715416167428,-0.0001264890530387,0.0127144615530709,108.51472988925372,384.4658140790276,300,,,,,,,,
3,1013,Sparse Variational GP,0.5413709781686288,0.4133823191046576,0.2970764361372582,1.0,2.343010852812907,3.239604782000015,800,1,78.50905297313734,79.64626809316789,0.8072233236992745,-0.0091064865803165,-0.0001143366387193,0.0101351054233325,156.32858477481813,262.50216477014584,300,,,,,,,,
3,1013,Stationary Skew-t Neural Model,0.5202598820570739,0.369122390147661,0.264520070175989,0.9375,1.962933864181507,6.747403622000093,600,0,1722.3518732268951,1754.8506153009014,79.53051325614554,-0.0854477542691696,-4.8692323736352925e-05,0.0453203894181662,385.9395422835993,2248.044847914734,300,,,,,,,,
3,1014,Gaussian Neural Model,0.0996376718726265,0.0826297296355989,0.1071987341400471,1.0,1.623711411774543,3.4095217899998715,500,1,1694.8835486898563,1732.219295706628,31.772757171466683,-0.2778594206350102,-0.0001604066074796,0.0183422256351817,260.14105363132524,1132.1457142865554,300,,,,,,,,
3,1014,Proposed Adaptive NSST-BNF,0.0625873920590596,0.0551326382999066,0.0512642559958377,1.0,0.8118946304103845,13.411072027000046,800,1,2293.1882021358524,2324.2349663018,32.87606005871668,-0.2814008006131042,-0.0001210724409076,0.0141448952172969,214.43724664522912,764.4825354969641,300,,,,,,,,
3,1014,Sparse Variational GP,0.1725066817219188,0.1317175612814983,0.1163777353405408,1.0,1.3970037647014204,2.627083268999968,900,1,66.82333095627413,68.11488864480377,1.1359001806947568,-0.0127331366828211,-0.0001869361741046,0.0166762392671311,4.62086807537017,5.058120809973206,300,,,,,,,,
3,1014,Stationary Skew-t Neural Model,0.1126997374985092,0.0891414357224951,0.1066726124202988,1.0,1.4873886278270687,5.209381787999973,500,1,1732.0573794936606,1753.2882025117556,33.14341141442392,-0.3037610464829888,-0.0001732522046562,0.0189035729362364,303.06422751779,1403.880434941338,300,,,,,,,,
3,1015,Gaussian Neural Model,0.2786736229344956,0.1714420153227318,0.1723764466063059,0.9375,1.863870970639708,2.6396619449999434,500,1,1760.386000350139,1798.1516735276498,41.212248001248746,-0.3370227424086677,-0.000187427316266,0.0229192278982771,240.3721512652948,1100.633805599757,300,,,,,,,,
3,1015,Proposed Adaptive NSST-BNF,0.224417987646789,0.1459018623672184,0.1180965781653843,1.0,1.6147758359283566,13.947106372000237,800,1,2322.215065170408,2352.7370534957827,28.499930063711485,-0.277140400296227,-0.0001177948890992,0.0121135211524659,136.049166359578,466.933937828868,300,,,,,,,,
3,1015,Sparse Variational GP,0.3405515161788763,0.256879458375382,0.1973088166580536,1.0,1.7112887157599594,2.722965022000153,800,1,69.89864812096761,70.88033403715147,0.6999371195128521,-0.0079473082964158,-0.0001121228956433,0.0098749128234352,3.370485831150631,12.835225455633624,300,,,,,,,,
3,1015,Stationary Skew-t Neural Model,0.2776979504074285,0.1753678129400765,0.1703065842440891,0.9375,1.856886298263614,4.679569351999817,500,1,1768.2292758292422,1805.4808886172088,41.095039751194406,-0.3268917647852551,-0.0001810552340078,0.0227612709778769,244.4119452850421,905.1412811520318,300,,,,,,,,
3,1016,Gaussian Neural Model,0.4982232505884275,0.3349812419489484,0.2636658542960445,0.875,1.6596624119836862,2.727017826000065,500,1,1772.3783430680082,1803.27133080146,39.29952448929298,-0.2796224269717826,-0.0001550639785569,0.021793461592841,668.0087320669425,2403.284422052649,300,,,,,,,,
3,1016,Proposed Adaptive NSST-BNF,0.4205816808280291,0.2835945754679443,0.1945733078849101,0.9375,1.1534403143316472,15.106777454000166,800,1,2419.6251015282746,2452.6770181515285,37.88050023787964,-0.2303191672398249,-9.390521684481962e-05,0.0154445530159647,455.3596307576471,2321.4938930899266,300,,,,,,,,
3,1016,Sparse Variational GP,0.1989998056084251,0.1524120504486248,0.1069482067609954,1.0,1.0650104808425824,2.1652441530000037,800,1,32.106903372673045,32.63175575449571,0.3807353414833197,-0.0043012120252822,-0.0001318106220714,0.0116676327301467,2.2284239214455277,16.5672012337376,300,,,,,,,,
3,1016,Stationary Skew-t Neural Model,0.4130858770638277,0.2803856724241994,0.2148243791284893,0.875,1.4620456132560629,3.3623593350000647,400,1,1762.2551271291263,1817.9155722050607,65.67304739402199,-0.5927270610502089,-0.0003260476284557,0.0361254661097176,607.5605893372928,3887.653166806688,251,,,,,,,,
3,1017,Gaussian Neural Model,0.2355362145321575,0.1666791530046049,0.1331971764158597,1.0,1.3440283526568786,2.865756539000131,500,1,1645.6971995327212,1662.8125335601633,29.077070177658992,-0.2170201207947832,-0.0001305138832037,0.0174866797012911,299.58209468782604,1389.4945563580518,300,,,,,,,,
3,1017,Proposed Adaptive NSST-BNF,0.1837233717884057,0.1237855935582406,0.0894844668691334,1.0,1.0174283322228876,14.101293012000042,800,1,2287.8708617154944,2322.125176045214,29.616688239259,-0.1999047490171035,-8.6086982338118e-05,0.0127541308043086,252.7560952976336,1022.7662696268396,300,,,,,,,,
3,1017,Sparse Variational GP,0.1749366053940938,0.1352617629891196,0.116003681742756,1.0,1.4811572614982005,2.771903949000034,800,1,52.6796903717045,53.16517407588676,0.6246587302277193,-0.0066765449829258,-0.0001255811741234,0.0117493968765358,126.46640949762144,347.1368940309981,300,,,,,,,,
3,1017,Stationary Skew-t Neural Model,0.2036960871533912,0.1415987180710856,0.1133865393508335,1.0,1.2392014059458891,6.617046104999872,500,1,1648.3931298156365,1681.024906247617,35.05909392133228,-0.2228995706864899,-0.0001325974230709,0.02085578493872,311.42951202440213,1440.9047784473653,300,,,,,,,,
3,1018,Gaussian Neural Model,0.3157079720103052,0.1649587527416815,0.122320589565221,1.0,0.9934443650336308,2.636848354999984,500,1,1440.45594404042,1464.158186474701,24.361559790677845,-0.2163482755563536,-0.0001477629108349,0.0166386118765854,78.65875541373634,293.8599617704574,300,,,,,,,,
3,1018,Proposed Adaptive NSST-BNF,0.2965541579507744,0.1583373317789665,0.1219922560822244,1.0,1.4743412239859537,17.33139049900001,800,1,2106.3906011501845,2092.3055132878285,23.44569511833165,-0.202679402595464,-9.6868933006335e-05,0.0112056747781012,83.53145755472352,305.4222738246243,300,,,,,,,,
3,1018,Sparse Variational GP,0.2196046233048179,0.1742638893771508,0.1403292189780779,1.0,1.588760104059111,2.777046708999933,1000,0,56.05835428698219,58.87426745621028,1.732351002126519,-0.0199337930886215,-0.000338582439322,0.0294245869541389,59.34590960323224,354.7776498198839,300,,,,,,,,
3,1018,Stationary Skew-t Neural Model,0.3318887952161501,0.1691256978346994,0.1254256940668546,0.9375,1.0878746745350227,4.008640525000146,500,1,1448.090056625201,1475.330451356224,24.240883019968365,-0.2166305695592628,-0.0001468352865353,0.016430815887847,86.03084228177309,212.3915223085732,300,,,,,,,,
3,1019,Gaussian Neural Model,0.4386173878640123,0.2323465085404427,0.1908197924943101,0.9375,1.638850331348373,2.9429392790000293,600,1,1742.2425739521643,1735.0757628120728,27.409574854231234,-0.1375690020849692,-7.928702886265226e-05,0.0157973360251473,279.8451977230462,1323.6734066600125,300,,,,,,,,
3,1019,Proposed Adaptive NSST-BNF,0.3761319302157434,0.1842528718625784,0.1344914114307807,1.0,1.1718911010608966,16.783295469999757,800,1,2262.72061249501,2298.213321738465,27.94667720197672,-0.2885445445683566,-0.0001255516804463,0.0121601754448262,124.42110719166608,426.43625915197066,300,,,,,,,,
3,1019,Sparse Variational GP,0.4158669750503101,0.318426618473917,0.2299801396612844,0.875,1.2406828738424949,2.750069381000003,1000,1,43.43736929940374,44.22182569185748,0.591001147745693,-0.0065641911779198,-0.0001484378149301,0.013364467398154,5.984235130565354,127.06720709049034,300,,,,,,,,
3,1019,Stationary Skew-t Neural Model,0.416913147032641,0.2139123611994266,0.1830790300640511,0.9375,1.6839319581590346,6.462788605000014,600,1,1731.4551608487411,1754.1335682024585,29.76104539662472,-0.0937781794191954,-5.346125353230329e-05,0.0169662367428052,342.0020400557148,1492.7616024750205,300,,,,,,,,
3,1020,Gaussian Neural Model,0.3071778596209288,0.2541715510875422,0.1735149126866476,1.0,1.560643536725197,2.6739726890000384,500,1,1633.7908504020188,1675.0160793471423,43.36655737757034,-0.3287882827741643,-0.0001962896278,0.0258902334803096,212.04189896744444,881.9482618290855,300,,,,,,,,
3,1020,Proposed Adaptive NSST-BNF,0.2469723677058347,0.1983497480166437,0.138749817874235,1.0,1.63585575308764,11.406814958000268,800,1,2182.9238604518805,2213.376802326953,28.91777916692517,-0.2453292157929678,-0.0001108393363186,0.0130650050802572,104.96046995616132,368.9490545550461,300,,,,,,,,
3,1020,Sparse Variational GP,0.3825816112257699,0.3164258985793685,0.2222627994956686,1.0,1.5116144494841768,2.4677116109999133,900,1,56.88754486509839,57.83864238796781,0.8055860006886665,-0.0090606666713705,-0.0001566542072442,0.0139281623397204,2.9577824946743263,3.8334625527723967,300,,,,,,,,
3,1020,Stationary Skew-t Neural Model,0.3092240211553764,0.2518826764822345,0.1745164409002749,1.0,1.5064693350457143,4.509842380000009,600,1,1661.7710369078688,1646.5424718243178,37.401635051468766,-0.0866433151548936,-5.262136667443232e-05,0.0227152567829172,205.1123579015052,893.8753031052121,300,,,,,,,,
3,1021,Gaussian Neural Model,0.1932664636651847,0.1499452079399252,0.1161837942151154,1.0,1.3418352139859706,5.038916855000025,600,0,1681.5594586491554,1708.6670045170893,48.83279321665837,-0.1151311509013968,-6.738068365400179e-05,0.0285794675542761,237.6546707343253,942.1034874814626,300,,,,,,,,
3,1021,Proposed Adaptive NSST-BNF,0.2132192363822213,0.1570671227907804,0.1006856137993691,1.0,1.024109196325386,15.16781778199993,800,1,2327.9919940391483,2320.2995298294395,31.279808786861366,-0.2296257370873193,-9.896383382200598e-05,0.0134809357088309,157.4921874968856,726.1545668300671,300,,,,,,,,
3,1021,Sparse Variational GP,0.3763146219780298,0.3100422598976363,0.2161904523546367,1.0,1.6615276485838084,2.1611904080000386,600,1,66.17461754813633,67.25799902917511,0.8984896875983264,-0.0099112225320151,-0.0001473612458752,0.013358852486952,82.28632039089435,119.21933927984682,300,,,,,,,,
3,1021,Stationary Skew-t Neural Model,0.1978336638254559,0.1575858912239609,0.122744395001945,1.0,1.3200608656379504,7.144808712000213,500,1,1895.996606475422,1740.5814920649002,31.53130056352973,-0.2558820129407877,-0.0001470094988986,0.0181153831103439,332.1904673743164,1447.2770234386182,300,,,,,,,,
3,1022,Gaussian Neural Model,0.3356421894163123,0.2172602776120247,0.1751308838050271,1.0,1.498694759597448,3.3421944840001743,500,1,1809.9893372945407,1827.841469732453,51.59989159979836,-0.2878631087046545,-0.0001574880061927,0.0282299600125338,632.4069760287935,2768.6347612118443,300,,,,,,,,
3,1022,Proposed Adaptive NSST-BNF,0.301139279192002,0.1943777318894921,0.1274721619248905,1.0,1.1728108856241088,12.843727709999712,700,1,2484.389849982816,2471.957338251994,41.78184714296562,-0.231172666651652,-9.35180648445665e-05,0.0169023334247794,531.2458882867053,2426.3770183888496,300,,,,,,,,
3,1022,Sparse Variational GP,0.274094324567295,0.2459934428604419,0.1566716998175294,1.0,1.415313933377487,4.358577442999831,900,1,48.44207949490322,49.14100453453274,0.5986204253407887,-0.0067100754058847,-0.0001365473797176,0.0121816888159074,2.7559142882808576,10.149812753921903,300,,,,,,,,
3,1022,Stationary Skew-t Neural Model,0.3238654763401846,0.2008352280042564,0.1667037779350987,1.0,1.5287569989637797,6.135520015999646,600,1,1780.6060070597316,1806.446203527252,43.0132724792183,-0.1197550660718514,-6.629318151740065e-05,0.0238109899952907,670.3701442671393,3371.550701733649,300,,,,,,,,
3,1023,Gaussian Neural Model,0.5310962532004941,0.4175878958755153,0.2938365601933744,0.9375,1.8160798510803824,3.767047976999947,500,1,1744.6799415556725,1783.1719047064432,38.26735588506565,-0.3325498116619637,-0.0001864934114227,0.0214602730023191,246.2836572847965,991.6950054248368,300,,,,,,,,
3,1023,Proposed Adaptive NSST-BNF,0.4526464962768639,0.3231861676152335,0.1991488614930599,1.0,1.6348740846273029,16.09590008100031,800,1,2300.8343472020188,2328.864073707808,34.73384753398809,-0.2617693882669499,-0.0001124021754735,0.014914501849259,171.44365765879922,641.5723603909698,300,,,,,,,,
3,1023,Sparse Variational GP,0.5021570838807033,0.3786564353930587,0.274485728636471,0.875,1.83081333435068,3.451592315000198,900,1,68.21887315418914,68.89540514414311,0.5599742329681971,-0.0063251747375147,-9.180836841413646e-05,0.0081278893969287,2.5955578349354367,8.502148408502725,300,,,,,,,,
3,1023,Stationary Skew-t Neural Model,0.5930934625328075,0.4478497891176668,0.3274381688551665,0.8125,1.832898938575506,5.0779181099997,500,1,1755.973820992784,1782.1870887527746,35.76074200493696,-0.3053634989678612,-0.0001713419993304,0.020065649802212,314.5832021261037,1207.9255121764086,300,,,,,,,,
3,1024,Gaussian Neural Model,0.2967758212822454,0.2260206617093105,0.156436664546788,1.0,1.171705386456227,5.098096934000296,500,1,1564.4428828727157,1596.158217501394,42.95264642667176,-0.259716636735786,-0.0001627135918532,0.0269100180393828,147.3268096719479,538.8244823623118,300,,,,,,,,
3,1024,Proposed Adaptive NSST-BNF,0.2456847588254921,0.1821679387755447,0.1184259262750168,0.9375,0.7922562001008575,15.18654384699994,800,1,2136.612078196724,2157.02602296683,30.76299011079553,-0.2398282314873334,-0.0001111846722912,0.0142617612320148,114.11077208982752,502.12665592592566,300,,,,,,,,
3,1024,Sparse Variational GP,0.2148501931443557,0.1578891407031136,0.1161198070043617,0.9375,0.980137351776838,3.9914978390002034,1000,1,36.47076640255517,36.938262848984216,0.3938144907799858,-0.0042462299445506,-0.0001149547817641,0.0106614242361645,2.8511840080924244,3.3424122672970777,300,,,,,,,,
3,1024,Stationary Skew-t Neural Model,0.2897954062518627,0.2175708368163776,0.1509604634098017,1.0,1.2022709986007225,7.511129733999951,600,1,1570.1174034031376,1591.8943025593494,29.248789764245373,-0.1358643345033051,-8.53475851285294e-05,0.0183735752538475,153.80842058886003,534.3318356072399,300,,,,,,,,
3,1025,Gaussian Neural Model,0.2718360762497219,0.1528441350839794,0.1216029075104046,1.0,1.1487562568436995,3.616454669000177,500,1,1506.753182617579,1533.4841182321932,25.85448381481276,-0.2560541794519395,-0.0001669754361376,0.0168599619046709,88.20017697220237,314.47960430253613,300,,,,,,,,
3,1025,Proposed Adaptive NSST-BNF,0.2614223553810263,0.1360453006611082,0.0980244890345228,1.0,1.1068230480629224,14.99964626100018,800,1,2101.062057759631,2127.9361717454963,26.9591062965744,-0.1992872437755147,-9.365282963917284e-05,0.0126691329629781,77.18820517937806,199.43153542616955,300,,,,,,,,
3,1025,Sparse Variational GP,0.3454161938916554,0.2410745648066368,0.1814870223686919,1.0,1.455455554012295,3.702997433999826,900,1,59.58506163128756,60.827551816848285,1.055805088809765,-0.0118867623386296,-0.0001954174051656,0.0173573497087105,3.658815905579868,4.069311430210173,300,,,,,,,,
3,1025,Stationary Skew-t Neural Model,0.2644252659415505,0.1469628562622217,0.1200313043496541,1.0,1.18972407891828,5.935211559999971,500,1,1505.2601626196242,1535.2561277290697,27.6720724223448,-0.2637425788033147,-0.0001717906048637,0.018024401220451,84.70193148918963,291.290722782188,300,,,,,,,,
3,1026,Gaussian Neural Model,0.3276681220847832,0.2427144576945583,0.1937587526734033,0.9375,1.7869851046963148,5.566148573000191,600,0,1686.7039602826453,1712.0239482319478,56.81847898278453,-0.1199320943274057,-7.005281348503488e-05,0.033187899644431,437.8707475481849,1840.842159666767,300,,,,,,,,
3,1026,Proposed Adaptive NSST-BNF,0.2855778293439253,0.2188611592370514,0.1457496671654443,1.0,1.1778899828745395,13.512991688000056,800,1,2378.6863883114333,2409.306437337545,44.04098979417975,-0.1969422704371725,-8.174230865161665e-05,0.0182795302049033,311.59999513908065,1618.6230465310232,300,,,,,,,,
3,1026,Sparse Variational GP,0.3131547032131178,0.2511932803268675,0.2010273107441187,1.0,2.275576396102356,3.919425998999941,900,1,86.91557907627977,88.4485022962305,1.0914242604961135,-0.0124527378435426,-0.0001407908276596,0.0123396579044461,117.08405514369372,194.1575061462079,300,,,,,,,,
3,1026,Stationary Skew-t Neural Model,0.3302136982835208,0.2524235379724289,0.1926460413588424,1.0,1.7313876924842244,5.045438595000178,400,1,1699.6701727128193,1785.399531050317,152.92895298576403,-0.9523730554798684,-0.0005334229335882,0.0856553115009494,450.05732136649,3110.5852775520398,251,,,,,,,,
3,1027,Gaussian Neural Model,0.387309799890309,0.2798478425369235,0.2163597469192301,1.0,2.1041883655692466,3.04359175000036,400,1,1930.6109810389064,2020.836455194576,109.365247713084,-0.8592646491180516,-0.0004252024684676,0.0541188018614567,909.093829233351,4748.90777789239,251,,,,,,,,
3,1027,Proposed Adaptive NSST-BNF,0.3320794712039774,0.2411023000644759,0.1664098965858567,1.0,1.8563742217723196,14.77301134299978,800,1,2519.083538504694,2543.8677307398243,45.66443087444425,-0.3195305222911286,-0.000125608151096,0.0179507882122329,422.0812362634387,2128.0372214272425,300,,,,,,,,
3,1027,Sparse Variational GP,0.5720749095108387,0.4611225205544604,0.3071271237446731,0.9375,2.1532094040934364,2.4815931339999224,700,1,82.842930039828,84.06871975753351,1.0282707264752873,-0.0113243951699232,-0.0001347040278784,0.0122313118296669,67.17152849963378,237.62117380639395,300,,,,,,,,
3,1027,Stationary Skew-t Neural Model,0.452774851026218,0.3253851572676322,0.2468081954773892,0.9375,2.099733883684131,5.753803978000178,600,1,1934.0931196010224,1952.660605510678,66.8630715064722,-0.1894010744965284,-9.699641297725388e-05,0.0342420343390834,622.981424737373,3936.8678398611255,300,,,,,,,,
3,1028,Gaussian Neural Model,0.3725296713870211,0.2636153942600761,0.1919405346680642,1.0,1.5938077878785497,3.728128656000081,500,1,1713.8039467188178,1751.3782879898315,38.9613565318088,-0.3521212843457118,-0.0002010538138792,0.0222461114192109,336.8442344261316,1313.1295720171236,300,,,,,,,,
3,1028,Proposed Adaptive NSST-BNF,0.22054716869719,0.1737277377288943,0.1131042473338812,1.0,1.0433293674620483,16.122897633999855,800,1,2273.071568946945,2306.6169370266084,31.166363394519006,-0.2703072972944151,-0.0001171877709537,0.0135117205177096,184.59129314362548,699.5615344494532,300,,,,,,,,
3,1028,Sparse Variational GP,0.4335452606484916,0.3396168172751692,0.2316508687113044,1.0,1.867211366425471,3.429950971999915,800,1,73.53646123606951,74.63448142456876,0.7377483964949718,-0.0084491729670528,-0.0001132073648236,0.0098848197564095,3.279168325818687,34.13584126250552,300,,,,,,,,
3,1028,Stationary Skew-t Neural Model,0.3876404361513901,0.2594395326019585,0.1918968533756538,1.0,1.6674142939029035,5.326796477999778,400,1,1729.5874701191449,1793.4817277905404,68.08108234310806,-0.7097193615642965,-0.0003957215457325,0.0379602876841013,449.9169910030028,1640.327061679158,251,,,,,,,,
3,1029,Gaussian Neural Model,0.2289451780740688,0.1478450288815452,0.1214560610862018,1.0,1.3484000623437398,3.441465913999764,500,1,1612.975918105496,1654.327975801179,36.6518685747004,-0.3190397006436454,-0.0001928515417199,0.0221551404019206,247.26662896648224,1259.7264991688896,300,,,,,,,,
3,1029,Proposed Adaptive NSST-BNF,0.2542558801314034,0.1594733891997082,0.110089880432521,1.0,1.3088434637290631,14.657669222000097,800,1,2185.3301865995118,2211.6315389451984,27.515673894737898,-0.2578991971300398,-0.0001166103813355,0.0124413463138896,123.88330938751452,471.9304179635745,300,,,,,,,,
3,1029,Sparse Variational GP,0.2870076473394414,0.2159381968450304,0.1600857434484393,0.9375,1.5174223321969889,3.745534708999912,1000,1,58.2049485416936,58.97960043777663,0.6168427130428075,-0.0067771973810781,-0.0001149074820916,0.010458577346477,4.863408695809781,85.05724225200329,300,,,,,,,,
3,1029,Stationary Skew-t Neural Model,0.2219460271540248,0.1490992634031526,0.1219529731176469,1.0,1.3941387008848478,5.451650913999856,500,1,1619.9562787315415,1664.3157276305035,56.097953496643406,-0.3369131283188466,-0.0002024334221719,0.0337063169958204,310.85891091000104,1490.946905784961,300,,,,,,,,
3,1030,Gaussian Neural Model,0.2218919367015513,0.1587537777191197,0.136843227128892,1.0,1.6068390515557978,3.6508899309997114,500,1,1676.18168103828,1700.846738604299,33.2798445691653,-0.3135448878341376,-0.0001843463498018,0.0195666333796038,176.8131579442167,938.7681862983644,300,,,,,,,,
3,1030,Proposed Adaptive NSST-BNF,0.2070680067655692,0.1370113151072565,0.1064657326686742,1.0,1.2623125445810748,14.671603102000065,800,1,2233.550253053035,2268.140615624858,31.086482300795023,-0.2736186572814991,-0.000120635667558,0.0137057121091369,127.4055783489748,350.5233914416757,300,,,,,,,,
3,1030,Sparse Variational GP,0.3823878572315389,0.2742878290467339,0.2125541592661426,0.9375,1.92013138824157,3.2728646300001856,900,1,70.67569912659806,71.787713778829,0.987669432561099,-0.0110207573618999,-0.0001535187120717,0.0137581959442809,7.226137856919291,60.689639171311526,300,,,,,,,,
3,1030,Stationary Skew-t Neural Model,0.2288044087232723,0.1571541221798029,0.1403422856621242,1.0,1.7399036682316762,6.678608292999797,600,1,1671.409367199074,1689.988885488346,28.538752874291507,-0.1188208528722075,-7.030865936013097e-05,0.016886947079563,176.31134491430203,662.9538503305698,300,,,,,,,,
3,1031,Gaussian Neural Model,0.4600076593378044,0.3409623060401939,0.2496193031749264,1.0,2.234330272040092,4.461522790000345,600,1,1775.4077207610144,1809.7364354374497,31.63791311410801,-0.1545067136507046,-8.537525720608991e-05,0.0174820556709742,517.3712125422289,2097.4020969231883,300,,,,,,,,
3,1031,Proposed Adaptive NSST-BNF,0.3719144654369585,0.2655446699004707,0.1770737486354439,1.0,1.460509418469364,13.578912178000335,800,1,2271.198144997974,2307.671173189223,32.67933703016232,-0.2852040903083819,-0.0001235895710021,0.0141611757384823,154.5041899936155,562.2725003510593,300,,,,,,,,
3,1031,Sparse Variational GP,0.4118179314502176,0.3057910384510932,0.2252941472994226,1.0,2.178966410064606,3.475203582999711,700,1,75.38701910809436,76.37876720036036,0.7600909656423521,-0.0084404063479268,-0.0001105072346321,0.0099516003400321,3.3811418524370818,112.40876769598984,300,,,,,,,,
3,1031,Stationary Skew-t Neural Model,0.4862391551290876,0.3415536885954943,0.2551018925741478,1.0,2.208375682614868,5.110443007999947,500,1,1764.7279400700545,1797.1676110590524,46.942469591771285,-0.3645770386328057,-0.000202862012641,0.0261202512792385,330.79065480635506,1412.7092911775417,300,,,,,,,,
3,1032,Gaussian Neural Model,0.3137715688926811,0.1973631221396701,0.1459281644619078,0.9375,1.2343410186770438,3.587512098999923,500,1,1724.6092134816768,1723.6035643632035,46.142477112772,-0.2427850657220226,-0.000140858994923,0.0267709339124159,652.6530389727591,2664.714168655325,300,,,,,,,,
3,1032,Proposed Adaptive NSST-BNF,0.302138782924558,0.1831653900113502,0.1447262518500795,1.0,1.450683599102466,17.282859886000097,800,1,2415.587857849133,2400.475733032528,35.837776126239255,-0.2359221044177411,-9.828139529646484e-05,0.0149294473729027,359.9342781740522,1703.0367274624873,300,,,,,,,,
3,1032,Sparse Variational GP,0.3735304528750666,0.2920980734696605,0.2142706505051748,1.0,2.1896572769907507,3.806769777000227,1000,1,77.38837903628834,78.6732640219607,1.0185609639013122,-0.0111112377752637,-0.0001412327035543,0.0129467230902861,8.067401786940902,78.00261113233488,300,,,,,,,,
3,1032,Stationary Skew-t Neural Model,0.3352226601544694,0.2031943811281898,0.1518094710186343,1.0,1.2980798442335226,4.619161837999855,400,1,1763.0565195978293,1830.8763605421864,89.24010354194168,-0.6746460352481686,-0.0003684825746771,0.0487417421870663,812.1470689843691,4087.615801287962,251,,,,,,,,
3,1033,Gaussian Neural Model,0.2089223927268772,0.170720090003084,0.1154752246361531,1.0,1.1101854532694588,5.534061201999975,500,1,1679.0227761083895,1720.058395631864,72.71360955731762,-0.2870293308962759,-0.0001668718525052,0.0422739191541262,143.46470651934862,1014.7373832315748,300,,,,,,,,
3,1033,Proposed Adaptive NSST-BNF,0.202227801922472,0.1593260062302788,0.1261485902813086,1.0,1.636543316210172,14.34550977400022,800,1,2314.5946763785096,2338.74499842259,27.409356043851847,-0.231904187479272,-9.915753433387738e-05,0.0117196855845073,108.0829883075748,399.1659387100438,300,,,,,,,,
3,1033,Sparse Variational GP,0.514143312597343,0.3808161098767856,0.2898848935234954,1.0,2.8182862362580146,4.379676117999679,1000,0,107.7237574912109,110.32479442157064,1.6067071651244234,-0.0184989872547619,-0.0001676775139419,0.0145634276823113,32.33022502115891,225.63008853180665,300,,,,,,,,
3,1033,Stationary Skew-t Neural Model,0.211063456389038,0.1647278448249885,0.1166078550366835,1.0,1.216591656292218,5.355896124999617,500,1,1694.1153420554308,1717.5179142077147,62.17699238455635,-0.3202719205915088,-0.0001864737001821,0.0362016558140171,132.23618386701725,865.296666321429,300,,,,,,,,
3,1034,Gaussian Neural Model,0.1646212649984859,0.1319747003726957,0.1503197012697071,1.0,2.10646285688529,3.9474877289999313,500,1,1804.099395558948,1833.67316653638,53.55226077554467,-0.3890176932501843,-0.0002121521437678,0.0292049105330473,392.8324213251332,1636.6791520460265,300,,,,,,,,
3,1034,Proposed Adaptive NSST-BNF,0.1220195385945653,0.0993871357920518,0.0838691954216889,1.0,1.2091817230404398,14.240403520999736,800,1,2334.688975838418,2374.6439691535784,34.53597984322346,-0.2947746369658494,-0.0001241342452994,0.0145436454019393,168.97404883900415,755.6621674973748,300,,,,,,,,
3,1034,Sparse Variational GP,0.2887929068197955,0.2235607158604606,0.198752908020162,1.0,2.4802193992076123,3.157416970999748,700,1,92.07721631379266,93.364494122637,0.9552562536749112,-0.0108277190400553,-0.0001159725561821,0.0102314724955307,12.76593004599723,164.95603824015055,300,,,,,,,,
3,1034,Stationary Skew-t Neural Model,0.1996756876857291,0.1576619273601897,0.1557468357246089,1.0,2.1932524962628768,6.304948704999788,500,1,1821.9114244588857,1826.2528241399705,42.53011173936992,-0.3587320433039567,-0.0001964306576625,0.0232881839672984,378.9572885173493,1567.8717603090593,300,,,,,,,,
3,1035,Gaussian Neural Model,0.1519637506835748,0.1144908957992942,0.0753428741294759,1.0,0.8365221575860429,4.747149983999861,500,1,1418.741657547804,1444.2857164315074,21.8840097926428,-0.2043699919956567,-0.0001415024670468,0.0151521333650747,85.45969479636629,207.34409513776092,300,,,,,,,,
3,1035,Proposed Adaptive NSST-BNF,0.1490872718082627,0.1022891068343155,0.0780772549084083,1.0,1.0671453610703103,13.876092755000172,800,1,2058.3571525822485,2083.691873543439,38.76637419949485,-0.1806245531762577,-8.668486711957806e-05,0.0186046577671632,85.55586159785287,320.01750676211753,300,,,,,,,,
3,1035,Sparse Variational GP,0.3823430731596148,0.3258420361921952,0.2286802303832137,1.0,2.189918685792982,4.052115171999958,1000,0,83.23681474831932,84.53859247594244,0.7951153534281105,-0.0091533971099003,-0.0001082747753637,0.0094053535804298,18.088474430040808,261.7567238915509,300,,,,,,,,
3,1035,Stationary Skew-t Neural Model,0.1490909858166992,0.108484097150037,0.0709520288722843,1.0,0.7380744968243202,8.506289096999808,500,1,1422.6380650250194,1450.4643629401376,27.485801487398803,-0.202956818444954,-0.0001399254084626,0.0189496565304673,83.20229870884883,255.47521384664063,300,,,,,,,,
3,1036,Gaussian Neural Model,0.1455089762440768,0.0912694676841074,0.0739136114218179,1.0,0.940375070705414,3.787962630000038,500,1,1511.662046346505,1544.0576492808177,24.697016013793853,-0.2531999712895351,-0.0001639834959578,0.0159948794821858,94.35221897423136,315.29331465175966,300,,,,,,,,
3,1036,Proposed Adaptive NSST-BNF,0.1492340054250236,0.085248682114207,0.0707924723408288,1.0,1.0805034898267598,16.813191406999977,800,1,2129.913306055084,2160.381040446376,22.63443190258321,-0.2323380217373546,-0.0001075449272084,0.0104770554262531,85.091386967527,208.06707513926503,300,,,,,,,,
3,1036,Sparse Variational GP,0.3297761646842032,0.2817571170613636,0.1958820015312704,0.9375,1.4593132692971138,4.567206961000011,900,1,58.10943940544215,58.95058616299436,0.6924310965858538,-0.0078244092421605,-0.0001327282687321,0.011745957786939,2.773865759737143,2.872928171120711,300,,,,,,,,
3,1036,Stationary Skew-t Neural Model,0.1838246067919538,0.1061095783496276,0.0844970411047109,1.0,1.068182050913133,5.875571358000343,500,1,1525.7579217706286,1553.77927353293,32.61355377834708,-0.2446881641442606,-0.0001574793590777,0.0209898241879565,98.88328693800142,445.43003619005856,300,,,,,,,,
3,1037,Gaussian Neural Model,0.4711536136727548,0.3713667655250838,0.2693673626657611,0.9375,1.7142586119076413,4.133356064000054,500,1,1804.9058402316243,1843.447228497767,44.9962350649036,-0.2998929954986319,-0.0001626805426608,0.0244087459458067,420.3609264139533,2116.605354635221,300,,,,,,,,
3,1037,Proposed Adaptive NSST-BNF,0.4396393265840393,0.3316590948147655,0.2454485730623263,0.8125,1.0097269955424488,14.158702622999954,800,1,2431.7895357306534,2460.509829287417,33.14997060610905,-0.2487709074142792,-0.0001011054312619,0.0134728055996872,293.3816980807764,1261.0857940641026,300,,,,,,,,
3,1037,Sparse Variational GP,0.42065337650118,0.2626841328314589,0.2073858308163048,0.9375,1.7363339981586647,5.32383789800042,900,1,68.7333251087243,69.57538270966764,0.6741511187842778,-0.0076326111568114,-0.0001097027549048,0.0096895064393313,3.026614398488575,23.68870800175817,300,,,,,,,,
3,1037,Stationary Skew-t Neural Model,0.4591960623386853,0.3616765019494188,0.2591067129871747,0.9375,1.7238438445132938,6.272484767000151,600,1,1817.6705051543672,1841.0119591467912,48.454135697163,-0.1681104325211479,-9.131414474844468e-05,0.0263192943730896,422.2296525383061,2267.328677503157,300,,,,,,,,
3,1038,Gaussian Neural Model,0.2544533797691709,0.1989680543658382,0.1408543691840308,0.875,1.1420472244003017,3.1570875549996344,400,1,1434.0959850323134,1474.7436342636513,38.76262863420231,-0.4226120757905174,-0.000286566468891,0.0262843166321288,77.77308295836758,329.2748984038616,251,,,,,,,,
3,1038,Proposed Adaptive NSST-BNF,0.2547027357420627,0.1984367414210429,0.1521770375202487,0.9375,1.7000675696020064,13.896010593000028,800,1,2113.298939700531,2114.86181643288,22.41651657221996,-0.1960748792157412,-9.27128560798639e-05,0.0105995183222087,82.22938223158934,195.3353037427016,300,,,,,,,,
3,1038,Sparse Variational GP,0.5995246703333033,0.4292810799327905,0.3111789731253476,1.0,2.114568515312987,3.232220231000156,900,1,66.36662093245751,67.24776786102372,0.7357901082015098,-0.008301948286709,-0.0001234531427699,0.0109414800164386,2.4290619944269904,2.820073514244708,300,,,,,,,,
3,1038,Stationary Skew-t Neural Model,0.2611850299732737,0.2074767302522052,0.1457421781350683,0.875,1.158813010060436,5.504319802999817,500,1,1433.4150325021533,1451.2894017169556,24.40755675755598,-0.1857322123239843,-0.0001279773779814,0.016817842622347,80.5899458525544,205.10912568245175,300,,,,,,,,
3,1039,Gaussian Neural Model,0.1056055205982076,0.0787462439547391,0.0611760845799713,1.0,0.7541886063677457,4.891666659999828,500,1,1427.9442598598234,1451.9206990318262,21.34752986921278,-0.2096891595550033,-0.0001444219093334,0.014702958559271,73.25061829697478,149.49355913202547,300,,,,,,,,
3,1039,Proposed Adaptive NSST-BNF,0.0982559075256745,0.0719822734015117,0.0600417283193271,1.0,0.9213651543417258,13.496761064000111,700,1,2082.2760332457483,2125.274859921377,32.42214645543292,-0.2418353372236069,-0.0001137901462931,0.0152555074484023,76.05266884968435,170.80472992647518,300,,,,,,,,
3,1039,Sparse Variational GP,0.3861147660309539,0.3219355559223243,0.2241203500600437,1.0,1.292524796728221,4.130390523000187,900,1,50.26406143439573,50.84924554509648,0.4749531030425785,-0.0053781094339477,-0.0001057657665574,0.0093404159285185,2.115471972683432,8.54909163743338,300,,,,,,,,
3,1039,Stationary Skew-t Neural Model,0.107689343828967,0.0802714597919512,0.0603624655047734,1.0,0.778226586389439,5.589395954999873,500,1,1441.1654097982616,1460.9922038794748,21.337566859624967,-0.1968680689876395,-0.0001347495684541,0.0146048464892323,78.72160706765482,239.16685141586825,300,,,,,,,,
3,1040,Gaussian Neural Model,0.5000707857282769,0.3852727188988785,0.263653686900068,1.0,1.901673955545236,3.790652223000052,500,1,2008.5754660704945,2067.5824617649864,65.97843223573298,-0.4845331529452725,-0.0002343476799138,0.031910907282223,641.9649567770583,2770.1412251569527,300,,,,,,,,
3,1040,Proposed Adaptive NSST-BNF,0.4471709225207883,0.3377500205627904,0.2144372072239771,1.0,1.9641038885030624,12.03750115899993,800,1,2424.049310027151,2465.958433359577,40.98407716706895,-0.3213074401418515,-0.0001302971841679,0.016619938362559,150.65628269859525,561.4159954003896,300,,,,,,,,
3,1040,Sparse Variational GP,0.7852310331373147,0.5923935724507973,0.4286138774916827,0.9375,2.4513455627858303,3.5275370550002663,700,1,72.83427319857452,73.86421433493514,0.8198243678825139,-0.0090284198401964,-0.0001222299583294,0.0110990738243695,4.436496886108566,93.88506989026172,300,,,,,,,,
3,1040,Stationary Skew-t Neural Model,0.4376747117233205,0.3395712208383422,0.2310139733641734,1.0,1.8476608062598328,6.6000070340001,600,1,1995.3653283033973,2033.4080758532396,73.57482629970558,-0.1539665429519209,-7.571846732600138e-05,0.0361830107657228,526.6955093877935,1960.1311037896205,300,,,,,,,,
4,1001,Gaussian Neural Model,0.4533187059255743,0.3011606220120676,0.2271456716402028,1.0,1.7606215736700357,47.09552129299993,400,1,1811.8340389052128,1834.09775489382,104.90012640371448,-0.7433136306477228,-0.0004052748162764,0.0571944031466236,730.4488302866024,2964.2169964386344,251,,,,,,,,
4,1001,Proposed Adaptive NSST-BNF,0.4025960486324731,0.2816854403708386,0.2028282432894496,1.0,1.5258481529990435,12.69399984499978,600,1,2436.628314988752,2514.224535222125,79.0977737339678,-0.582252181559098,-0.0002315832072284,0.0314601073316547,584.5226675372373,2170.366561963759,300,1.5263425735915626,-0.0410389287178722,0.7225377842127729,-0.06095576556379,0.9189804343281186,-3.783787453722837,0.7614216682393856,0.5795691539370467
4,1001,Sparse Variational GP,0.4081597283891109,0.3327463887837366,0.2334281698977429,1.0,1.99136996709084,2.846784998000089,800,1,70.14232906847056,71.75403259296075,1.1218415327221274,-0.0120483921781835,-0.0001679124049589,0.0156345433445669,135.2811238415852,461.2219847756251,300,,,,,,,,
4,1001,Stationary Skew-t Neural Model,0.4159035760165076,0.2892426067107679,0.2125982930592255,1.0,1.8724872017939944,4.150377122000009,400,1,1968.71484854331,1837.3648129329636,146.69558721739745,-0.9054269443168784,-0.0004927856122767,0.0798402071188187,596.4677278316702,3436.5024874138035,251,,,,,,,,
4,1002,Gaussian Neural Model,0.5564054818111662,0.2966345665358306,0.247568623893473,0.875,1.4698361996456466,4.012227869000071,600,0,1795.62341595855,1795.5669959107383,50.03682943395912,-0.070893390995334,-3.9482453819204776e-05,0.0278668685423122,690.9563253107565,2620.5739198975552,300,,,,,,,,
4,1002,Proposed Adaptive NSST-BNF,0.5739308061275941,0.284247793450786,0.2184028745867319,0.9375,1.141066757017275,14.940557483999784,800,1,2424.309166218902,2452.4771501240634,37.99859176498141,-0.2613018050849074,-0.0001065460712128,0.0154939636290022,430.3566119484756,1596.7597173199315,300,1.4026644350329909,-0.0094533576654469,0.6676533618216525,-0.0089933597205771,0.8574039747091152,-2.964100280523689,0.6979263118546313,0.5956514162297687
4,1002,Sparse Variational GP,0.3888326008668608,0.291982642686326,0.2135336649328421,0.8125,1.0469824930455902,3.138844175000031,900,1,33.5800900485293,34.31735911583095,0.6645933589550588,-0.0073967843376153,-0.0002155406047606,0.0193660985599691,2.67541173737773,3.661612323326764,300,,,,,,,,
4,1002,Stationary Skew-t Neural Model,0.5742406324919531,0.3309035877413452,0.263150441356384,0.875,1.473443218337681,5.494680197999969,600,1,1789.382805855785,1826.548526857638,57.7041257286736,-0.124486859938407,-6.815414871707351e-05,0.0315918930596093,747.6119154626526,3676.983962047748,300,,,,,,,,
4,1003,Gaussian Neural Model,1.064122583487246,0.9211481983525224,0.6901016677353389,0.6875,2.146859496343716,3.74866061299997,600,0,1710.3674016110017,1794.953332712842,123.75703021555736,-0.2850773691857624,-0.0001588216049912,0.0689472132562434,439.8277778343792,2090.8337842878973,300,,,,,,,,
4,1003,Proposed Adaptive NSST-BNF,0.93734927239617,0.8047313612741309,0.5629702877047378,0.875,3.249983767322496,16.073669910000262,800,1,2342.841137459676,2302.293617598585,46.34900165048291,-0.2454312950126781,-0.0001066029515682,0.0201316640484923,100.27831889242752,649.546383868988,300,1.4008220757776766,-0.0640819202257831,0.682217404188018,-0.058498738711658,1.007818440568635,-4.4162814307191125,0.8341325843089222,0.5303343491403223
4,1003,Sparse Variational GP,0.8073231259777955,0.6765983974253986,0.4700734695867046,1.0,3.9494204200826215,2.384687476999943,700,1,111.19975525131966,112.88154205247336,1.340787787246922,-0.0146383865152095,-0.0001296791862429,0.0118778301825788,88.80746225269488,181.60659802573957,300,,,,,,,,
4,1003,Stationary Skew-t Neural Model,1.0588436357464266,0.9046980637948756,0.6817912631782873,0.75,2.196835654854525,6.505428886999994,600,0,1797.540629777976,1815.0394272595613,105.29056397198418,-0.1194894379722021,-6.583297099645558e-05,0.0580100698588995,356.9605639776323,1749.7532062843388,300,,,,,,,,
4,1004,Gaussian Neural Model,0.3519173322487636,0.2293309112340048,0.1920055593946558,1.0,1.8286956958880356,3.5803566849999697,500,1,1732.042485190903,1731.8684093788954,42.69847998773085,-0.2675472930120383,-0.0001544847700686,0.0246545752301376,540.9339037488392,2305.241526275865,300,,,,,,,,
4,1004,Proposed Adaptive NSST-BNF,0.3534060788538307,0.1996080800338844,0.1473560125586427,1.0,1.2042576015640731,17.226800567000282,800,1,2312.1743775599257,2346.0089968902003,31.863012700139844,-0.2320303557286245,-9.890429066393052e-05,0.0135817947596861,269.10471570675867,1205.8153482963603,300,1.6016470536489045,-0.0030512918205096,0.6889321344301774,-0.0129210186940236,0.9307620983561784,-4.185934326607321,0.744473815244929,0.6186871254249247
4,1004,Sparse Variational GP,0.3153857539467281,0.2550320410789587,0.1738458355614591,1.0,1.46339595304383,3.589395477000039,900,1,55.347999293192814,56.31835841241625,0.7916493795731305,-0.0089551380559502,-0.0001590092166815,0.0140566842125601,2.7247432973121724,5.203158638391702,300,,,,,,,,
4,1004,Stationary Skew-t Neural Model,0.3565277421916075,0.2357660709696622,0.1888460643269446,1.0,1.8429645744009864,5.060565585000063,500,1,1772.053191632092,1746.936631064946,55.31943156503497,-0.3044329069914884,-0.0001742667144176,0.0316665359128177,595.3230788725652,2527.1887434378755,300,,,,,,,,
4,1005,Gaussian Neural Model,2.484125797449312,1.8962870928547615,1.6098609844985885,0.3125,2.5453703681343844,3.9664859289999863,600,0,1855.8576977274563,2202.828006016004,797.1432176056285,-1.359174081921053,-0.0006170132566905,0.3618726543464133,1897.028169111097,7120.269602721067,300,,,,,,,,
4,1005,Proposed Adaptive NSST-BNF,1.8233087040463123,1.4611504017228931,1.114824718905281,0.6875,4.036720200077326,19.50868472800039,1000,1,2353.1456196189333,2361.586058419957,89.16430040980178,-0.0770026026115707,-3.2606308094099304e-05,0.0377561089048171,240.59499980923488,1126.2127164381836,300,1.504290202183718,-0.0312803738485285,0.6957911649041199,-0.0813410380345236,1.0174881612276472,-4.551638167402666,0.8308665956504512,0.4884472884632614
4,1005,Sparse Variational GP,1.5417796607496763,1.037349637799357,0.7997100068223011,0.9375,4.275477919243192,4.139094871999987,1000,0,162.2712115715811,167.4809589920669,3.6315510401939934,-0.0412601714935592,-0.0002463573873822,0.0216833666468675,215.34082582515632,662.6565392283302,300,,,,,,,,
4,1005,Stationary Skew-t Neural Model,2.4224750713439267,1.861208572811155,1.5796133150271,0.25,2.425777154688679,7.641009998000072,600,0,1973.367806914759,2207.1100383798885,576.6452694600706,-0.7298075570768491,-0.0003306620623285,0.2612671137517693,1610.3120958971915,8643.12848060816,300,,,,,,,,
4,1006,Gaussian Neural Model,0.5544342932848025,0.510798526544882,0.3357336272043492,1.0,2.223168684396751,3.8800344879999775,600,0,1711.829361774079,1730.4266493132773,86.12385685384348,-0.0940185524860732,-5.433258469718122e-05,0.0497703019587809,439.6025857555297,2509.054913009235,300,,,,,,,,
4,1006,Proposed Adaptive NSST-BNF,0.5621846024877362,0.4889369338394069,0.3248230237060593,0.9375,2.3264679271676227,14.165667505999863,800,1,2269.016804348634,2306.763371842333,37.94548307703262,-0.2361778856354785,-0.0001023849643697,0.0164496642959641,153.48875142254968,654.8762847253342,300,1.543745490583587,-0.0020780022230117,0.7132611703082403,-0.0126812026856115,0.9839869421694326,-4.483885939630974,0.8104362001404198,0.5335534856609373
4,1006,Sparse Variational GP,0.7007828651055608,0.578175971361361,0.3891311941044049,1.0,2.803277527771516,2.3891099420000046,700,1,97.63774960086435,98.89778220349557,1.045378803095425,-0.0113324401265278,-0.0001145874040249,0.0105702957114286,4.137398792157718,93.58178988775202,300,,,,,,,,
4,1006,Stationary Skew-t Neural Model,0.5435466858009087,0.5056929214120696,0.3240386126529293,1.0,2.3660452998480563,5.793980642999941,600,0,1661.3743943529455,1718.5092710917388,124.49312075843692,-0.2485806006174361,-0.0001446489726875,0.0724425074991585,452.268118738485,2236.0271694701582,300,,,,,,,,
4,1007,Gaussian Neural Model,0.6583797738854923,0.4534009749553932,0.3357786410817176,0.875,1.5878882328488906,4.4553131930001655,600,1,1860.8344753674155,1891.0613296613865,32.93108157954931,-0.1266003996891095,-6.694674450975027e-05,0.0174140738129555,340.787417962914,1319.1006916842496,300,,,,,,,,
4,1007,Proposed Adaptive NSST-BNF,0.565637802945498,0.3670347542065019,0.2620628470778923,1.0,1.746812932373693,14.905769132000389,800,1,2459.2572481483007,2501.1725443065225,35.683660784310064,-0.2730850260854419,-0.0001091828017651,0.0142667729443686,240.98925226124936,1126.318273402441,300,1.4277972761269797,-0.0006013665920123,0.6717243363274158,-9.619887221923308e-06,0.9522372661462928,-5.322485507342383,0.7512737014033931,0.6198046038158973
4,1007,Sparse Variational GP,0.183994646502486,0.1446355820922601,0.1120811654826888,1.0,0.9254837938741344,3.501083493999886,1000,0,20.608464526153405,22.354689067639708,1.1241333573627086,-0.0128577161798665,-0.0005751686431854,0.0502862443741137,11.076344612723808,170.0326886322779,300,,,,,,,,
4,1007,Stationary Skew-t Neural Model,0.6634823178913853,0.4540848614693175,0.3312140111382354,0.875,1.6207238426289008,6.193028659999982,500,1,1890.290979175694,1936.157182094606,64.55706412981274,-0.39777938971165,-0.0002054478806732,0.0333428838974594,392.8364821536862,1783.2092542425316,300,,,,,,,,
4,1008,Gaussian Neural Model,0.1082134649917049,0.0856615715165506,0.0830624348057436,1.0,1.1810979825910368,3.2888956150000013,500,1,1645.461962574953,1599.6024748922962,29.015796672371557,-0.279767639501696,-0.0001748982287118,0.018139379707027,145.94507713248683,553.3876661050152,300,,,,,,,,
4,1008,Proposed Adaptive NSST-BNF,0.1081831708515104,0.0811324995060245,0.0785888397371367,1.0,1.2250255718732603,15.640236834000008,800,1,2182.161347028696,2191.1159163621096,31.524753294636035,-0.2529740759533975,-0.0001154544467795,0.0143875333382527,95.368868570202,311.96979713560427,300,1.3957098022041248,-0.0032900509786979,0.6681991254809604,-0.0167549637189659,0.9383135998885336,-4.378350086056235,0.7395143434184893,0.5823935098150146
4,1008,Sparse Variational GP,0.3698347773883814,0.3188858762367558,0.2077280838372309,1.0,1.5969162020353684,2.0773963699998603,600,1,57.79114892177377,58.76210414410827,0.8309240641118921,-0.0092320767585127,-0.0001571093631343,0.0141404749917415,17.03261945856378,73.98679634606182,300,,,,,,,,
4,1008,Stationary Skew-t Neural Model,0.1077236732130931,0.0855267390650538,0.0833712228154212,1.0,1.2064096334516206,4.816084864000004,500,1,1558.7858908257706,1590.0720620738382,39.07331147892591,-0.2383167167550675,-0.0001498779347423,0.0245732960228009,145.8822196878802,538.083016948376,300,,,,,,,,
4,1009,Gaussian Neural Model,0.3022441647899475,0.2460670212284911,0.1915380704037859,0.9375,2.162188673055637,4.165096412999901,600,1,1722.8855931470382,1748.6251591055088,32.151812445484374,-0.1813922696374721,-0.0001037342215356,0.0183869094402892,287.3355103678788,1035.2816046997682,300,,,,,,,,
4,1009,Proposed Adaptive NSST-BNF,0.2582570612024393,0.21045811260749,0.1699075518737793,1.0,2.131856196732617,16.392062846000044,800,1,2261.8340783378208,2304.796928222057,32.409511269672244,-0.2971614088093853,-0.0001289317098485,0.014061764345839,172.04074348057532,611.6345156726593,300,1.627792041654433,-0.0630327100487131,0.7249281850663507,-0.0629334412296744,0.9314634407959392,-3.557251674438703,0.7492243158991129,0.615681076979374
4,1009,Sparse Variational GP,0.3132779118334574,0.2158617655172386,0.1861533976759407,1.0,2.135864611041231,2.6006114429999343,700,1,64.66958912465583,65.83718402622442,0.9453900931641812,-0.0104859025783483,-0.0001592702168757,0.0143595159353655,6.133303833725138,141.93584517135372,300,,,,,,,,
4,1009,Stationary Skew-t Neural Model,0.3219169659164517,0.2468833744725704,0.2003911644211433,1.0,2.158590620170747,7.391890007000029,600,1,1756.0376607994938,1781.5745202969244,31.44663427249831,-0.1737557362808626,-9.752931146091138e-05,0.0176510350334698,408.83103665326826,1457.6171855012133,300,,,,,,,,
4,1010,Gaussian Neural Model,0.3259593939256845,0.2605986895515384,0.1955989797732564,0.8125,0.9705034233431468,4.250443048000079,600,0,1926.108669539684,1583.9208868481417,107.24011109819897,-0.051230219189655,-3.234392551739027e-05,0.0677054719011862,302.8345386272913,1504.789348472989,300,,,,,,,,
4,1010,Proposed Adaptive NSST-BNF,0.3098900359707254,0.2487871487615355,0.1946389904073146,0.9375,1.7889373772634736,15.692604331999974,800,1,2121.0207812827966,2158.572681315895,60.37732810238098,-0.2509733012533351,-0.0001162681726798,0.0279709497970548,82.46521229142155,415.6130929653368,300,1.396555020376502,-0.0720157723127699,0.6699953996263119,-0.0877775634456872,0.9490712726783892,-4.144140461183271,0.8036748485372502,0.5744272900408527
4,1010,Sparse Variational GP,0.4520759446421392,0.3928626720653225,0.278361429240461,1.0,2.9850826191405355,2.565625290999833,700,1,99.66527228739446,101.05329522301756,1.1480865797366109,-0.012574808288006,-0.0001244373897976,0.0113611988327827,5.105192718326611,122.78895671030917,300,,,,,,,,
4,1010,Stationary Skew-t Neural Model,0.322758061576001,0.2570557234645645,0.1977098974191438,0.875,1.0007608281041294,7.513953789999959,600,0,1614.3568482933242,1567.8906392365277,83.76865592438472,-0.1287350148585941,-8.210713913138776e-05,0.0534276140363815,298.3746395286151,1270.9158241065734,300,,,,,,,,
4,1011,Gaussian Neural Model,0.731283767166325,0.530404803679903,0.38134422381536,0.875,2.0006608839787177,4.261103005999985,600,0,1933.785959179388,1931.280172720307,132.23805725895954,-0.1366861635381558,-7.077490126439102e-05,0.0684717106957585,673.8066552669105,3391.949533226913,300,,,,,,,,
4,1011,Proposed Adaptive NSST-BNF,0.7517689277071742,0.510972622278812,0.3741766777185029,0.9375,3.019687163823185,17.095718699999907,700,1,3061.604526373798,2572.283412042142,85.24957974430382,-0.460820669318764,-0.0001791484823023,0.0331415968183008,231.58127531875544,1359.5083840061236,300,1.4992597447245914,-0.0003118389803604,0.7050238509781322,-0.0001939323743445,0.9011913982222552,-3.798276312025415,0.8179410050543463,0.5213861897095378
4,1011,Sparse Variational GP,0.7392861092928825,0.5566888660249683,0.4194949722515222,1.0,4.071918998193208,3.2661526639999465,700,1,118.08368165647654,120.05142188509222,1.7541909929060528,-0.0187594235793969,-0.0001562615692911,0.0146119968040451,4.266664604476647,114.95738418008848,300,,,,,,,,
4,1011,Stationary Skew-t Neural Model,0.7189245778924929,0.520603722868356,0.3778711060448602,0.875,2.019125098932236,6.915695573999983,600,0,1865.0796259409665,1984.6333819516808,258.650600330767,-0.4437018455640674,-0.0002235686699614,0.1303266400146968,695.5176692008322,4196.125715372041,300,,,,,,,,
4,1012,Gaussian Neural Model,0.2976883158897734,0.2010296493340852,0.1569665634899008,1.0,1.5169373251124638,3.430611879000025,500,1,1829.336535030788,1867.569573477508,49.64029364544694,-0.3125836329954346,-0.0001673745585892,0.02658015762862,731.8817886770637,3685.2041309313727,300,,,,,,,,
4,1012,Proposed Adaptive NSST-BNF,0.2944764873290693,0.1957225067657882,0.1468883902475632,1.0,1.1636926823127385,13.134454043999996,600,1,2499.84111212982,2569.5763354054443,70.55158229509465,-0.6429110701938554,-0.000250201195168,0.0274565037523831,609.0395396603008,3229.25276038748,300,1.4825229671567826,-0.0880983873487843,0.7063831613392296,-0.060063379783033,0.8351027546425435,-3.4471996496391126,0.6892424063151498,0.6074646505844569
4,1012,Sparse Variational GP,0.2718031224022886,0.1838615646986723,0.1363380121383618,0.9375,1.1566290585456205,3.656326684000078,1000,0,37.00735813839923,38.020507918618456,0.7895961477503592,-0.0087352782057489,-0.0002297517493571,0.0207676380715492,6.340064041895992,97.19358371130788,300,,,,,,,,
4,1012,Stationary Skew-t Neural Model,0.3187807733797674,0.2181161420321482,0.1738133573107264,1.0,1.4976726714116109,5.62741743100014,500,1,1820.1071107522316,1874.645946924088,73.70329221950043,-0.2932737023000326,-0.000156442181939,0.0393158464617985,943.0147330579304,4667.377524931721,300,,,,,,,,
4,1013,Gaussian Neural Model,0.385822482719501,0.1953690370576808,0.1771727036850325,0.9375,1.6446601255505304,5.281909148000068,600,1,1625.576268904286,1645.3288674754135,30.71902679713932,-0.1500530618071275,-9.119943421242484e-05,0.0186704478383549,276.0522679655837,1308.6642719868328,300,,,,,,,,
4,1013,Proposed Adaptive NSST-BNF,0.4191751328605404,0.1851879336020668,0.1346106417649865,1.0,1.116513226098828,16.21389567999995,800,1,2248.270264195705,2278.506762264173,30.55153161788025,-0.2670980316581058,-0.0001172250335534,0.0134085762324097,170.02288679925368,777.944773095045,300,1.2945800204403377,-0.1029007584281527,0.6483667092760151,-0.0976190240519674,0.9772000547679542,-4.557060086732459,0.6986701457251024,0.6534586004163964
4,1013,Sparse Variational GP,0.1453230111274507,0.0920604781610117,0.0755712962345482,1.0,0.8844250770139275,3.4292589690001023,1000,0,25.636616991820237,26.576778935890207,0.6906906900380941,-0.0077028288631565,-0.0002898330486827,0.025988502658813,6.491918935714814,118.47891446394604,300,,,,,,,,
4,1013,Stationary Skew-t Neural Model,0.3741221759677551,0.2012457042811892,0.1739413953933302,0.9375,1.653905112484655,7.100589366000122,600,0,1703.046816307046,1690.7416741540696,54.752581780223785,-0.1225359034979897,-7.247464551868821e-05,0.0323837654310012,292.6968373871464,1351.487974996836,300,,,,,,,,
4,1014,Gaussian Neural Model,0.445588042026441,0.3587671465514497,0.2444709937044889,1.0,1.967769800479772,3.830440902999953,600,0,2141.7516829908955,2007.5636573181728,116.91777577121184,-0.2025094072508302,-0.0001008732183971,0.0582386393303203,644.6657636633066,3356.122195352972,300,,,,,,,,
4,1014,Proposed Adaptive NSST-BNF,0.438044565830926,0.3577830967643701,0.2387128284807297,1.0,2.154057196889291,13.668801007000184,800,1,2527.1549183995685,2554.89729874125,65.0980269793566,-0.3090653765727041,-0.0001209697848617,0.0254797040223218,235.73329946215767,938.7064763897146,300,1.2853256568917235,-0.0116401379696364,0.6504447940456035,-0.009237684061381,0.902470335603527,-4.789008047961474,0.7861800788184689,0.5655525489600343
4,1014,Sparse Variational GP,0.6495481024050958,0.5832465285966116,0.374024691592808,1.0,2.9909406340263907,1.406957723000005,500,1,96.07304609975276,97.5256923382582,1.0591748284286508,-0.0117624057415746,-0.0001206082772607,0.0108604697186357,4.7924120403219135,20.688564671827063,300,,,,,,,,
4,1014,Stationary Skew-t Neural Model,0.4467457699376814,0.3694075886327815,0.2492646300612146,1.0,1.8998829371597792,5.136641391000012,600,0,1936.548713895894,1997.773322959104,108.30876296087902,-0.305542529715704,-0.0001529415405663,0.0542147408397925,590.4345956082054,4339.01306703568,300,,,,,,,,
4,1015,Gaussian Neural Model,2.0443728197988422,1.6738207293836735,1.3307404710895976,0.25,2.6091940880941613,3.313630589000013,600,0,2522.1753548196384,2596.8836347214647,772.6021218158651,-0.0475762437010566,-1.832051427524188e-05,0.2975112598369207,6498.646696234358,22742.35336377405,300,,,,,,,,
4,1015,Proposed Adaptive NSST-BNF,1.46829266667655,1.300419005851292,0.90779260760654,0.875,4.572444518960699,19.85571871000002,1000,0,2440.6834535443663,2556.1611553051184,170.5961951402736,-0.1385930201939437,-5.421920284889095e-05,0.066739217434008,1113.696309131846,3945.753284407583,300,1.5173032734300314,-0.0018422198148455,0.6937294605683428,-3.007742072291819e-05,0.9655840532643828,-7.654424059017543,0.8363569387140053,0.5282532122085976
4,1015,Sparse Variational GP,1.0356396519307545,0.7897684143140078,0.5882909565541146,1.0,5.58346072081828,2.593697103000068,900,1,145.45689473291793,147.61540087540172,1.61549714790232,-0.0180524872617776,-0.0001222940638627,0.0109439607135972,124.63669056383524,426.6988183787621,300,,,,,,,,
4,1015,Stationary Skew-t Neural Model,2.037291948505523,1.6762902579328989,1.3571578878004051,0.25,2.5793996849471634,4.672023593000176,600,0,2157.3423167885503,2610.714679187973,1016.0602690680388,-0.4091449659137,-0.0001567176103828,0.3891885532983903,5680.150357131776,22515.790869548884,300,,,,,,,,
4,1016,Gaussian Neural Model,0.5191794301788848,0.4111654478739338,0.2933422997754368,0.9375,1.976377335246713,3.010284133999903,600,0,1790.5784855565264,1833.4626024245013,129.97431849871396,-0.0905589628973041,-4.939231527141725e-05,0.0708900843283308,506.3664840296021,2760.1380203001186,300,,,,,,,,
4,1016,Proposed Adaptive NSST-BNF,0.5222281250529605,0.3944422040962854,0.2731579122001261,1.0,2.085666625871069,14.933043088999966,800,1,2439.129344471261,2475.4055664444704,38.529046962034165,-0.2276788497031577,-9.197638269440527e-05,0.0155647411819369,284.23646637480283,1558.395509392319,300,1.6736372854841706,-5.5243636783774974e-05,0.7206204622194163,-3.0690869360583406e-05,0.8902903483539452,-3.458700409158766,0.7647897661897729,0.585974759243641
4,1016,Sparse Variational GP,0.6088634876169368,0.4718610259054023,0.3383126735831141,0.875,2.047242600037793,3.4849854959998083,900,1,80.61236501899299,81.49346576521121,0.7386312271840358,-0.0083219097540253,-0.0001021175093718,0.0090636865207338,2.9301706992596284,3.5320594705847173,300,,,,,,,,
4,1016,Stationary Skew-t Neural Model,0.4917124363288849,0.402494525121209,0.278483460796934,0.9375,2.0216574925342954,6.054923307000081,500,1,1811.146753569565,1856.522451654517,104.86903996874544,-0.3010520558137161,-0.0001621591247363,0.0564868148377559,620.3470608767393,2521.018700702449,300,,,,,,,,
4,1017,Gaussian Neural Model,0.2950568360181394,0.1811962463551972,0.1486217959958005,1.0,1.396254384415623,2.6837915020000764,500,1,1637.4401118883818,1667.073990683064,30.390631553811996,-0.2637540635638471,-0.0001582137715769,0.0182299236408575,264.3912277106118,868.3697299246877,300,,,,,,,,
4,1017,Proposed Adaptive NSST-BNF,0.2975294478160338,0.1892936384060471,0.132907023269681,1.0,1.2037303672123567,16.571828940999694,800,1,2241.0837174590065,2271.9237519312014,29.554301301057404,-0.270430918351165,-0.0001190316876265,0.0130084917136569,154.85852806555909,578.467292059984,300,1.5364686354157793,-0.0490948037614884,0.713346589228567,-0.0261730087667402,0.895444837498704,-3.3050356427024807,0.7226672203186975,0.5803659432922182
4,1017,Sparse Variational GP,0.2842901971353549,0.213139903058819,0.1743390433379541,1.0,1.898030966680271,1.67866593299982,600,1,64.04844372070116,64.93399177362538,0.7187659858722637,-0.0080434833645029,-0.0001238716910019,0.0110691791192821,60.65852811421647,99.71820691336764,300,,,,,,,,
4,1017,Stationary Skew-t Neural Model,0.3096024143238585,0.1918543196792137,0.1580144797981902,1.0,1.4355648184946006,3.875227728000027,500,1,1662.172281902789,1692.813815118678,37.807263324602125,-0.2660912904153384,-0.0001571887516741,0.0223339761212614,259.26075212155774,1204.90483525172,300,,,,,,,,
4,1018,Gaussian Neural Model,0.5597648848081773,0.4369778052139081,0.3113741180612177,0.75,1.294737907563333,2.959208005999926,600,1,1581.5209886271196,1609.293610171016,67.04671524832155,-0.1052182511358902,-6.53816373040274e-05,0.0416622018658214,215.15504312240196,870.658312086795,300,,,,,,,,
4,1018,Proposed Adaptive NSST-BNF,0.5477671252673548,0.4307235922766341,0.2868527076296836,1.0,2.584501048242558,16.03470612199999,800,1,2406.403693621231,2249.7464070314377,32.14129988185617,-0.2228344826148495,-9.90487114096036e-05,0.0142866323872773,71.44979271965332,506.8980688260524,300,1.3815883088753134,-0.0002519897564441,0.6725973868227465,-0.0001168750379423,0.9786012449696162,-3.487554376076626,0.8245818951973951,0.5429238783800793
4,1018,Sparse Variational GP,0.6244078817975401,0.5226597788867163,0.3453375764103665,1.0,2.846827079238345,2.6174280550001185,600,1,90.96014464103804,92.13177097987946,0.937160817704347,-0.0104386066555,-0.0001133008357972,0.0101719613954778,24.52080410390016,76.96334094606806,300,,,,,,,,
4,1018,Stationary Skew-t Neural Model,0.5429154720068775,0.4310634682684675,0.3098897651625415,0.75,1.261323870935038,5.346727005000048,600,0,1587.1224653404088,1629.9502250109597,85.14321752078754,-0.0743981770496672,-4.5644447240201415e-05,0.0522366979152476,265.9271142774352,1131.6921867836347,300,,,,,,,,
4,1019,Gaussian Neural Model,0.1111595471875201,0.0883739173960122,0.0970599334878725,1.0,1.417592576584762,2.864728398000125,500,1,1721.6999160796097,1742.6934624369296,40.23252004796827,-0.2202899631716727,-0.0001264077520917,0.0230864009736447,367.0166655202548,1527.7825528058015,300,,,,,,,,
4,1019,Proposed Adaptive NSST-BNF,0.1087885582711663,0.0862702219235602,0.0642110782980234,1.0,0.808170854219278,13.29152962399985,700,1,2420.840892604196,2412.9180656980056,67.3226492087516,-0.2848305799873903,-0.0001180440330886,0.0279009263372051,333.0426787250896,1614.7894995569466,300,1.5263843529090553,-0.0017402960603636,0.7022264746027098,-0.0095950536789684,0.7998204885225565,-3.433371538407953,0.6905032930745207,0.606229832023728
4,1019,Sparse Variational GP,0.2055377560391097,0.1803768465154215,0.1193061427576095,1.0,1.0000289732903047,2.530799510000179,900,1,30.41675393532435,31.114143748671875,0.6549913906454026,-0.0072430857578256,-0.0002327907788924,0.0210512426739476,2.483021191195287,3.575954911052155,300,,,,,,,,
4,1019,Stationary Skew-t Neural Model,0.1146440662966559,0.0902411332960676,0.1001078352713773,1.0,1.4069051246577584,4.205600888999925,500,1,1731.249843572366,1748.702346508881,55.566914539732416,-0.2700415961284784,-0.0001544239914057,0.0317760850785535,322.19771989889125,1623.7051146297774,300,,,,,,,,
4,1020,Gaussian Neural Model,0.3442153464022189,0.2498834547595845,0.1834359411033572,0.9375,1.3550206560660545,3.208770634000075,600,0,1584.926107502579,1624.0414781874597,139.4213587818941,-0.1459250933225353,-8.98530581161003e-05,0.0858483977499747,257.283388520284,1440.6850283317615,300,,,,,,,,
4,1020,Proposed Adaptive NSST-BNF,0.3164988033863423,0.228792059555857,0.1864465483389785,1.0,2.2530410211301968,11.134248341999864,800,1,2217.6028322545653,2254.890622102183,45.48556263730857,-0.2130988247983471,-9.450517143030198e-05,0.0201719596469399,75.20658356478988,502.0722564995347,300,1.490847810281002,-5.502926598577318e-05,0.6851451241440853,-0.0005658660996534,0.9225042147931788,-5.158184525009036,0.816864353043564,0.5509145489624648
4,1020,Sparse Variational GP,0.4722783459226587,0.3766031967222448,0.2767610619560203,1.0,2.107598724477284,2.201981342999943,700,1,78.5229331326751,79.46420160821114,0.6775671370853562,-0.007662071525789,-9.64216763111253e-05,0.0085266965925865,4.872722266698682,132.6229852841791,300,,,,,,,,
4,1020,Stationary Skew-t Neural Model,0.3379427415924111,0.2493732673469962,0.1825941264755804,0.9375,1.3821679251535364,5.700460696999926,600,0,1612.9255679257565,1660.8842219059363,93.1404889035496,-0.0763985029745919,-4.599869272460261e-05,0.0560788570781091,224.50633387737685,1559.5924138599937,300,,,,,,,,
4,1021,Gaussian Neural Model,0.3233657192356134,0.2407136515431584,0.1884677349539442,1.0,1.6725223212898013,5.017620742999952,600,0,1933.132404946445,1998.52196945154,131.56309871535703,-0.0675810744571972,-3.3815527419868034e-05,0.0658301988801565,1761.7732296470751,8900.586757500843,300,,,,,,,,
4,1021,Proposed Adaptive NSST-BNF,0.2702935506182756,0.1887293298254551,0.1487310342841976,1.0,1.496301745367441,14.69687755699988,800,1,2593.5415586542267,2636.958039622885,72.52482810638686,-0.3052166238067591,-0.0001157457264092,0.0275032165914777,670.8363465944681,2942.6951859118158,300,1.4549710874955843,-0.0002433495480878,0.6769510625687318,-0.0012898121168158,0.9243947760914182,-5.179058356593194,0.7751342958881255,0.6175228841933237
4,1021,Sparse Variational GP,0.2480012446209086,0.1892383290532504,0.1431967073594611,1.0,1.3375348443257062,2.609672997999951,700,1,54.37274899839549,55.36692943120898,0.8209967125393202,-0.0090021603801964,-0.0001625909269789,0.0148282868667903,4.794534636612582,83.10020399986367,300,,,,,,,,
4,1021,Stationary Skew-t Neural Model,0.3202895219662062,0.2426365770765451,0.1785298830212158,1.0,1.6276252745402362,7.27672903299981,600,0,1861.5540896864616,1877.444030479842,68.78696491629137,-0.1407007306218773,-7.494270313129741e-05,0.0366386234686903,737.6757559856385,3234.8622637182543,300,,,,,,,,
4,1022,Gaussian Neural Model,0.4597731776891449,0.3740069051923301,0.2586557589579622,0.9375,1.895623810311713,4.00984690300038,600,0,1740.5453432501745,1722.7422987404188,102.96029419391536,-0.0315811811306003,-1.8331924138445345e-05,0.0597653486938787,273.8170571033935,1524.5532820190526,300,,,,,,,,
4,1022,Proposed Adaptive NSST-BNF,0.4864551240027518,0.4054195028921909,0.3058010655853328,1.0,2.954992255098678,14.201473418000203,800,1,2276.7094361314494,2311.4958581713827,40.15178401665229,-0.2504849760797551,-0.0001083648820716,0.0173704762977236,80.10486427015246,554.7651487895799,300,1.4066513344269225,-3.323419344214429e-05,0.6546943744718591,-9.273878106474952e-05,0.9749080191848774,-4.233502811090018,0.8314114034767728,0.5320869139984781
4,1022,Sparse Variational GP,0.4815905774697082,0.3713960935306457,0.3028071930151543,1.0,3.477799775032879,3.0179977869997856,800,1,110.0352259229075,111.59448594430752,1.1404844008401354,-0.0130079507861192,-0.0001165644581454,0.010219899228796,2.981064483603488,84.2882570205167,300,,,,,,,,
4,1022,Stationary Skew-t Neural Model,0.4508613209332789,0.3779256891403647,0.2597055050983536,0.9375,1.831649070930093,5.977360321000106,600,0,1644.6675394303068,1700.4134879418891,91.32944044751464,-0.1286248653727169,-7.564328693275606e-05,0.0537101364433753,305.69929067645865,1480.2906692722745,300,,,,,,,,
4,1023,Gaussian Neural Model,0.3276185235221991,0.2111237400475268,0.1751286302639101,1.0,1.7633538367683548,4.287081406000198,600,1,1744.253045686263,1747.1802064203048,49.5712464932252,-0.137113332586067,-7.847692646827223e-05,0.0283721429026424,204.65640286447024,962.6483391851606,300,,,,,,,,
4,1023,Proposed Adaptive NSST-BNF,0.271445096125715,0.1957623563055742,0.1718026366191705,1.0,2.380039464751561,15.22638906999964,700,1,2352.6875024909896,2380.4831129734607,48.831466178474265,-0.3186983030094229,-0.0001338796739504,0.0205132588054694,131.54010471639992,628.2685376656495,300,1.3053303618012426,-0.0062803346714492,0.6436389270975361,-0.0078428463080184,0.9054169951449176,-2.932848900861244,0.7782697370237333,0.534110624213965
4,1023,Sparse Variational GP,0.6032758944985714,0.3548800573104462,0.3000460207031238,0.875,1.874337054342912,4.233312156000011,900,1,70.67344641143814,71.59135290884633,0.7709623493876845,-0.0085324924236555,-0.0001191832822955,0.0107689311357099,10.10218627500206,63.68418923935536,300,,,,,,,,
4,1023,Stationary Skew-t Neural Model,0.3370188370293122,0.2173747482113802,0.1816094706987035,1.0,1.8007231960784131,6.104174917000364,600,1,1720.2159662740232,1755.4788044746274,46.99590156052771,-0.1702106188567114,-9.695965478070884e-05,0.0267709877446184,198.4463473180004,989.549733787629,300,,,,,,,,
4,1024,Gaussian Neural Model,0.3914288236223787,0.2512129062744577,0.2079147674482197,0.9375,1.8175728694844853,4.691298025999913,500,1,1820.0147902821384,1812.144748614684,41.22890869205396,-0.315803453633329,-0.0001742705453715,0.0227514434062576,278.9254356713477,960.9438697394808,300,,,,,,,,
4,1024,Proposed Adaptive NSST-BNF,0.3661662502779951,0.2181442063917944,0.1641494856875991,1.0,1.1860061859397355,15.149370907000048,800,1,2362.826356817361,2391.896389450915,29.393480525581623,-0.2956303204563562,-0.0001235966247368,0.0122887766607353,154.4876765749579,521.4785646454208,300,1.43800370385903,-0.0017084360910883,0.6752959359386879,-0.001890396579014,0.9129961415566892,-4.019270671783579,0.7675876454808064,0.5687164241110331
4,1024,Sparse Variational GP,0.5052885798737571,0.3289848923554695,0.243714295789173,1.0,1.9243837114820477,2.41767905100005,600,1,75.76477409659424,77.5285666558576,1.76823981006802,-0.019358944850508,-0.0002497007965649,0.0228075906254923,5.165225520131719,46.51137528578722,300,,,,,,,,
4,1024,Stationary Skew-t Neural Model,0.4411297226658865,0.2781636977505323,0.2348058648562,0.9375,1.834791953114364,5.022564468999917,400,1,1789.8036200240813,1862.068731807033,73.52946586008956,-0.6761047717295715,-0.0003630933489084,0.0394880514366047,321.9639412197743,1739.096664128505,251,,,,,,,,
4,1025,Gaussian Neural Model,0.6131955394435709,0.4882064915388384,0.3521839896363768,0.9375,2.0157264065781635,4.119239942000149,600,0,1715.5142496670392,1760.0017646032984,81.18354279047415,-0.0933404998757853,-5.3034321756389857e-05,0.0461269667015207,337.713023793464,1658.327281301824,300,,,,,,,,
4,1025,Proposed Adaptive NSST-BNF,0.5829837797909423,0.4519064519864735,0.3335843187543492,1.0,2.435041316887421,14.225852582999778,800,1,2366.6317371434016,2399.6057432088783,41.99175010004466,-0.2661239094883104,-0.0001109031807585,0.0174994372383402,139.2698778499769,721.7138358567288,300,1.5246300521895222,-0.0509815260592732,0.7020252373058695,-0.058946418951884,0.9649387063454437,-3.816158876526785,0.7992055052776653,0.5807492930061243
4,1025,Sparse Variational GP,0.7186471032533142,0.4899337356199856,0.3725990158586814,1.0,2.9411307483190243,2.791782864999732,700,1,97.21851253346968,98.75495797321923,1.1605177426372355,-0.0129405901688013,-0.0001310373720407,0.0117514883956706,4.996910028438782,120.96379496932344,300,,,,,,,,
4,1025,Stationary Skew-t Neural Model,0.5953142775062749,0.4718354363094041,0.3429907955823864,0.9375,2.00076550896478,7.043236475999947,600,0,1734.3541434621864,1773.8437964915745,58.31364090249069,-0.1291736997680105,-7.282134989760583e-05,0.0328741690885224,290.1809574798733,1498.76493910956,300,,,,,,,,
4,1026,Gaussian Neural Model,0.22509061756175,0.169002345816157,0.1724655023132867,1.0,2.308456351276001,5.398899905000235,600,1,1773.3791246762903,1798.8648463648724,48.72326976782523,-0.1199433063240086,-6.667721956231943e-05,0.0270855644693289,475.5993448703899,1818.886967317747,300,,,,,,,,
4,1026,Proposed Adaptive NSST-BNF,0.2095674753141202,0.1581472593939829,0.1702838818913239,1.0,2.558113563519216,13.02830908199985,800,1,2382.541897453458,2422.489934432412,41.52579043363514,-0.2238240946032778,-9.23942310025406e-05,0.0171417803819955,339.04837845661814,1327.1715979831763,300,1.5151744698831022,-0.0016974581853634,0.6719096865203041,-0.0056878257589614,0.962485891870012,-3.613417296615849,0.7655013084402279,0.5393839810653109
4,1026,Sparse Variational GP,0.5469310184333225,0.4565153192209581,0.3126746705875072,0.9375,2.267170811051621,3.674020430999917,900,1,76.67809966266897,77.50842740382416,0.7346798856961166,-0.0081804527949442,-0.0001055427528199,0.0094787097391148,2.537212477957915,53.60362462010593,300,,,,,,,,
4,1026,Stationary Skew-t Neural Model,0.2422793135053663,0.1773403062529989,0.1777770750393699,1.0,2.3960397190936007,5.6494616579998365,500,1,1779.2183862276534,1836.233808540112,58.83123623409701,-0.2724835899905589,-0.0001483926440757,0.0320390769195511,667.1411338878443,2745.6228637297177,300,,,,,,,,
4,1027,Gaussian Neural Model,0.8063306348547593,0.5193697001036961,0.3861287326921214,0.875,1.5982024887438464,3.925721909000004,600,0,1628.12628544085,1693.4030379195178,105.89229851526034,-0.2556608312702688,-0.0001509745911312,0.0625322478725191,266.6815129240016,1537.5810478233636,300,,,,,,,,
4,1027,Proposed Adaptive NSST-BNF,0.6781870764960503,0.4496878340385816,0.3204507132285426,1.0,2.740765521303913,14.16275997699995,800,1,2211.8524705917425,2244.6663533701094,44.02310973858368,-0.2967605232500571,-0.0001322069637674,0.0196123177382188,88.38290124513107,518.9308393981444,300,1.5412956748412645,-0.0284341451628351,0.707095004779082,-0.0352388978356335,0.900916069823658,-4.286110446395849,0.7869285474265504,0.5724720791899967
4,1027,Sparse Variational GP,0.6264759289664492,0.4339515601065273,0.3420986812848627,1.0,3.126316593217893,2.545347003000188,700,1,98.51879238226702,99.7532439484892,1.0087741920559092,-0.0110553707204243,-0.0001108271799775,0.0101126956089449,4.606793198583082,96.49807917547224,300,,,,,,,,
4,1027,Stationary Skew-t Neural Model,0.7857857613250974,0.503830020224598,0.3749641915279135,0.875,1.644768568807681,5.955169973000011,600,0,1879.3866793203208,1735.3121043309643,118.82127196659388,-0.0174754862907503,-1.0070514835420816e-05,0.0684725656382166,359.07969975433525,2005.457243702083,300,,,,,,,,
4,1028,Gaussian Neural Model,0.2645285383216063,0.2108521174799869,0.160449944219685,1.0,1.7749003476248142,4.545803520999925,600,0,1759.9249633656066,1766.6899195367928,67.35927048647349,-0.1550539971881885,-8.776525833624612e-05,0.0381273871218636,457.1506244426972,1902.0759861703184,300,,,,,,,,
4,1028,Proposed Adaptive NSST-BNF,0.243704205167979,0.193035752868431,0.1258663900220152,0.875,0.9397493589050768,19.03343218500004,800,1,2373.1581051908624,2408.745928723385,36.19022987620612,-0.2417052846852632,-0.0001003448648539,0.0150245110721937,308.8721197310365,1235.8626299390871,300,1.5736036532842264,-0.0677614695898676,0.6970362110884845,-0.0515934474201491,0.8806253709458987,-3.634657274529976,0.7002112778143464,0.6675677271609757
4,1028,Sparse Variational GP,0.1913346203611808,0.1384504880010513,0.1056414511585067,1.0,1.2241109503668894,4.313268573999721,1000,0,46.21851750164311,47.352406825477495,0.7696879657091404,-0.0087304917347839,-0.0001843727134496,0.0162544634435561,6.107302943985663,151.34764112116585,300,,,,,,,,
4,1028,Stationary Skew-t Neural Model,0.2766704751973908,0.2111689577136595,0.1672161180087145,1.0,1.8365580127137395,6.812120913999934,600,1,1774.8013129668811,1773.315382349739,67.01128150503577,-0.1674562074114149,-9.443114805079193e-05,0.0377886991631698,511.0927346653169,1976.0491318892448,300,,,,,,,,
4,1029,Gaussian Neural Model,0.7091747072277491,0.4828784772647999,0.3707529682191839,0.875,2.244739084420764,4.927388269999938,600,0,2277.6393300470604,2078.672827817638,157.2102668157252,-0.3121193034645303,-0.000150153164696,0.0756301158661786,1160.3460963719592,5656.436449354405,300,,,,,,,,
4,1029,Proposed Adaptive NSST-BNF,0.6498363827712488,0.48100690420915,0.3289157786712475,0.9375,1.964420774622133,11.689041708999866,600,1,2561.8049894765745,2680.5355669599367,134.0297270139814,-1.018030741271434,-0.0003797863209948,0.0500011000286736,448.5001846346692,2183.714204778817,300,1.437026786166168,-0.0095956113079871,0.6622875780584518,-0.0183545606887987,0.9244552976719492,-4.09915266301986,0.8143578748930477,0.5441323961224775
4,1029,Sparse Variational GP,0.5561212129497818,0.4606895260683727,0.3182340316919282,1.0,2.8690333499007923,2.35016861899976,600,1,93.65731372103832,95.30933490784928,1.5102958168247202,-0.0166553986163254,-0.0001747509688576,0.0158462528175749,74.18110701339211,121.34559394927136,300,,,,,,,,
4,1029,Stationary Skew-t Neural Model,0.7260852503936035,0.4971909859479382,0.3802362379426835,0.875,2.2704144681559395,8.008246780999798,600,0,1997.77863878112,2071.897169683048,117.59496481978395,-0.1852779581781743,-8.942430198237951e-05,0.0567571434241464,1119.9486069725954,4909.303827366765,300,,,,,,,,
4,1030,Gaussian Neural Model,0.5088305672519156,0.3775423833405943,0.2687127257242152,0.9375,1.5506100020037437,3.2978824550000354,500,1,1590.4889531684787,1607.8540754105036,58.87259861198868,-0.3145433685720185,-0.0001956293008068,0.0366156354064393,204.97553428245303,745.6550010839755,300,,,,,,,,
4,1030,Proposed Adaptive NSST-BNF,0.4712307149007888,0.3644925946653731,0.2498740348150154,1.0,2.2183178738420404,12.816730548000123,700,1,2201.172515774153,2245.063021167626,38.50035948920362,-0.2911944999681842,-0.0001297043767692,0.0171488992185083,111.84340508410916,471.9657431901055,300,1.5413598403727458,-0.0194861628184059,0.7099475892953911,-0.0466317222559176,0.8774783750844165,-3.761796539987431,0.7414023717126252,0.6051056689111574
4,1030,Sparse Variational GP,0.4328034345701833,0.3500230197233833,0.2374949139462939,1.0,1.9107825901699436,3.690761440000188,900,1,61.626431584163925,62.22628302916569,0.5357135465447761,-0.0059724301630095,-9.597922087376116e-05,0.0086091201413022,2.676138699626424,7.06103004314097,300,,,,,,,,
4,1030,Stationary Skew-t Neural Model,0.4858888342061473,0.3800066893328714,0.2645822522316005,1.0,1.6655487991816007,5.649655001000156,600,1,1568.3892061880165,1594.2201537713172,39.36584469024651,-0.1464621818350222,-9.187073785797306e-05,0.0246928534914841,167.33262922690275,833.5941959997748,300,,,,,,,,
4,1031,Gaussian Neural Model,0.3228314306116062,0.2668337958669359,0.1889792079664467,0.875,1.2054178053482143,4.062591505,500,1,1649.9329998250896,1686.1012282965764,39.005428666574986,-0.2444363131139316,-0.000144971315489,0.0231335035002501,241.1044502076764,1032.3586355014638,300,,,,,,,,
4,1031,Proposed Adaptive NSST-BNF,0.2902238573099946,0.2309447238352426,0.1723836889185217,1.0,1.4215094933067796,13.303255774000265,800,1,2273.284952537416,2304.784860406945,29.08347586615689,-0.2343843737339416,-0.0001016946864587,0.0126187378118327,155.2001477738806,576.7841462447335,300,1.3999541420287491,-8.303450059665707e-05,0.6434306543239793,-0.0020834674020777,0.8658498424312926,-3.5278068767233703,0.7181520587373725,0.6230951928666858
4,1031,Sparse Variational GP,0.3871556174618537,0.3268866441657236,0.2266555739698388,1.0,1.719241153417439,3.262398562000272,800,1,64.99971055828802,65.92031477209218,0.6621664326012107,-0.0075566161974195,-0.000114632586685,0.0100449525292851,12.040602644323243,77.62168207730902,300,,,,,,,,
4,1031,Stationary Skew-t Neural Model,0.3074652565868531,0.2525897398916759,0.1768664108660574,1.0,1.2932202487130475,5.5345163570000295,500,1,1673.1376191080346,1713.844656387214,43.81992369203443,-0.3027992295782275,-0.0001766783403908,0.0255682004367927,268.5666962982453,1126.89615409082,300,,,,,,,,
4,1032,Gaussian Neural Model,0.4869826374538064,0.2799115614457055,0.20162342297722,0.875,1.0345755402026968,4.075902365999809,600,1,1531.7942892649344,1564.7909363447231,61.60496951409425,-0.1317097665615874,-8.41708393769554e-05,0.039369457020246,119.62444861414215,899.1298923425406,300,,,,,,,,
4,1032,Proposed Adaptive NSST-BNF,0.5180532664702376,0.2712229901382534,0.1984695779513128,1.0,1.6977739960439042,14.678084364999904,800,1,2188.4259707352744,2221.685435151905,33.946540558077494,-0.2345199920958355,-0.0001055594947805,0.0152796341106482,81.32785144190365,331.1545174553965,300,1.4990717657425658,-0.0456421062384926,0.7356489335175558,-0.0738657101727704,0.8896376309903237,-4.345792221097867,0.7763368410343479,0.6552144557073508
4,1032,Sparse Variational GP,0.4879952050764803,0.328297194561392,0.2340332523848832,1.0,1.8747792391015987,3.2060754079998333,900,1,72.37289100057329,73.47921142116938,0.9596691628128188,-0.0106641766233796,-0.000145131887198,0.0130604172833613,47.64163000408367,163.5477977069425,300,,,,,,,,
4,1032,Stationary Skew-t Neural Model,0.4791381255220118,0.2776049171290365,0.1976350384428821,0.875,1.084336678703768,6.221831160999955,500,1,1542.734277303889,1569.116059964755,55.78460289783299,-0.2753485154021213,-0.0001754800186088,0.0355516104392469,124.93318009736458,625.8661527104782,300,,,,,,,,
4,1033,Gaussian Neural Model,0.5767579613554571,0.4519184944807303,0.2959525845893753,1.0,1.9074281921227776,4.07110246000002,600,0,1915.9435390577885,1939.315107661428,140.59954237700666,-0.1434253513452755,-7.395670295077965e-05,0.0724995859731903,672.6280598830559,3406.167064031039,300,,,,,,,,
4,1033,Proposed Adaptive NSST-BNF,0.5545062004162443,0.4387434800556146,0.301805403817823,1.0,2.6661486857669834,14.426562362999904,800,1,2499.095263818396,2543.3035368530577,48.54642115920237,-0.2630794866254511,-0.0001034400663599,0.0190879383666768,327.64690828804146,1369.6844501565115,300,1.4470139511378364,-0.0183005032276628,0.6579126708482144,-0.0030863653694948,0.9334441608261372,-4.322321683711363,0.7972600386922215,0.5547482201041614
4,1033,Sparse Variational GP,0.8338105701301345,0.6516615724896035,0.4591944386698405,0.9375,3.3500683146882824,4.097144287999981,800,1,110.91488895198084,112.9157209414976,1.5503748010108325,-0.0172916572295408,-0.0001531377303829,0.0137303715380259,218.74392654291265,308.83689029314934,300,,,,,,,,
4,1033,Stationary Skew-t Neural Model,0.497291898726357,0.3516707018625372,0.2652962119024982,0.875,1.7538674828451857,8.331810362999931,600,0,1935.70696153506,1956.9713378522029,106.8839415655341,-0.1255748644974632,-6.416796305012977e-05,0.0546170194208568,704.4565711010252,3264.6510501602984,300,,,,,,,,
4,1034,Gaussian Neural Model,0.2571822812332828,0.1843277675498549,0.1307955001016839,1.0,1.2865365269652635,3.7525165820002258,500,1,1603.693770425957,1640.203123843095,34.32238793481434,-0.2749515154517398,-0.0001676326007766,0.020925693553366,205.7970468551215,824.3139778493517,300,,,,,,,,
4,1034,Proposed Adaptive NSST-BNF,0.2238684120748466,0.1530309049938998,0.1108116404118401,1.0,1.3613609219480685,12.8050502279998,800,1,2250.975335601277,2283.220884739654,32.30957177522795,-0.2358776040426802,-0.000103309147888,0.0141508743158295,154.69108888755954,951.332806731196,300,1.5241468137494347,-0.0075873416592282,0.7188614479011128,-0.019000879714774,0.783284645936317,-2.8383244933307807,0.6922569130544773,0.6340839910105843
4,1034,Sparse Variational GP,0.3259966477530419,0.1822789351756899,0.1416573602249906,0.9375,0.8950229756753897,5.26300092099973,1000,0,22.815652789482662,24.32476990975958,1.252907718722322,-0.0135710115244531,-0.0005579091426064,0.0515074848958624,7.414310504061767,69.54568935527483,300,,,,,,,,
4,1034,Stationary Skew-t Neural Model,0.2771001345016961,0.1878763905226334,0.1324215417705568,1.0,1.3201869558507564,6.987102568999944,600,1,1608.1442051731883,1623.9700068419263,27.202931242465148,-0.1066588281501985,-6.56778313028169e-05,0.0167508827920816,156.2707753678186,856.7665327694837,300,,,,,,,,
4,1035,Gaussian Neural Model,0.3894854733342522,0.2941164208145809,0.2052581339019472,1.0,1.630936860052191,4.094181409000157,500,1,1751.9791647269735,1780.8244238009024,55.276001886823686,-0.2869178261166614,-0.0001611151679424,0.0310395573803089,335.9697566966588,1758.7133657185225,300,,,,,,,,
4,1035,Proposed Adaptive NSST-BNF,0.3206230674937232,0.2362804971469056,0.1748383091804814,1.0,1.6004332772100347,14.334894838999844,800,1,2350.619864490351,2387.764409676531,35.45169966573353,-0.2622045943625917,-0.0001098117524911,0.0148472351468443,214.64623555931368,1113.0246967399544,300,1.5173375143049488,-0.0084344848804762,0.699074637509541,-0.0017050695117699,0.8955577325646984,-3.3878231889552515,0.7288194346211053,0.5892538880096982
4,1035,Sparse Variational GP,0.3174915557289444,0.2650966315476316,0.1863072166125964,0.9375,1.4258365021540875,3.179589771999872,800,1,44.679264633508296,45.2902160097675,0.4118920706985037,-0.0047153137181071,-0.0001041132971653,0.009094504442409,1.5663015059328764,12.907767233040866,300,,,,,,,,
4,1035,Stationary Skew-t Neural Model,0.3441318561083704,0.2656316460573477,0.1908536659035096,1.0,1.6605467642736855,5.860426901999745,500,1,1732.6068555474606,1767.6058994429725,32.25695936927795,-0.2630872021785753,-0.0001488381557571,0.0182489543508782,330.42874615856846,1299.093118082194,300,,,,,,,,
4,1036,Gaussian Neural Model,0.1620733425270614,0.13535209268256,0.1280853954207362,1.0,1.856007916980544,3.649802100000216,500,1,1717.3713204126454,1754.624007912859,44.577818762750034,-0.3170271253506586,-0.0001806809458442,0.0254059095063766,267.2370339840604,1032.2920335804654,300,,,,,,,,
4,1036,Proposed Adaptive NSST-BNF,0.1965834972922004,0.1550324180251844,0.1031160016475328,1.0,1.215652894165535,13.442799131999893,800,1,2311.299546655359,2326.2998089368266,35.646114236393274,-0.2550770840110191,-0.0001096492735076,0.015323095544028,145.1574681832344,562.6608419185762,300,1.4939061563950935,-0.027737028321995,0.6879738781942895,-0.0221826682243311,0.8937737325753533,-3.089765271841517,0.7253445794842829,0.5796699648189783
4,1036,Sparse Variational GP,0.2991899068468457,0.2102873027035334,0.1652757813625418,0.9375,1.2079106817104917,3.9927423799999815,900,1,43.466285997349374,44.05977895364533,0.5496593570516446,-0.0060592893949641,-0.000137524280395,0.0124753090030233,2.725842532661582,31.150483151788837,300,,,,,,,,
4,1036,Stationary Skew-t Neural Model,0.1621607026007243,0.1331841036875716,0.1334588161312174,1.0,1.82550351543368,6.662193037999714,600,1,1712.651768937815,1736.2855429677538,25.22981704947624,-0.1240000873030502,-7.141687483678661e-05,0.0145309146595507,241.1718558076842,879.608472464703,300,,,,,,,,
4,1037,Gaussian Neural Model,0.3944004000853135,0.3065444620424781,0.2282749809090404,1.0,2.231939668777628,4.952933118000146,500,1,1778.3193020751453,1831.587419315946,68.97650250256568,-0.3243930062814733,-0.0001771103048975,0.037659410506503,331.5128275985544,1419.3875268685883,300,,,,,,,,
4,1037,Proposed Adaptive NSST-BNF,0.37283881393823,0.2933809628271316,0.213084177828857,1.0,2.0334044218953453,15.071782563999932,800,1,2364.125347612749,2403.8726716278206,38.26776284076684,-0.2689293703949525,-0.0001118733839645,0.0159192137305896,152.0202743299886,658.9959123027481,300,1.564257754896823,-0.0185769065041381,0.7268901875694113,-0.0120130925760879,0.9724482520943714,-4.118054607944307,0.8016405952058961,0.5694492630130094
4,1037,Sparse Variational GP,0.5393244856456436,0.472897613045809,0.308554115670186,1.0,2.2086269344910736,3.715314587999728,900,1,78.90841265086036,79.65316056517402,0.6215654698318682,-0.0070040284511801,-8.793158239401239e-05,0.0078033999582889,2.427162015056439,8.189515007373767,300,,,,,,,,
4,1037,Stationary Skew-t Neural Model,0.3791284808932146,0.3067373408485577,0.2199810565515342,1.0,2.1972971219399016,7.956897515000037,600,0,1775.7520844437415,1811.3789934053789,67.85240526653209,-0.0630427128277804,-3.480371201018545e-05,0.0374589776703604,405.09368555718805,1866.790286078292,300,,,,,,,,
4,1038,Gaussian Neural Model,0.3257460278750292,0.2439510598845234,0.1769860390610987,1.0,1.625539905720902,3.8133448159996983,600,1,1749.49433422305,1758.9850034927306,45.25906124930145,-0.1415860111446476,-8.049301777076392e-05,0.025730214390363,285.0413932832904,1000.6043388967594,300,,,,,,,,
4,1038,Proposed Adaptive NSST-BNF,0.3379066071688682,0.2571798967584518,0.1802413468409447,0.9375,1.963331788481011,13.438312214999767,800,1,2269.617999241073,2299.010309241193,32.442002912095184,-0.277017686999178,-0.0001204943213545,0.0141112907504981,142.4646039545387,537.539928695137,300,1.4268906446844636,-0.0348129177994138,0.6941807653786994,-0.0093240515038002,0.9568735633983876,-4.312386785428553,0.7756450603077972,0.5929296720270744
4,1038,Sparse Variational GP,0.4137705960976269,0.3489101164296083,0.2262243680523751,1.0,2.0671281978210705,2.904938857000161,600,1,69.43794352118069,70.49734649341508,0.8723076278939635,-0.0096118068720091,-0.0001363428178521,0.0123736235657526,69.53486025815822,130.76899728467345,300,,,,,,,,
4,1038,Stationary Skew-t Neural Model,0.33093590929938,0.2419862035696448,0.1746993460511803,1.0,1.591614138397846,5.949596387999918,600,1,1718.209539553843,1750.680797509122,33.37187969665794,-0.1605928437858453,-9.173165320276407e-05,0.0190622298160462,296.0631005630745,1319.1024662650182,300,,,,,,,,
4,1039,Gaussian Neural Model,0.6265309624273951,0.4342835432333874,0.3163400318786098,0.9375,1.9096838043309792,4.203838676000032,500,1,1719.2274776802556,1747.4568036670105,56.91767232904567,-0.3023643893671403,-0.0001730311094,0.0325717192033615,398.05887065696015,1614.1091977387882,300,,,,,,,,
4,1039,Proposed Adaptive NSST-BNF,0.6319699445408999,0.4071975694388013,0.2765488090842768,0.9375,1.950512814847703,15.2981247849998,800,1,2356.281412589318,2365.935473375779,44.75851438899548,-0.2497203131487547,-0.0001055482349197,0.0189178931093724,205.8277766309107,809.7535782542201,300,1.5629175129543469,-0.0130808000271263,0.7368965810556213,-0.0111853190029247,0.9184501717668764,-4.060170121035191,0.7649822284723954,0.6082009036289928
4,1039,Sparse Variational GP,0.5869756247906599,0.3523323532279793,0.2824296426216614,0.9375,2.055800489417484,3.5142777649998607,900,1,75.70144299536656,76.52521570919819,0.5977570372263216,-0.0067955367701928,-8.8801275595437e-05,0.0078112427607892,93.31467023399588,196.60058328457697,300,,,,,,,,
4,1039,Stationary Skew-t Neural Model,0.6286034786416915,0.4366620547134541,0.3161673565207616,0.9375,1.866879062224022,8.807203467999898,600,0,1719.9056469736029,1747.5559616150958,78.6593368003742,-0.1841434842672577,-0.0001053720100025,0.0450110545974602,379.4154211188145,1576.823182371324,300,,,,,,,,
4,1040,Gaussian Neural Model,0.4756543094902067,0.2845586016713634,0.2243995699444941,0.9375,1.7167799396368004,3.930584503999853,500,1,1548.3659225391782,1574.0778185535123,25.579052566884567,-0.2490853986562047,-0.0001582421121244,0.0162501829740477,177.8591678159966,703.420151812699,300,,,,,,,,
4,1040,Proposed Adaptive NSST-BNF,0.4335491447420268,0.2878407440692372,0.1902179658476467,1.0,1.7231211307952026,13.579882266999904,800,1,2201.1066393003152,2222.08089162294,30.17412912806091,-0.2416545821783843,-0.0001087514784405,0.0135792217294225,105.478224965177,372.24173616693474,300,1.4461025079049787,-0.0081650359010194,0.6884051240308412,-0.0052192229408691,0.9685187218053004,-4.243148306088367,0.7305870960601428,0.5881989487939602
4,1040,Sparse Variational GP,0.2722347704458674,0.2001841488781358,0.1618408118682239,1.0,1.8338863029121384,2.901797523999903,1000,1,67.42790237458416,68.54940204565835,0.7821305165145271,-0.0088255276924593,-0.0001287469683044,0.0114097350695133,7.28430054039581,149.43267614352723,300,,,,,,,,
4,1040,Stationary Skew-t Neural Model,0.4967696424146974,0.3110389654250596,0.2317482893930682,0.9375,1.8060453639290048,4.328127365,500,1,1554.6157329229648,1587.0578680887131,32.22311001649212,-0.2444571126376938,-0.0001540316314565,0.0203036767999507,174.21588033992546,875.3624884811558,300,,,,,,,,
5,1001,Gaussian Neural Model,0.1625015744800517,0.116707024221351,0.1209573646802818,1.0,1.6107160598498391,47.43154624700003,500,1,1674.5055852741548,1714.227227125062,33.42578937548467,-0.2600208161094299,-0.000151683984477,0.0194990423944806,352.07057403344413,1330.3892500926804,300,,,,,,,,
5,1001,Proposed Adaptive NSST-BNF,0.1394440499632867,0.103567118371317,0.0895059116343251,1.0,1.0207222915569971,15.046938579000198,800,1,2326.3378091518885,2342.4265087857984,27.965457354777644,-0.2506338163460574,-0.0001069975153568,0.0119386701140406,211.30974879417147,807.7932558328464,300,2.1628584119595686,-0.0065907724830123,0.7868631837933926,-0.0012779977426005,1.055657282212742,-3.013793189480184,0.6829487330717354,0.5493511959619751
5,1001,Sparse Variational GP,0.2502661744718085,0.172465188226572,0.1325284139230145,0.9375,1.1786499384071445,4.245007351000027,1000,0,43.14677491988281,43.90979205090229,0.5257140093527559,-0.0059419940542529,-0.0001353227555112,0.0119725916429599,5.306844687514298,114.13861703406944,300,,,,,,,,
5,1001,Stationary Skew-t Neural Model,0.1612029785902732,0.1249586249462466,0.1213260981914999,1.0,1.6610992091421384,4.950827861999983,500,1,1742.6730399386945,1740.0141443613202,39.16389746817552,-0.2576462890553295,-0.000148071376253,0.0225078040860126,377.143622624417,1582.7688426542447,300,,,,,,,,
5,1002,Gaussian Neural Model,0.2027598628885313,0.1590289018488599,0.149981140291212,1.0,1.9491245126727992,3.85952715399992,600,1,1816.7741213937331,1836.0288709338577,41.43128187013826,-0.1142823295622125,-6.224429875336609e-05,0.0225657028198391,658.9782169900516,3262.0073033259173,300,,,,,,,,
5,1002,Proposed Adaptive NSST-BNF,0.1694808472834183,0.1323824173078773,0.1060893678196271,1.0,1.0455671812140488,16.034649141000045,800,1,2464.8551434183064,2497.0447186716387,42.93948032128082,-0.2099419909638518,-8.407618389611192e-05,0.0171961198773097,704.7516407863081,2561.057610118873,300,1.85115457679304,-0.0002031749087305,0.6846043604176764,-0.006122299728156,1.06700967772045,-4.294873360201419,0.7066185723732629,0.5494744081586377
5,1002,Sparse Variational GP,0.2403910007439811,0.1986155035483468,0.131042567872478,1.0,0.9051665310691996,3.756249325999988,900,1,29.878891837290887,30.537858077369545,0.5776829162030854,-0.0064610892708257,-0.0002115763736427,0.0189169428562891,2.4992433111820778,3.486651563083637,300,,,,,,,,
5,1002,Stationary Skew-t Neural Model,0.1477754989738608,0.1151896783188437,0.132953045571505,1.0,1.8356810489885984,4.887642242999959,500,1,1802.6097865855013,1854.4083698756767,59.32951230018351,-0.3581350483289088,-0.0001931263114137,0.0319937686131998,671.1470548092484,3363.513034175761,300,,,,,,,,
5,1003,Gaussian Neural Model,0.5834588211049015,0.4483183459187544,0.3119806936761551,0.9375,1.7590442153728392,4.263894499999992,600,0,1647.3579250010928,1681.6521453484215,62.0077228877854,-0.0743634129258903,-4.422044899807915e-05,0.0368730971261229,166.48475977297431,938.673295410483,300,,,,,,,,
5,1003,Proposed Adaptive NSST-BNF,0.5577887361723501,0.4210197099450494,0.3078623243710959,0.9375,2.4952044272077427,15.593512661000204,800,1,2222.519335237332,2256.969968375157,31.93103810463224,-0.2870096238426795,-0.0001271659028982,0.0141477461162764,79.1610291681192,298.29286922408454,300,1.9854921521335989,-0.0031568812477067,0.7275693618379392,-0.0079044653219571,1.05907052089631,-3.697982785001072,0.8232714932600436,0.4758102908733403
5,1003,Sparse Variational GP,0.5977953852153666,0.4618384334597524,0.3305154748151441,1.0,2.6750171517607404,2.2759869400000525,600,1,84.26840360497081,85.5743086939218,1.0398140178946738,-0.0116898324169394,-0.0001366044621961,0.0121510069291219,26.18349093555224,78.97408632814977,300,,,,,,,,
5,1003,Stationary Skew-t Neural Model,0.5858693171694785,0.4547634622912829,0.32111830439387,0.8125,1.76107452246316,5.755305644000032,600,0,1709.4073854607598,1675.403950330901,69.98277146959246,-0.1208811652589864,-7.215045973546365e-05,0.0417706854849963,136.8310440406945,795.6140160448771,300,,,,,,,,
5,1004,Gaussian Neural Model,0.609042531792444,0.4843829295886755,0.3313653844542439,0.9375,2.302709568653474,3.721709755999996,600,0,1829.6297211462183,1892.0431347912308,91.81815676152048,-0.2116688819642053,-0.0001118731798826,0.0485285747841323,967.4968730016974,4268.260869295113,300,,,,,,,,
5,1004,Proposed Adaptive NSST-BNF,0.5916221426685843,0.4773112096970718,0.3440181991371532,0.875,2.6440412804600544,15.418778574000044,800,1,2457.201999554013,2499.547372914058,59.55932959336597,-0.2311456348650956,-9.247499662133552e-05,0.0238280459249426,423.2939256817789,2523.7623571774025,300,2.0920076306161355,-6.974530044856486e-05,0.7432131522091404,-0.0037404705397259,1.2541617913871523,-5.060425713108328,0.8266924915555652,0.4793797286921913
5,1004,Sparse Variational GP,0.4971534888793927,0.4365166540990081,0.3024592399923098,1.0,3.0586749387499763,3.026692212999933,700,1,92.15234551774635,93.4798567823264,0.9715578265404224,-0.01078504916699,-0.0001153729748656,0.0103932318681525,6.788323360416193,109.38462727515736,300,,,,,,,,
5,1004,Stationary Skew-t Neural Model,0.6552487360738594,0.5199901748909537,0.3601258058167959,0.9375,2.5151938411454884,7.302960748000032,600,0,1817.9296113712887,1888.1784377088316,103.4082668139852,-0.1076121192654371,-5.69925580741281e-05,0.0547661517305873,1146.5951093193348,5420.413538678055,300,,,,,,,,
5,1005,Gaussian Neural Model,0.3186947576616739,0.2708579026752593,0.1816387638071289,1.0,1.2395415670594447,4.237435594999965,600,1,1628.3620569292764,1648.764973280366,52.89377714581915,-0.1471718467966271,-8.926187126829572e-05,0.0320808471813797,153.08882844079798,634.7981710282401,300,,,,,,,,
5,1005,Proposed Adaptive NSST-BNF,0.2840353817641591,0.2335162462449243,0.1643174308866237,0.875,1.1478696688743686,14.24320813300028,700,1,2256.218544180836,2279.761617185876,43.07308255555233,-0.272267589403769,-0.0001194280960567,0.0188936782823466,113.86901396924534,458.8617053743872,300,1.9739317563862608,-0.0590275630138508,0.7529071688313569,-0.0323148991891744,1.160080948692086,-3.960895339461079,0.7689437500006159,0.5451513287906506
5,1005,Sparse Variational GP,0.2971725586659758,0.2368926245963898,0.1726184992251428,1.0,1.5913154163203127,3.419358649999936,900,1,62.99137860854336,63.73770336732036,0.5928694001289909,-0.0066300161977765,-0.0001040203183909,0.0093017063497295,3.374592222262258,170.78656325566484,300,,,,,,,,
5,1005,Stationary Skew-t Neural Model,0.3259771561064832,0.2705530469439102,0.1863811663943483,1.0,1.298565930047571,7.369520103000013,600,1,1642.8187651875703,1651.8619208587088,34.829789478867106,-0.1389130914176573,-8.409485663634904e-05,0.021085170036949,170.32633176303068,743.7698874799397,300,,,,,,,,
5,1006,Gaussian Neural Model,0.456511407624659,0.2998665161997306,0.2200426388693304,0.9375,1.4552623869529473,3.3886447270000417,500,1,1749.3724404202644,1784.796561092393,44.6287192661069,-0.3700130906518431,-0.0002073138747115,0.0250049334691633,287.7542241779315,1299.290166931857,300,,,,,,,,
5,1006,Proposed Adaptive NSST-BNF,0.4924162179449051,0.3141266374635421,0.2173972975296046,1.0,1.4597811277613926,14.06343994000008,800,1,2291.5616969600314,2327.1129309040425,37.1142977523664,-0.3024656000742929,-0.0001299746119139,0.0159486448893342,159.35729677305815,620.8170485928258,300,1.8813148027015345,-0.0206490534035306,0.7704839219501379,-0.0204519856159655,1.1123060835076517,-3.83984902399568,0.7436856301105956,0.5466348236559866
5,1006,Sparse Variational GP,0.4366367100214243,0.2922068695888543,0.2034142218403832,1.0,1.8692299295959232,2.4969705219999696,700,1,64.32062128843462,65.43646163215278,0.9310279721072148,-0.0102193539189853,-0.0001561721655494,0.0142279693749475,3.9429268849113703,79.729909438139,300,,,,,,,,
5,1006,Stationary Skew-t Neural Model,0.4568153523298582,0.3020367062822652,0.2214231817898579,1.0,1.4716406491697285,5.837441328999944,600,1,1748.517439952924,1771.366226616031,25.514992151312768,-0.1278423190112715,-7.217159110880071e-05,0.0144041315499482,230.25712933948572,1070.5831459918968,300,,,,,,,,
5,1007,Gaussian Neural Model,0.6001751754850503,0.4783040385175751,0.3437452675673529,0.9375,1.9988138044376489,3.9660503610000433,500,1,1780.4760662316576,1826.216676105376,52.70319590522495,-0.2338153518121412,-0.0001280326452339,0.0288592238778701,775.4014310084265,3073.84234699308,300,,,,,,,,
5,1007,Proposed Adaptive NSST-BNF,0.5624325534935332,0.4267474764900413,0.3023489753491407,0.875,1.7085661639990328,17.124256461000186,1000,0,2417.739500916156,2446.1762864219745,78.55512179438006,-0.037014600313843,-1.5131616032458704e-05,0.0321134344366009,338.84967923384147,1422.1653621049684,300,2.071819501542916,-0.0007445922916005,0.7687316140512391,-0.0039410200480016,1.1567656461120648,-4.415817250632696,0.7588911996289319,0.5113248900230262
5,1007,Sparse Variational GP,0.4759124584247406,0.3522011591544887,0.241257910520939,1.0,1.7730796678796923,3.129659393999873,900,1,54.59210722591931,55.54524263985238,0.8287996901227154,-0.0092905110898367,-0.0001672602485522,0.0149211642749771,12.672081978727403,96.25166981535384,300,,,,,,,,
5,1007,Stationary Skew-t Neural Model,0.5966562349039011,0.4806883539346076,0.3421088905679446,0.9375,1.8986603671556703,7.046635164999998,600,0,1786.236428254863,1817.100358947279,78.10648652107363,-0.0347118280033753,-1.9102867836912035e-05,0.0429841346607426,564.636448595398,2965.4143195263787,300,,,,,,,,
5,1008,Gaussian Neural Model,0.5367454854471905,0.3772670133425815,0.269784419818265,0.875,1.289424751867024,3.7796059449999575,600,1,1624.1548798895851,1655.3386072957255,56.5584656417697,-0.1437475806248138,-8.683877726965458e-05,0.0341673089677811,283.7875659965116,1542.6356596912904,300,,,,,,,,
5,1008,Proposed Adaptive NSST-BNF,0.6311451571816561,0.3789789486794381,0.2695757643808976,1.0,2.02077112931632,13.986629361000269,800,1,2264.3955646401864,2298.3430101584822,40.084711033798456,-0.2423231357900408,-0.000105433842868,0.0174407000419986,116.30933475806312,566.1105356158022,300,1.991499137995962,-0.0153110407330849,0.768167957433328,-0.0406174721642234,1.2051592855325417,-4.1154771957465375,0.7988939296366578,0.5056873052932799
5,1008,Sparse Variational GP,0.3878364748818448,0.3294124782178182,0.2264649127640722,1.0,2.1032836977042093,2.9670488090000617,800,1,81.73734646640192,82.79242781851306,0.8634064918659164,-0.0095105166412227,-0.0001148718172882,0.0104285683439378,80.0204519213316,258.113430029026,300,,,,,,,,
5,1008,Stationary Skew-t Neural Model,0.5477484174286164,0.3950463233863316,0.2811280270653524,0.8125,1.3458307544002086,5.534821540999928,600,1,1619.6332256319577,1651.3986207196058,50.0803505631937,-0.1232261766259593,-7.461928033599954e-05,0.0303260217944053,230.3450322785349,1373.9274759139955,300,,,,,,,,
5,1009,Gaussian Neural Model,0.5166863393340709,0.3738675566016397,0.2671810396876528,0.8125,1.345274889411405,4.329427764000002,600,0,1554.1678648604664,1578.8644501813756,56.10438826309641,-0.1051482562734766,-6.659739299431148e-05,0.035534645331112,143.88319276416797,734.5680003866603,300,,,,,,,,
5,1009,Proposed Adaptive NSST-BNF,0.5218167530745617,0.3853259451181863,0.2661534346029719,0.9375,2.122895735225561,16.64110683400031,800,1,2210.115071117076,2247.035762656332,38.73491894684229,-0.2493740976074487,-0.0001109791404978,0.0172382298451057,87.63165642780046,479.9871988527668,300,2.169036685198637,-1.825472649841231e-05,0.792058607807525,-0.000352497661882,1.179972227465976,-3.398098106253501,0.7772224887532121,0.5205989874313858
5,1009,Sparse Variational GP,0.3950480033199909,0.2403222501914088,0.2128277945764226,1.0,2.241581431153484,2.1895583340001394,600,1,79.19609731294565,80.05583021974358,1.060382948778878,-0.010637707631661,-0.0001328786123691,0.0132455430899691,1.1546785099748709,10.944224087280476,300,,,,,,,,
5,1009,Stationary Skew-t Neural Model,0.5348103005267612,0.384986387319742,0.2765586130949828,0.8125,1.3405130044835225,5.93648088100008,600,0,1767.650389185986,1603.030293643301,50.698429232689314,-0.0540473178407871,-3.371571832117448e-05,0.0316266195553073,186.14238336347853,948.0312920215736,300,,,,,,,,
5,1010,Gaussian Neural Model,0.5852970586225101,0.3552799960110734,0.2707106093883504,1.0,1.9233718143382617,5.58204524000007,600,1,1775.4288269470949,1800.4980695544757,34.19749128973051,-0.1326073297291998,-7.365035929308874e-05,0.0189933507111132,302.1206424342662,1372.7458058912987,300,,,,,,,,
5,1010,Proposed Adaptive NSST-BNF,0.5775583282993505,0.3331499592852617,0.2420007398008173,0.875,1.394695953337315,14.613172163999934,800,1,2369.1865740675435,2398.9614186782637,32.04441606166063,-0.2641460152020122,-0.0001101084882588,0.0133576204319767,204.07743457776917,801.6772046730018,300,1.7881725334137863,-0.0002837289411301,0.7037685592213182,-3.74721151863433e-06,1.0496143457518634,-2.638478906064444,0.7419105370366623,0.5626893666565987
5,1010,Sparse Variational GP,0.381977804381398,0.2189537830056316,0.1885014593351378,1.0,2.0978146798462314,2.6865512379999927,600,1,75.69235659036596,77.21602587723964,1.2826983584345386,-0.0142854826168688,-0.0001850067062448,0.0166118152787841,74.90097390599803,135.64640613054627,300,,,,,,,,
5,1010,Stationary Skew-t Neural Model,0.6256891814272209,0.3692403204808496,0.2817255561268533,0.9375,1.884845574700708,5.31897307700001,500,1,1771.8052103530947,1817.3387402155367,43.97249178042675,-0.3457358759361239,-0.0001902429460647,0.0241960900339424,314.5812065567766,1335.236799274265,300,,,,,,,,
5,1011,Gaussian Neural Model,0.4517673618049752,0.3147873777048446,0.2290227246036686,1.0,1.9346801010025028,3.87529838200021,500,1,1849.4904611964948,1856.8793923719345,61.01216155771228,-0.2971741935038661,-0.0001600395775431,0.0328573637083541,435.0531132951661,1885.544069091107,300,,,,,,,,
5,1011,Proposed Adaptive NSST-BNF,0.2727552230146323,0.2090100627981533,0.1523841958644471,1.0,1.7096581709271217,17.198568872999658,800,1,2502.032044703712,2497.544150343422,35.63828785575686,-0.2530877085574742,-0.0001013346284679,0.0142693324764074,284.44625796367217,1230.7750470791989,300,2.0187928002036357,-0.0102213193747759,0.737213167518414,-0.001414078571247,1.1213320692200248,-4.269559132411512,0.782995866426119,0.530785433943298
5,1011,Sparse Variational GP,0.3691149955307595,0.2895011639523431,0.2108339352881224,1.0,1.962012752975332,5.014110212000105,900,1,73.58938648793205,74.45901101939756,0.8129135002871015,-0.0089950736015926,-0.0001208057087845,0.0109175973352011,3.5403106106804505,4.17608005200773,300,,,,,,,,
5,1011,Stationary Skew-t Neural Model,0.4429179068639911,0.3007918159331109,0.2273762462709983,1.0,1.935803982078118,6.214270688999932,500,1,1821.646775258852,1869.8917371432065,54.1611934704212,-0.3390064025722737,-0.000181297342428,0.028964881973952,459.87212431595486,2029.6946438975708,300,,,,,,,,
5,1012,Gaussian Neural Model,0.2620066407402895,0.1876147955672791,0.1419026068225257,1.0,1.5193060507437666,4.074240028000077,600,1,1660.3547847742116,1686.978406195742,44.02890413352058,-0.0930258439018657,-5.5143470455941216e-05,0.02609926954122,341.75286051497824,1383.9198530051922,300,,,,,,,,
5,1012,Proposed Adaptive NSST-BNF,0.233537758040595,0.1620375716708902,0.1070227025141163,1.0,1.3056380136719246,17.159548430000086,900,1,2266.9471554189213,2289.0721215402173,34.66407461040561,-0.0892504809360077,-3.898980730932799e-05,0.0151432863491787,186.35965964514816,891.9525244871235,300,2.1660872789130545,-0.0193782637535944,0.798496695234604,-0.0316840410675915,1.1097253578699098,-4.821523969282418,0.7484820153512856,0.5671245285602824
5,1012,Sparse Variational GP,0.4707068454326025,0.3379335106429642,0.2338283587726823,0.9375,1.528402661388763,3.4232046960000844,900,1,54.01454181125811,55.02089422562099,0.8111811301327193,-0.0091869017513875,-0.0001669711457926,0.014743146972609,3.3053238336802955,23.50542847998496,300,,,,,,,,
5,1012,Stationary Skew-t Neural Model,0.2250362512140834,0.148836337867155,0.1282275072739266,1.0,1.5105807217027758,5.970022533000019,600,0,1663.662542958861,1684.7478128039731,59.56203522983738,-0.0871690663279772,-5.174012731490018e-05,0.0353536801040308,258.2786345205561,1608.0877550014973,300,,,,,,,,
5,1013,Gaussian Neural Model,0.8956452630505781,0.7185563905062181,0.5221612735021176,0.75,1.829369986154605,4.210666089000142,600,0,1913.547350007109,1933.361346455796,125.10880363661674,-0.1494719754294597,-7.731197052401457e-05,0.0647105125309161,537.9373656714565,2108.3313574973517,300,,,,,,,,
5,1013,Proposed Adaptive NSST-BNF,0.7941545079016334,0.6351717391216386,0.4397076508485709,1.0,3.0054671490103484,19.234408560999785,1000,1,2394.9591427807454,2423.3206720494773,77.96847585014545,-0.1442094930094686,-5.950904255997872e-05,0.0321742296632187,146.9833739981205,641.1902328306128,300,1.7788269270424513,-0.0856723399748169,0.7500926118556069,-0.0760267516088724,1.2265842214147578,-5.9694108304101725,0.8587579694910806,0.4697770415348478
5,1013,Sparse Variational GP,0.8474239488212587,0.6823289719635313,0.4581996291957785,1.0,3.121318814178582,1.99951027599991,500,1,90.07001677354226,91.28879804275122,1.3824416549093923,-0.0141219806074493,-0.0001546956571915,0.0151436067135199,0.8356036494547453,8.27111365019725,300,,,,,,,,
5,1013,Stationary Skew-t Neural Model,0.8991922735422954,0.7163163902371407,0.5246171978557415,0.75,1.9063899942960572,5.584759198000029,600,0,1900.8884150931508,1968.426825336569,166.79695636546955,-0.3889389471991745,-0.0001975887252667,0.0847361731808089,576.7355325451299,2605.418421396754,300,,,,,,,,
5,1014,Gaussian Neural Model,0.7615749941415974,0.5678129565896559,0.4303947319986596,0.75,1.8466259780865373,3.485268102999953,600,0,1687.026843204568,1735.422299423649,94.87112720353085,-0.0789880651118387,-4.551518390542256e-05,0.0546674588859659,454.2468161048268,1758.608290456701,300,,,,,,,,
5,1014,Proposed Adaptive NSST-BNF,0.6409809800225182,0.4759576477873599,0.3573196292955636,0.875,2.231325772292672,13.543082760000289,800,1,2273.5144212097807,2291.578068143375,56.98862098523857,-0.2510619130208877,-0.0001095585249793,0.0248687233385029,147.84728676477494,743.3170874236356,300,2.06685678213886,-0.0417283427391483,0.755324078214659,-0.0514902722662715,1.1479508604060191,-4.300310963850639,0.8155766590224899,0.4914275791963032
5,1014,Sparse Variational GP,0.5123115004701372,0.4624411653244794,0.2954334814832305,1.0,2.2223564481541,3.2568474760000754,900,1,80.54735725559745,81.2456336681315,0.6110011861123803,-0.0068359381177382,-8.413914458051179e-05,0.007520418741617,2.6293647506995006,13.154685076495376,300,,,,,,,,
5,1014,Stationary Skew-t Neural Model,0.7696418396049441,0.5702792442962972,0.4311219733736239,0.8125,1.8885735942466997,4.9290277309999055,600,1,1688.712950546195,1738.7806603210086,104.39574177421738,-0.2957357314946868,-0.0001700822526057,0.0600396267088363,424.26318560523794,1678.0113902455405,300,,,,,,,,
5,1015,Gaussian Neural Model,0.3644254022637805,0.2465440740631382,0.2068811690061031,0.875,1.6281706002819738,3.0364271040000403,600,0,1768.877977598568,1789.2958924808624,62.215472247337495,-0.155543147263762,-8.692980737137953e-05,0.0347709244227211,394.7533788769965,1633.1810651315882,300,,,,,,,,
5,1015,Proposed Adaptive NSST-BNF,0.3144870189476819,0.2514286147465975,0.1693164517892972,1.0,1.463398015495863,16.656228612000177,800,1,2393.262563800041,2414.13447412072,38.72439257319032,-0.2607631267024398,-0.0001080151621617,0.0160406940824183,256.2140594868566,988.513935782244,300,2.0363353920191902,-0.0021139977338358,0.7751636345599459,-0.0060000568927711,1.1485798443670692,-2.7256144502996467,0.7664607717890853,0.5512960231321892
5,1015,Sparse Variational GP,0.3728302324513088,0.2669729545517023,0.2018736876032349,0.875,1.5020442030630532,1.9196106530000636,700,1,54.097249883466205,55.16588840364515,0.8447337366805087,-0.0092747934465975,-0.0001681255158755,0.0153126100408214,3.806496890243684,140.8866256791351,300,,,,,,,,
5,1015,Stationary Skew-t Neural Model,0.3524506407635682,0.2371608099871011,0.1999140589790081,0.875,1.6736391754050834,4.376412159999973,600,1,1752.9575808421168,1785.8223419919927,52.01128391487648,-0.1064296742504681,-5.959701127478968e-05,0.0291245566212709,410.8106213014396,1533.9174725068165,300,,,,,,,,
5,1016,Gaussian Neural Model,0.2646267483333988,0.2093920037245128,0.162728181275684,1.0,1.6178136707282855,3.870354225000028,600,1,1728.6900556912922,1755.005882216186,45.192602953613246,-0.0929111809837961,-5.294066642470152e-05,0.0257506846054241,343.3271440768748,1415.21487731207,300,,,,,,,,
5,1016,Proposed Adaptive NSST-BNF,0.2444684703491518,0.1897095342612011,0.1379632115494449,1.0,0.9808352600863118,14.551097539999772,800,1,2367.227503385728,2402.5846006687034,34.99068257883336,-0.2152653215615343,-8.959739503100957e-05,0.0145637671069291,280.8514233805567,1311.3747737005883,300,2.2017748379882947,-0.0001404217799954,0.7871621039224751,-1.4845824968245935e-05,1.055207437382449,-3.868469534970698,0.7512421890212642,0.5565983123703265
5,1016,Sparse Variational GP,0.3429106019320985,0.2955972195939756,0.1990051403440812,1.0,1.7706041806768762,1.9956267459999708,600,1,70.54929795424093,71.60191853334298,1.0122891248120014,-0.0108559543653924,-0.000151615411818,0.0141377374454092,31.10256264871051,87.02801825317749,300,,,,,,,,
5,1016,Stationary Skew-t Neural Model,0.2572473674171051,0.1935850410215936,0.1609715977683518,0.9375,1.629068662966047,6.031297858000016,500,1,1752.6660048407552,1797.595744320148,46.85990038776745,-0.2612414763224506,-0.0001453282681314,0.0260680970879188,418.4406294536676,1816.4316347369984,300,,,,,,,,
5,1017,Gaussian Neural Model,0.5181374496245251,0.3065488637175864,0.238775619141122,0.9375,1.7743078437327175,2.9620901610001056,600,1,1720.6696065387428,1732.391171203136,43.12642566919942,-0.1201936310264894,-6.938019139350359e-05,0.0248941615416155,453.4471188871087,1765.8091671134982,300,,,,,,,,
5,1017,Proposed Adaptive NSST-BNF,0.4695269985949594,0.2641007329011969,0.1829435151811505,0.9375,1.5237085420170282,13.267795765999836,700,1,2336.3920098141107,2391.7492642802654,36.26827192414432,-0.2961200891440251,-0.0001238090018742,0.0151639105594366,394.17603565270656,1550.5676529832729,300,1.8860603782166336,-0.0171968731941618,0.703822634648921,-0.0262522735385357,1.101035973474649,-3.846370839594077,0.7145267966240064,0.5857557021643659
5,1017,Sparse Variational GP,0.543050726719563,0.3179080501628077,0.2299879300891173,0.9375,1.5601913212392629,3.235568331999957,1000,1,50.9358715806139,51.64686963524377,0.5557213691995431,-0.0060960991484322,-0.0001180342427621,0.0107600203676295,3.519027689857526,56.194238814882304,300,,,,,,,,
5,1017,Stationary Skew-t Neural Model,0.4707872363655365,0.2540285260757643,0.2112754247544526,0.9375,1.7288678267567272,4.016080532999922,500,1,1686.6113731334897,1722.7284082855197,44.34055464589448,-0.269008369583899,-0.0001561525126596,0.0257385635673255,421.3253095455442,2035.6690540842944,300,,,,,,,,
5,1018,Gaussian Neural Model,0.5263541648311153,0.3227313008189239,0.2472013576577078,0.9375,1.49720971952635,2.22231429999988,400,1,1826.3569029857345,1861.627519220104,67.96382065510169,-0.5241839494194329,-0.0002815729484053,0.0365077438711122,537.1678852651715,2370.507303529937,251,,,,,,,,
5,1018,Proposed Adaptive NSST-BNF,0.4948279989053005,0.3014548371081125,0.2076621949049276,0.9375,1.344207739476435,16.478654067000207,800,1,2459.922857685045,2488.153605546958,31.576867585446845,-0.2393903690316258,-9.62120539897302e-05,0.0126908835190283,348.69842105730635,1181.540878772868,300,1.974761455224384,-0.0606721993494843,0.7410997186270851,-0.0363036136515297,1.08010443483114,-4.04972310001645,0.7441785027404288,0.5479310623238907
5,1018,Sparse Variational GP,0.3865033120188479,0.281127436861055,0.1993454269910934,1.0,1.6923168678835256,2.4761179649999576,900,1,61.46552424204464,62.1465739919042,0.5937928750048207,-0.0066465472323003,-0.0001069495356761,0.0095547161631494,2.2494815396137926,3.091521782322444,300,,,,,,,,
5,1018,Stationary Skew-t Neural Model,0.5260037883247802,0.3208079357371391,0.2465595303640347,0.9375,1.5380795402186869,5.891294416999926,500,1,1782.4728637251314,1828.5858539904457,46.72260811760171,-0.3059699588635375,-0.0001673260012352,0.0255512247432303,459.03792089505913,1931.722324130157,300,,,,,,,,
5,1019,Gaussian Neural Model,0.6433565753527803,0.512132521649287,0.3769932898034513,0.8125,1.6386976529395667,2.8713229410000167,500,1,1561.5326878866963,1618.7351080284163,70.46498112213598,-0.3768566294095369,-0.000232809325961,0.0435308907384857,216.9615382400591,1063.572416552134,300,,,,,,,,
5,1019,Proposed Adaptive NSST-BNF,0.7342114077349636,0.5794641274826778,0.3678703883943593,1.0,2.962078583140276,15.736717661000055,800,1,2162.222774426105,2184.220936844935,26.26924551991641,-0.2397173975337969,-0.0001097496107147,0.0120268261679891,74.77339652253744,230.5845104346085,300,2.0689249174097646,-0.1080331050015503,0.7396754812836277,-0.0912512313648274,1.1039708190424478,-3.121746324367714,0.8257767274680493,0.4638572481392667
5,1019,Sparse Variational GP,0.7896006959552715,0.5401531817724525,0.3907798546348257,0.9375,2.6856363795970437,1.659427499000003,600,1,86.86123416729882,88.44701664828371,1.468493774939985,-0.0161408431055735,-0.0001824916624351,0.0166030899694395,10.36037413169321,32.056201729847054,300,,,,,,,,
5,1019,Stationary Skew-t Neural Model,0.6536534588646712,0.5179666235600745,0.3768297885984725,0.75,1.687276123984272,4.732216747000166,600,1,1559.079409671193,1586.03932477813,68.89696282491103,-0.2054200016640839,-0.0001295175967297,0.0434396308770899,199.97383325196805,1200.8125792444032,300,,,,,,,,
5,1020,Gaussian Neural Model,0.2674956394618753,0.1843340403362815,0.1691424370879573,1.0,1.991342651124408,3.082621766999864,500,1,1679.0870881870692,1718.5600283505958,34.10814634080152,-0.170551017354251,-9.924065179028912e-05,0.019846933350089,427.577272933261,2066.382304126975,300,,,,,,,,
5,1020,Proposed Adaptive NSST-BNF,0.2606291432386414,0.1817378606164366,0.1357934289600419,1.0,1.401476819819505,8.780958997999733,600,1,2386.3683020542708,2464.2091184239266,64.13702553929357,-0.5895454652899401,-0.0002392432772373,0.0260274280537987,342.285346654697,1642.7184579329246,300,1.9371804535586552,-8.46957807545401e-05,0.7246291722606377,-0.0002098608749736,1.1505291576264491,-3.2355063555868613,0.7565208049852004,0.5011551112389627
5,1020,Sparse Variational GP,0.1991060867455386,0.1629088387947877,0.1178170427478469,1.0,1.1230735916991028,3.318699225999808,1000,1,43.20549403726566,43.73995576768306,0.4468154991392694,-0.0048332912601097,-0.0001105005978008,0.010215270941572,2.8442343632752003,17.628369023052905,300,,,,,,,,
5,1020,Stationary Skew-t Neural Model,0.3161460946185796,0.2315371914826483,0.1881266609579355,1.0,1.974004192497572,4.756664295000064,500,1,1683.0392666130313,1709.4788227944623,35.88873726364482,-0.2333891043756493,-0.0001365264671685,0.0209939642334837,397.6500418793743,1788.9752494731274,300,,,,,,,,
5,1021,Gaussian Neural Model,0.414672882714095,0.3526596682658752,0.2406842749836257,1.0,1.938704671077227,5.300891899000362,600,1,1888.6580199150171,1924.6476541987156,57.30792744884653,-0.1601049971479632,-8.3186653307002e-05,0.0297758019883932,289.1091497013133,1293.4993486419576,300,,,,,,,,
5,1021,Proposed Adaptive NSST-BNF,0.3686406230551958,0.3117374003727759,0.2195549669138268,0.875,1.6081781673294206,15.14197706599998,800,1,2523.023333924996,2516.346559646189,40.32670253510148,-0.2868532811439033,-0.0001139959359112,0.01602589372299,162.90533305974162,795.5632319827034,300,2.046288134131589,-0.0016339461920202,0.7306566265843576,-0.0003994411643597,1.1754025554424352,-5.013990181227673,0.8161637172935206,0.5637109984748523
5,1021,Sparse Variational GP,0.6126219487470129,0.4049006057275292,0.3355960585176309,0.875,2.555653371445368,2.363991054000053,600,1,94.11324091907127,95.63473188839647,1.2831839889357757,-0.0144447180822087,-0.0001510405037687,0.0134175520085444,4.043480896504332,17.809375592578323,300,,,,,,,,
5,1021,Stationary Skew-t Neural Model,0.4346034705685383,0.3722568102396577,0.2548881381449448,1.0,1.933262056638282,7.093707498000185,500,1,1909.7279227569663,1976.896474956276,90.53923261686836,-0.4738236980235319,-0.0002396805821781,0.0457986716875858,350.75214903598976,1976.4188467584725,300,,,,,,,,
5,1022,Gaussian Neural Model,0.3143121010635301,0.2010820245423636,0.1589457440446832,1.0,1.5543842191033366,3.075982705000115,400,1,1759.5609627472625,1823.3852491252408,61.0986222654495,-0.590236255632446,-0.0003237035376454,0.0335083451479939,538.5002837979333,2359.585249321807,251,,,,,,,,
5,1022,Proposed Adaptive NSST-BNF,0.2314949238702277,0.1517189772475857,0.1346910219032922,1.0,1.5868533903983912,11.163358345999768,600,1,2432.2166647909758,2512.198749862542,77.64671913594655,-0.6133661819264231,-0.0002441551178862,0.0309078726912809,393.94274260578544,1835.581025889482,300,2.142649957552053,-0.0209253548663326,0.7756251745762023,-0.0158393755349071,1.1082449271672028,-3.4386905334349374,0.7447384211467601,0.5286701352280646
5,1022,Sparse Variational GP,0.2976726926693324,0.2497219073150266,0.1728148335729264,1.0,1.680104453447599,3.115064700000403,800,1,59.19700709879461,60.24575840051119,0.8358164124115373,-0.0090559791906471,-0.0001503172908944,0.0138734482659352,147.24252877204827,365.6229073034221,300,,,,,,,,
5,1022,Stationary Skew-t Neural Model,0.3006750992823691,0.1956601752409078,0.1561056583863956,1.0,1.5787058389034965,5.813432011999794,600,0,1762.4682168831398,1776.7395317953592,78.6742614009372,-0.0909699014997153,-5.120047135316008e-05,0.0442801322270566,478.6518509463554,1851.980149496611,300,,,,,,,,
5,1023,Gaussian Neural Model,0.4612626596478358,0.3640886094909945,0.2623599157675101,0.9375,1.7817551177195106,4.345078775000275,500,1,1695.3847353950025,1739.329072492832,51.75859313857808,-0.3569949030879146,-0.0002052486264581,0.0297577922183505,316.6726465050328,1440.572039719326,300,,,,,,,,
5,1023,Proposed Adaptive NSST-BNF,0.4144214506224504,0.3150661705701972,0.2165717038735241,1.0,1.4240769256673549,15.721715710999888,800,1,2263.5702407182994,2288.308599996916,36.45485807679748,-0.2842710778103584,-0.0001242275966671,0.0159309186168537,162.0918771079402,549.3084820069471,300,2.2056122000366103,-0.0460568742622118,0.8060311035790788,-0.0731261913945073,1.1551071110686353,-3.905923632212591,0.7973120691173176,0.4977854607708942
5,1023,Sparse Variational GP,0.4445229999997842,0.3733137053143232,0.2631070148731049,1.0,2.0672756319023424,2.5160367609996683,700,1,72.71465988503567,73.73401898380051,0.7795805589435949,-0.0084921658560583,-0.0001151729686391,0.0105728749047961,2.532631737274307,63.70159754065174,300,,,,,,,,
5,1023,Stationary Skew-t Neural Model,0.4758823748717158,0.3745906747270177,0.2654260172460512,0.9375,1.8321776474082845,6.161285618999955,600,1,1733.321839908737,1749.2868584196092,32.46304098512777,-0.1249767856538869,-7.144442036613538e-05,0.0185578716428799,363.1509566949589,1468.1748125887923,300,,,,,,,,
5,1024,Gaussian Neural Model,0.2378468385731686,0.1380616979192375,0.1298198122659896,1.0,1.5937379492622874,3.962562204000278,500,1,1829.476346461632,1832.186143650944,40.98280886917748,-0.261275771728005,-0.000142603289864,0.0223682560918795,500.8543178719242,2029.7559912338895,300,,,,,,,,
5,1024,Proposed Adaptive NSST-BNF,0.2075472422086192,0.1182596761831057,0.0985822243662811,1.0,1.2887538340890754,18.059984719999647,800,1,2424.9060434619046,2456.0542889405297,30.516616512263266,-0.2816761964986506,-0.0001146864699884,0.0124250578049833,302.8239166485854,1157.724338774055,300,2.023710109896126,-0.0001564158364395,0.761204233447493,-1.5357683761818564e-05,1.0700603330297953,-4.1691830831644445,0.7343347292275751,0.5460533031296554
5,1024,Sparse Variational GP,0.1956063429063724,0.1404809229347527,0.1178057134014755,1.0,1.4310625380804276,4.022624067999914,900,1,50.38190882219882,51.43942088579213,0.9734842664398634,-0.0106412605041465,-0.0002068697571026,0.0189248683145405,7.111425330651021,115.23786193004514,300,,,,,,,,
5,1024,Stationary Skew-t Neural Model,0.2166743515157788,0.1228334303742979,0.1244253512967066,1.0,1.6072198544033431,7.872282145000099,600,1,1777.7038314337196,1796.977885360103,26.210665777025667,-0.125438714983637,-6.980537490504498e-05,0.0145859701394005,473.15796946557407,1865.0360522437024,300,,,,,,,,
5,1025,Gaussian Neural Model,0.7221268538138855,0.6049688233932664,0.4145775857213672,0.875,1.9300935223214453,4.193177177000052,600,0,1781.3847876248149,1842.0609908024653,77.02389611690425,-0.142086246826305,-7.713438780569761e-05,0.0418139771166588,335.5302447567575,1669.2785950583147,300,,,,,,,,
5,1025,Proposed Adaptive NSST-BNF,0.6462267452529414,0.5415118361147235,0.3692030933173392,1.0,3.318231754997374,15.756580104000022,900,1,2398.0135761090064,2432.329424912892,79.67780943080692,-0.1316642809395705,-5.413094114268086e-05,0.032757819978953,148.35474841105977,847.8862804762425,300,1.9063302548643497,-0.0045133891808943,0.755999079425311,-0.0205515305016588,1.237932781142404,-4.545659243230003,0.8436707439375228,0.4848594158736091
5,1025,Sparse Variational GP,0.5079366531771343,0.3814427310702045,0.3197421497322273,1.0,3.384066442097347,4.68841045299996,700,1,96.11217650510036,97.5156728886404,1.0017860263386698,-0.0112616551676072,-0.0001154855915363,0.0102730771030279,4.297027669093857,118.9171196031012,300,,,,,,,,
5,1025,Stationary Skew-t Neural Model,0.7159327984134677,0.6081547554664147,0.4096075270982023,1.0,2.080699026670396,7.084844103999785,600,0,1832.5211700333507,1879.640273119952,160.22232507718127,-0.1755583011514421,-9.339994660788936e-05,0.0852409513503525,352.62601487234286,1811.8009469840092,300,,,,,,,,
5,1026,Gaussian Neural Model,0.5974572298714443,0.421013913899747,0.3365277330037993,0.9375,2.345715688800917,5.141299210999932,600,0,1754.8737876899845,1774.7043744630375,62.4459436722768,-0.1220461304575785,-6.876983694509983e-05,0.0351866736628576,803.5952371461345,2891.997479727548,300,,,,,,,,
5,1026,Proposed Adaptive NSST-BNF,0.5553404599039816,0.3815922178339291,0.2778691210111305,0.9375,1.941062541553626,13.543515311999728,800,1,2412.056709684084,2452.855505082236,55.08203052962504,-0.2535226151437353,-0.0001033581532293,0.0224562883608499,515.4788251071611,1955.384264186873,300,1.9977807444377271,-0.0028421093154378,0.7866984943675722,-0.0004549103285726,1.138528198271699,-3.6156763554082376,0.7740372492948094,0.5461330273508858
5,1026,Sparse Variational GP,0.2711554132032996,0.2277777160294865,0.1526997652439438,1.0,1.2263398120436375,4.116901898999913,1000,0,41.34396856683438,42.6183449395467,0.8650168996958877,-0.0098227450123836,-0.0002304816159875,0.0202968205575058,7.151322759011872,199.7176577249557,300,,,,,,,,
5,1026,Stationary Skew-t Neural Model,0.5646785269800033,0.3982372736578053,0.3175499797958171,0.9375,2.435887882451598,6.089145743000245,600,0,1780.8927028246671,1795.1688051004712,100.52582558085952,-0.098785318882635,-5.502842885970615e-05,0.0559979792960101,867.3394711658009,3597.390013906624,300,,,,,,,,
5,1027,Gaussian Neural Model,0.48757490362273,0.3820907183667862,0.2647317427669683,1.0,1.8087363797761191,4.037579851999908,600,1,1821.8277702484977,1853.401987734621,47.93924596387435,-0.1697139344061351,-9.156887471215742e-05,0.0258655414643585,227.33547580848028,1035.664223325531,300,,,,,,,,
5,1027,Proposed Adaptive NSST-BNF,0.499779167856611,0.3788297521842049,0.2650476359565162,1.0,1.9955272952020169,15.700978383999882,800,1,2378.7038901428023,2418.9993779703696,42.63673217940759,-0.3022171148330788,-0.000124934763351,0.0176257722791071,161.72096453471624,766.6409172000161,300,1.7741930783002615,-0.0078868217793726,0.7176475249032936,-0.0176391641896742,1.095988351601533,-3.730942447116092,0.7870534550635874,0.5064890386554138
5,1027,Sparse Variational GP,0.6339771771127544,0.5074697754982409,0.3504613082253355,1.0,2.1458423376640336,2.31031302700012,600,1,69.58500320797799,70.22644932319815,0.6679719285078293,-0.0071918296282953,-0.0001024091307136,0.0095116859095874,14.95948982707275,39.51911234333366,300,,,,,,,,
5,1027,Stationary Skew-t Neural Model,0.4931972167902591,0.3925980286831701,0.2683332471999061,0.9375,1.739781640527824,5.883519929999693,600,0,1859.638538323403,1874.252417343951,81.19062627500506,-0.1454339817983181,-7.759572854355235e-05,0.0433189390733518,336.6941901496378,1586.606266674297,300,,,,,,,,
5,1028,Gaussian Neural Model,0.5809231460809635,0.4344542332109241,0.3163729245769924,0.9375,1.987292571225233,4.641130367000187,600,0,1701.8679455253073,1768.026673052041,139.77058884728626,-0.251813496647211,-0.0001424262996058,0.0790545702605314,404.0406244582118,1995.8054335258876,300,,,,,,,,
5,1028,Proposed Adaptive NSST-BNF,0.7828445336740827,0.5321335010214713,0.3672522461164401,0.9375,3.0920511737485468,19.061819597000067,800,1,2277.4014167080904,2313.90162038296,31.976011062561646,-0.2712766339383629,-0.0001172377561555,0.0138190884093289,85.728860377551,324.32701624254446,300,2.1462239007827906,-0.0373436226324017,0.7975571500731415,-0.0477341910018167,1.2375792881482044,-3.8731925740863673,0.8475367201425582,0.4707131279493812
5,1028,Sparse Variational GP,0.6460906399660435,0.5106138197525977,0.3615861968702438,1.0,2.84840107341525,3.3510418410000966,700,1,94.22188502255516,95.62539229532678,1.133213727344132,-0.0123160444183173,-0.0001287947073752,0.0118505524541466,2.6195535800725387,72.80241724806594,300,,,,,,,,
5,1028,Stationary Skew-t Neural Model,0.5881370566297394,0.4355197077338871,0.3095526613659683,0.9375,1.9159754422433384,6.636355449999883,600,0,1712.2101708291875,1788.0932322829678,146.6269178680145,-0.3011554103889205,-0.0001684226554587,0.0820018303412551,406.0883057285196,1674.7057396016255,300,,,,,,,,
5,1029,Gaussian Neural Model,0.2856702449273449,0.23044097001621,0.1769836257001998,1.0,1.847210376879114,4.155880006000189,600,0,1627.420353957535,1673.946869456264,78.7931135239391,-0.1615354740126507,-9.649976170696563e-05,0.0470702594936796,238.89360503972975,1392.2763237752447,300,,,,,,,,
5,1029,Proposed Adaptive NSST-BNF,0.3787912029995525,0.2636563492071453,0.209612914092808,1.0,2.5195134639162267,14.39556018300027,800,1,2287.4397943674794,2315.334598405957,37.43049414879399,-0.2597064957380984,-0.0001121680192214,0.0161663433762721,99.5881933551409,590.3451024836402,300,1.933422769017182,-0.0069019111122352,0.7354280816208926,-0.0213272359724938,1.170750939100346,-4.193080138562363,0.809649882351666,0.5094634706408223
5,1029,Sparse Variational GP,0.5174956057758063,0.3595090876100823,0.267785501537401,1.0,1.9234904939088155,3.548396293999758,700,1,66.07135085876615,67.1483906147595,1.0004865469241233,-0.0106319972860123,-0.0001583358467518,0.0148996355350354,228.74323678578992,372.0636046134237,300,,,,,,,,
5,1029,Stationary Skew-t Neural Model,0.4614243746947117,0.3279458624085201,0.2401170830447106,0.9375,1.9512364866406569,7.980210988000181,600,0,1669.3144395667014,1726.344376823399,105.01664441474492,-0.2167172237462363,-0.0001255353373612,0.0608318049542254,280.20862786177594,1875.3402315471287,300,,,,,,,,
5,1030,Gaussian Neural Model,0.2752907855277585,0.2292900448651226,0.1746677636354469,0.9375,1.513796315147731,4.031173299999864,600,1,1818.3449472554,1835.689975423272,47.72414973102991,-0.1008603644933179,-5.49441168408961e-05,0.0259979355827912,604.7631657219354,2483.811203222212,300,,,,,,,,
5,1030,Proposed Adaptive NSST-BNF,0.2699712536200745,0.2176005658234782,0.1430283221089062,0.9375,1.0135906656785485,12.544848083000034,700,1,2484.3180129324287,2546.1024945674512,65.03965791224417,-0.3171103732335985,-0.0001245473714865,0.0255447917163654,494.6621233730524,3003.481784539424,300,1.8665639323598149,-0.0099344346939085,0.7136162269873062,-0.0021767887172061,1.110593653029459,-3.5083758882968032,0.7230796329286673,0.5884753294807598
5,1030,Sparse Variational GP,0.3063009550396336,0.2160334109137924,0.1558133327195416,0.9375,1.2266404058023526,3.129265471999588,900,1,46.81051417769345,47.42404355462149,0.5202511569904279,-0.0058520226105663,-0.0001233977993425,0.010970198194745,2.328166402934745,2.9451012360825133,300,,,,,,,,
5,1030,Stationary Skew-t Neural Model,0.2997232826828072,0.2502434486011547,0.1835512018832371,1.0,1.5211178687159177,5.1111876330001,500,1,1825.5366310488384,1859.06562309068,44.74809789877329,-0.270491095852078,-0.00014549841194,0.0240702088957892,669.1594226818657,2738.2171447506585,300,,,,,,,,
5,1031,Gaussian Neural Model,0.4041930148313694,0.3475534543051838,0.2304944271391615,1.0,1.9223272996761351,4.708311739000237,600,1,1683.8580109852749,1704.804477087463,30.1231283102711,-0.1232865049709604,-7.231709361861051e-05,0.0176695502124292,369.8881706657642,1498.666287330004,300,,,,,,,,
5,1031,Proposed Adaptive NSST-BNF,0.35228309977019,0.2998582825665068,0.211863863344775,1.0,1.6528260490433893,13.449705399999855,800,1,2269.892622901814,2304.4458550601967,31.297008522870744,-0.2752526227162561,-0.0001194441701079,0.0135811429260303,186.8992300675481,878.6800851270908,300,1.979218782937212,-0.0025217216886876,0.7169105099954499,-0.0004215554465869,1.1481361629186195,-3.343151626941707,0.762431271556909,0.5323258371596691
5,1031,Sparse Variational GP,0.410853953647923,0.3044717158856628,0.2109480593619047,1.0,1.829299165381859,3.158598215999973,900,1,67.33442393918752,67.84121289892578,0.5007971108112873,-0.0054673943699826,-8.059104689251754e-05,0.0073819009037677,1.848590241708851,2.485479630085515,300,,,,,,,,
5,1031,Stationary Skew-t Neural Model,0.4205461554305244,0.3550221700045652,0.2362923964696048,1.0,1.945324321910667,6.594358848999946,600,1,1915.3727526252387,1725.8983192783887,38.462882895730985,-0.1262545254557596,-7.315293377685629e-05,0.0222857178004626,369.9537884009668,1711.62612906044,300,,,,,,,,
5,1032,Gaussian Neural Model,0.2932670935897374,0.2170579613610316,0.1721771676321817,1.0,1.8360933862586972,3.487085583999942,400,1,1736.86651897991,1781.8952875436237,60.31066293457163,-0.5740820847418396,-0.0003221749834319,0.033846356380296,729.7307246551932,4490.976696959063,251,,,,,,,,
5,1032,Proposed Adaptive NSST-BNF,0.2557498569920342,0.1908477116601389,0.123737813523303,1.0,1.0888575183993363,14.704175316000146,700,1,2451.417101273541,2472.123006822713,43.25681528154932,-0.2692351628253313,-0.0001089084815287,0.0174978409901799,487.9244284588641,2257.9570198651822,300,2.0532359300747878,-0.0005571777019526,0.7467902705431879,-0.0001300170421141,1.1286071098620922,-4.224892520077832,0.7300475829078713,0.5793161133274923
5,1032,Sparse Variational GP,0.3404172639885125,0.2741696693534274,0.1797636929961148,1.0,1.275247845928614,3.291176630999871,900,1,48.37821731386195,49.09758407302801,0.6439393629181013,-0.0071772691085003,-0.0001461837531114,0.0131154999798012,2.6611900869317915,7.281824326880401,300,,,,,,,,
5,1032,Stationary Skew-t Neural Model,0.2881229400617862,0.2057018328398512,0.1716250096805925,1.0,1.882276958795708,5.573779064000064,400,1,1769.614150843135,1822.7449664468672,68.5966511611565,-0.4672840424098103,-0.0002563628214651,0.0376337076353989,989.6628437943232,4278.3029864983255,251,,,,,,,,
5,1033,Gaussian Neural Model,0.5591920972270424,0.3741100418549176,0.2779048048033051,0.9375,1.7779929873476186,4.053743754000152,500,1,1750.1476289985785,1802.7081591798203,94.608816921404,-0.2043451919939661,-0.0001133545609994,0.0524814937124643,469.3839019481583,2401.882224182257,300,,,,,,,,
5,1033,Proposed Adaptive NSST-BNF,0.5716696437162477,0.3645402565497537,0.2762150455651393,0.875,1.17660575518242,14.594870506999996,800,1,2393.327430619143,2433.590253143856,45.06811718858053,-0.2526176186037142,-0.0001038044996594,0.0185191887296387,271.3499837425439,1387.7713893910982,300,2.066523908748956,-0.0035273988841573,0.7628449523646006,-0.0023888515468568,1.0383498736156658,-3.375263466836425,0.7524333853570168,0.5223014478142721
5,1033,Sparse Variational GP,0.456161349804291,0.3747667317977173,0.2548508050226573,0.9375,1.7387661201667866,4.583197921999727,900,1,61.72959145154492,62.43744790147734,0.635329142554013,-0.0070368116447608,-0.0001127017820437,0.0101754502130919,11.85634195524724,44.06389049975544,300,,,,,,,,
5,1033,Stationary Skew-t Neural Model,0.570297626487511,0.38924108529001,0.2930904727096033,0.875,1.7588515265694291,5.600003033999656,500,1,1769.8463968567992,1805.981733931768,78.275224483969,-0.2739083036844968,-0.0001516672613782,0.0433422016476088,512.1928361778208,1968.6581744725927,300,,,,,,,,
5,1034,Gaussian Neural Model,0.3538725488214866,0.2197080086866376,0.1663666755072264,0.9375,1.116682835464338,4.21303409300026,500,1,1547.8306140058255,1585.04085490371,30.2753518392382,-0.2593632681511233,-0.0001636319135552,0.019100676014485,144.8549646321739,680.1932471456948,300,,,,,,,,
5,1034,Proposed Adaptive NSST-BNF,0.2612616570874803,0.1624216918849538,0.1162115500700047,1.0,1.2549724867688874,14.07385433799982,800,1,2136.366904646634,2165.469265185061,24.551731455582097,-0.2492917017375659,-0.0001151213299331,0.0113378341823216,99.61221341755066,293.3364071390235,300,1.9182467935698124,-0.0502372577685945,0.725885480192462,-0.0703328893741201,1.1447428917424738,-4.1753738695621205,0.7027768790559387,0.5306207409818731
5,1034,Sparse Variational GP,0.2935868862694045,0.1710378677060696,0.1341353843086326,0.9375,0.9377781197881708,3.956244427999991,1000,0,38.56732839941071,39.32582229790658,0.5720529596247428,-0.0062876884685939,-0.0001598870182792,0.014546497090162,5.141244430041631,138.5281895919655,300,,,,,,,,
5,1034,Stationary Skew-t Neural Model,0.3473698963975245,0.2107961975255134,0.162772133129402,0.9375,1.1829118032596937,6.175001994000013,500,1,1571.2023091685733,1596.8305910279162,31.9153922998048,-0.2767448675994005,-0.0001733088463825,0.0199867114765506,149.74871537879434,567.4074646851797,300,,,,,,,,
5,1035,Gaussian Neural Model,0.7042111085205581,0.5775098257940557,0.4077061213669962,0.875,2.239804941199231,4.621261322999999,600,0,1731.055921525432,1790.3819790600671,107.02641158818476,-0.0424800432483417,-2.37268045284076e-05,0.0597785348824682,661.1989191767067,3063.9568382642706,300,,,,,,,,
5,1035,Proposed Adaptive NSST-BNF,0.723691621695936,0.5553268672108191,0.4273104719152827,0.875,3.4362014700873718,12.356478645000152,700,1,2417.9665852291064,2413.7668867797483,58.776246070760266,-0.3160827509005562,-0.0001309499905031,0.024350423561065,240.4034176875553,1335.532794107036,300,1.800597999413938,-0.0059876321660163,0.7271797803964686,-0.0108060965702025,1.1995004689486068,-4.020771796621398,0.815004471157623,0.5245575271703815
5,1035,Sparse Variational GP,0.5217668562666937,0.4248621122907976,0.323104337131831,1.0,3.2472656105432804,2.979888659999688,700,1,93.8199911695152,95.055376537667,1.0200977853798214,-0.011205413352209,-0.0001178830042061,0.0107316158489528,5.950433245493413,79.82388502432855,300,,,,,,,,
5,1035,Stationary Skew-t Neural Model,0.6952959317591021,0.5615710810429336,0.3979321553785669,0.875,2.383336714148282,6.540903070999775,600,0,1745.0263532947663,1822.2619754650125,123.55243350813558,-0.1866266170053381,-0.0001024148116561,0.0678016855817928,854.3447763267466,3661.131330220263,300,,,,,,,,
5,1036,Gaussian Neural Model,0.1837139837856966,0.1471506845950085,0.1296056538296409,1.0,1.645295978880602,5.095577880999826,600,1,1701.2030284129978,1704.7280524319328,47.297352008739,-0.1267419525537127,-7.434731444285496e-05,0.0277448077077545,601.4007700235998,2439.7545588776884,300,,,,,,,,
5,1036,Proposed Adaptive NSST-BNF,0.1798687493308115,0.1511099292611051,0.1147295120576668,0.9375,1.1357733302239723,14.309293388999777,700,1,2385.125867688157,2420.4683110089377,43.691374238620256,-0.2568674836909949,-0.0001061230516932,0.0180507937409881,526.0030625986988,2223.303450896297,300,1.9421486295633492,-0.0001807354646576,0.748408082188912,-0.0001508879196605,1.0270627699485864,-3.1663846215939984,0.7240519222529723,0.5387084739910831
5,1036,Sparse Variational GP,0.2195813943755293,0.1846219097070903,0.1190531997946658,1.0,1.057223050302048,3.6534554499999103,900,1,36.184801645760906,36.86155641581632,0.5612000343565461,-0.0063305040089185,-0.0001717372955582,0.0152245344180783,2.467769200385842,3.0163545408906187,300,,,,,,,,
5,1036,Stationary Skew-t Neural Model,0.2071274665937802,0.1605340836251574,0.1387480663884213,1.0,1.683487428808387,5.93127642699983,500,1,1703.0241277247496,1743.0457490167985,48.17838762396209,-0.2193253180695689,-0.0001258287788448,0.0276403460156671,674.9936770720506,2503.2236926664164,300,,,,,,,,
5,1037,Gaussian Neural Model,0.5580211856677104,0.378850032691007,0.2962592477308697,0.9375,2.24181889823576,4.362981385000239,600,0,1922.0298644716968,1934.065297686603,143.78740123859177,-0.0813001888895508,-4.2035906950399513e-05,0.0743446466934598,1378.94002181969,6114.9235013063735,300,,,,,,,,
5,1037,Proposed Adaptive NSST-BNF,0.5677631595349253,0.367704127706015,0.2744055761705584,0.9375,2.291957420450456,11.733953698999812,600,1,2447.401589935085,2526.4020855550184,81.67152422013405,-0.7685541775701683,-0.0003042089705215,0.0323272074097389,327.73982899323795,1524.7511435626775,300,1.9696270788819468,-0.005726760997426,0.76545640735064,4.597695842933902e-07,1.1516897039718033,-4.182955585790826,0.8181493359938318,0.4942429576341885
5,1037,Sparse Variational GP,0.5431550611647945,0.4384908288332936,0.3045860406372392,1.0,2.572403726391231,3.523335331999988,700,1,97.44753004545277,99.41255082927783,1.634030483056719,-0.0179311916613417,-0.0001803715075386,0.0164368630462248,99.086655479847,205.9463963868483,300,,,,,,,,
5,1037,Stationary Skew-t Neural Model,0.5306936765673711,0.3636239841693525,0.2822232149831468,0.9375,2.299317465749661,7.131877927000005,600,0,1851.468999725704,1912.4304154612817,87.18713005762648,-0.1502135530778927,-7.85458921085298e-05,0.0455897005991701,999.6990570445402,4911.091696047773,300,,,,,,,,
5,1038,Gaussian Neural Model,0.3557690880862264,0.276422309255622,0.1879903899793747,1.0,1.5364504503736636,3.153566216999934,400,1,1788.7331622882975,1867.986275452087,75.58383381593214,-0.7579875463184921,-0.000405777899056,0.040462735090299,410.7647085775839,1768.8577820483772,251,,,,,,,,
5,1038,Proposed Adaptive NSST-BNF,0.3448768669366764,0.263410267666969,0.1819841763830459,0.8125,0.8317412723424539,13.039335243000096,800,1,2369.2674739018503,2407.9354323618304,43.0408139905178,-0.2193849298374932,-9.110914142008734e-05,0.0178745714739954,260.84647833479335,1175.3144015817932,300,1.8169294518111083,-0.0001766613917335,0.7417248883704496,-0.0079324862770551,1.1521779147075075,-3.814555004239299,0.7394640715426795,0.5418701120210183
5,1038,Sparse Variational GP,0.386145220287024,0.3440002197469285,0.2232487440779076,1.0,1.7964033794770056,2.5859495890003927,700,1,65.03177266600066,65.8728254298345,0.656137799752669,-0.007285361536025,-0.0001105973743874,0.0099606749136873,6.691277443821723,140.9870287603942,300,,,,,,,,
5,1038,Stationary Skew-t Neural Model,0.3546559901447523,0.2806711273872879,0.1880190832431006,1.0,1.4949708311351562,5.8263385469999776,600,1,1788.910154682222,1820.4733504801136,58.195348943177606,-0.2205167460217329,-0.0001211315430481,0.0319671523495961,331.5994189815457,1343.016364493317,300,,,,,,,,
5,1039,Gaussian Neural Model,0.9377419917068112,0.708139095911269,0.5292458865101194,0.75,2.5428065454576307,4.68863905499984,600,0,1983.9124341885752,2069.7411710124625,554.9739198989009,-0.4976322944759257,-0.0002404321378177,0.2681368702867432,3145.749153348377,13545.860672262465,300,,,,,,,,
5,1039,Proposed Adaptive NSST-BNF,0.77885802132771,0.5761306791122822,0.4158975215167902,0.8125,2.666413410822064,17.913229679000324,1000,1,2493.4662644528767,2541.740185226848,100.51224152500862,-0.068734856775528,-2.7042440126268635e-05,0.0395446561018344,498.5566487746412,2640.6127554651825,300,1.87640603716813,-0.0226768689540488,0.725789782737146,-0.0259229780842666,1.0558186789374429,-4.199145916019078,0.8237385119329321,0.4936447240382509
5,1039,Sparse Variational GP,0.7216259283053212,0.6256157521803631,0.4137128048066968,1.0,3.254763527787831,2.7253336439998748,700,1,102.50206563552244,103.91548197837407,1.1921607195558557,-0.0129349514515503,-0.0001244756912568,0.0114724071606957,2.7614552896649176,106.73775897982752,300,,,,,,,,
5,1039,Stationary Skew-t Neural Model,0.9018794388594108,0.6832701005744187,0.5072329217545715,0.75,2.52172915684302,7.766718571000183,600,0,1969.5281033872168,2051.44759915857,469.5491886791117,-0.5526869796704059,-0.0002694131597107,0.2288867572692101,2575.407763945376,15970.16410402994,300,,,,,,,,
5,1040,Gaussian Neural Model,0.3134191017730817,0.2112448773892709,0.1693634132540574,1.0,1.7279179997889251,4.49447241200005,600,1,1765.1919019905984,1796.5636372315223,30.428490558966484,-0.1262635827551262,-7.028060689778653e-05,0.0169370513397768,447.7694684309817,1863.047758239856,300,,,,,,,,
5,1040,Proposed Adaptive NSST-BNF,0.2473769731504543,0.1724180707199125,0.124055569054167,1.0,1.297412195484691,12.126480038999944,800,1,2368.911322087544,2408.773767276268,40.6141158987586,-0.2849762415590869,-0.0001183075992567,0.0168609092520478,279.0291172329102,949.3254750294824,300,1.8142551437791077,-0.0312714753879614,0.7379707519532916,-0.0507880966841642,1.097656513819894,-4.649146849390512,0.7204284989916978,0.6226314742945056
5,1040,Sparse Variational GP,0.3001436509043106,0.2645880072273813,0.1703595252513628,1.0,1.3843283604389285,2.9961272529999405,900,1,49.1892770522547,49.75083787204908,0.498346134544475,-0.0055639397940346,-0.0001118361023053,0.0100168390294476,2.440499830602095,3.5392828319025225,300,,,,,,,,
5,1040,Stationary Skew-t Neural Model,0.3250153519293747,0.219030075851273,0.1752599064710418,1.0,1.834038923666781,7.092769517000306,500,1,1770.4058351013678,1810.6893532550396,42.303396830487365,-0.3538938717521878,-0.0001954470385082,0.0233631444037815,413.7162515180803,1780.609756342025,300,,,,,,,,
